{"stats":{"minecraft:picked_up":{"iter_rpg:spawner_fragment":2,"minecraft:crafting_table":2,"minecraft:cut_sandstone":2,"minecraft:birch_planks":1,"minecraft:cyan_concrete_powder":1,"minecraft:dirt":1,"minecraft:red_bed":1,"minecraft:moss_carpet":1,"minecraft:bone":4,"minecraft:red_sandstone":1,"minecraft:red_sand":18,"minecraft:spruce_planks":4,"minecraft:iron_ingot":1,"minecraft:cobblestone_slab":1,"minecraft:moss_block":1,"minecraft:cyan_concrete":2,"minecraft:oak_slab":1,"minecraft:stick":8,"minecraft:torch":1,"minecraft:acacia_log":3,"minecraft:porkchop":8,"epicfight:skillbook":1,"minecraft:chiseled_sandstone":2,"minecraft:mossy_cobblestone":2,"minecraft:stone_sword":1,"minecraft:arrow":1,"minecraft:lime_carpet":1,"minecraft:rotten_flesh":6,"minecraft:terracotta":11,"valhelsia_structures:unlit_lantern":1,"minecraft:cobblestone":2},"minecraft:killed_by":{"minecraft:player":3,"minecraft:hoglin":1,"minecraft:skeleton":1,"minecraft:creeper":1,"minecraft:pillager":5},"minecraft:crafted":{"minecraft:crafting_table":1,"minecraft:iron_sword":1,"minecraft:red_sandstone":1,"minecraft:iron_chestplate":1,"minecraft:iron_ingot":11,"minecraft:iron_pickaxe":1,"minecraft:iron_leggings":1},"minecraft:dropped":{"valhelsia_structures:unlit_lantern":1},"minecraft:used":{"minecraft:moss_block":1,"minecraft:moss_carpet":1,"epicfight:skillbook":6,"minecraft:water_bucket":6,"minecraft:red_sand":13,"minecraft:birch_planks":1,"minecraft:cut_sandstone":2,"minecraft:iron_sword":38,"minecraft:cobblestone_slab":1,"minecraft:rotten_flesh":2,"minecraft:iron_chestplate":1,"minecraft:golden_apple":1,"minecraft:mossy_cobblestone":2,"minecraft:dirt":1,"minecraft:terracotta":11,"minecraft:crafting_table":2,"minecraft:oak_slab":1,"minecraft:red_bed":1,"minecraft:red_sandstone":2,"minecraft:chiseled_sandstone":2,"minecraft:iron_pickaxe":37,"minecraft:cobblestone":2,"minecraft:bucket":6,"epicfight:uchigatana":19,"minecraft:iron_leggings":1},"minecraft:mined":{"minecraft:sandstone_slab":3,"minecraft:oak_slab":1,"minecraft:cut_sandstone":3,"minecraft:spruce_planks":4,"minecraft:red_bed":1,"minecraft:mossy_cobblestone":2,"minecraft:smooth_sandstone":1,"minecraft:crafting_table":2,"minecraft:red_sand":22,"minecraft:acacia_log":3,"minecraft:cyan_concrete_powder":1,"minecraft:grass_block":1,"minecraft:dead_bush":9,"minecraft:cobblestone":2,"minecraft:moss_block":1,"minecraft:wall_torch":1,"minecraft:spawner":5,"minecraft:birch_planks":1,"minecraft:red_sandstone":1,"minecraft:chiseled_sandstone":3,"valhelsia_structures:cracked_big_glazed_jar":1,"minecraft:cyan_concrete":2,"minecraft:cobblestone_slab":1,"minecraft:terracotta":11},"minecraft:killed":{"minecraft:husk":5,"minecraft:spider":1,"minecraft:hoglin":3,"minecraft:skeleton":1,"minecraft:zombie":5},"minecraft:custom":{"minecraft:mob_kills":15,"minecraft:interact_with_crafting_table":4,"minecraft:open_barrel":1,"minecraft:leave_game":1,"minecraft:time_since_death":1167,"minecraft:climb_one_cm":934,"minecraft:time_since_rest":1206,"minecraft:sprint_one_cm":204232,"minecraft:damage_taken":3711,"minecraft:walk_one_cm":122727,"minecraft:drop":1,"minecraft:damage_dealt":3195,"minecraft:swim_one_cm":379,"minecraft:fly_one_cm":233898,"minecraft:open_chest":10,"minecraft:crouch_one_cm":17002,"minecraft:play_time":34213,"minecraft:sneak_time":4252,"minecraft:deaths":12,"minecraft:walk_under_water_one_cm":2814,"minecraft:jump":718,"minecraft:walk_on_water_one_cm":3335,"minecraft:total_world_time":34213,"minecraft:fall_one_cm":30963}},"DataVersion":3120}