{"stats":{"minecraft:picked_up":{"minecraft:oak_slab":1,"minecraft:stick":6,"minecraft:crafting_table":2,"epicfight:skillbook":1,"minecraft:dirt":1,"minecraft:mossy_cobblestone":2,"minecraft:moss_carpet":1,"minecraft:bone":4,"minecraft:arrow":1,"minecraft:rotten_flesh":2,"minecraft:red_sandstone":1,"minecraft:red_sand":8,"minecraft:spruce_planks":4,"minecraft:iron_ingot":1,"minecraft:cobblestone_slab":1,"minecraft:terracotta":3,"minecraft:moss_block":1,"valhelsia_structures:unlit_lantern":1,"minecraft:cobblestone":2},"minecraft:killed_by":{"minecraft:player":3,"minecraft:hoglin":1,"minecraft:creeper":1,"minecraft:pillager":1},"minecraft:crafted":{"minecraft:iron_chestplate":1,"minecraft:crafting_table":1,"minecraft:iron_ingot":11,"minecraft:iron_pickaxe":1,"minecraft:iron_sword":1,"minecraft:iron_leggings":1,"minecraft:red_sandstone":1},"minecraft:dropped":{"valhelsia_structures:unlit_lantern":1},"minecraft:used":{"minecraft:water_bucket":5,"minecraft:moss_block":1,"epicfight:skillbook":4,"minecraft:moss_carpet":1,"minecraft:red_sandstone":2,"minecraft:red_sand":4,"minecraft:iron_pickaxe":13,"minecraft:iron_sword":22,"minecraft:cobblestone_slab":1,"minecraft:rotten_flesh":2,"minecraft:iron_chestplate":1,"minecraft:mossy_cobblestone":2,"minecraft:dirt":1,"minecraft:terracotta":1,"minecraft:cobblestone":2,"minecraft:oak_slab":1,"minecraft:crafting_table":2,"minecraft:bucket":6,"minecraft:iron_leggings":1},"minecraft:mined":{"minecraft:oak_slab":1,"minecraft:spruce_planks":4,"minecraft:mossy_cobblestone":2,"minecraft:red_sandstone":1,"valhelsia_structures:cracked_big_glazed_jar":1,"minecraft:crafting_table":2,"minecraft:red_sand":12,"minecraft:grass_block":1,"minecraft:cobblestone_slab":1,"minecraft:dead_bush":9,"minecraft:cobblestone":2,"minecraft:terracotta":4,"minecraft:moss_block":1,"minecraft:spawner":1},"minecraft:killed":{"minecraft:skeleton":1,"minecraft:zombie":5,"minecraft:spider":1},"minecraft:custom":{"minecraft:time_since_rest":4031,"minecraft:sprint_one_cm":141068,"minecraft:damage_taken":2123,"minecraft:walk_one_cm":74067,"minecraft:mob_kills":7,"minecraft:drop":1,"minecraft:damage_dealt":1410,"minecraft:walk_under_water_one_cm":931,"minecraft:interact_with_crafting_table":4,"minecraft:fly_one_cm":158062,"minecraft:open_barrel":1,"minecraft:open_chest":5,"minecraft:crouch_one_cm":6854,"minecraft:play_time":22213,"minecraft:deaths":7,"minecraft:sneak_time":2064,"minecraft:jump":510,"minecraft:leave_game":1,"minecraft:walk_on_water_one_cm":352,"minecraft:time_since_death":4006,"minecraft:total_world_time":22213,"minecraft:fall_one_cm":21907}},"DataVersion":3120}