{"stats":{"minecraft:picked_up":{"iter_rpg:spawner_fragment":4,"minecraft:crafting_table":4,"minecraft:ladder":14,"minecraft:string":2,"minecraft:red_bed":13,"minecraft:moss_carpet":1,"minecraft:orange_concrete":41,"minecraft:cyan_carpet":1,"minecraft:red_sand":57,"minecraft:spruce_planks":4,"minecraft:oak_boat":2,"minecraft:cobblestone_slab":1,"minecraft:player_head":7,"minecraft:furnace":2,"minecraft:stick":8,"minecraft:torch":2,"minecraft:acacia_log":3,"epicfight:skillbook":1,"minecraft:porkchop":8,"minecraft:redstone":1,"minecraft:lime_carpet":1,"minecraft:stone_sword":1,"minecraft:arrow":6,"minecraft:rotten_flesh":11,"born_in_chaos_v1:spiny_shell":4,"minecraft:cobblestone":3,"minecraft:cut_sandstone":2,"minecraft:birch_planks":2,"minecraft:oak_log":9,"minecraft:cyan_concrete_powder":1,"minecraft:dirt":1,"minecraft:bone":9,"minecraft:red_sandstone":1,"minecraft:iron_ingot":65,"minecraft:moss_block":1,"minecraft:cyan_concrete":2,"minecraft:oak_planks":5,"minecraft:book":105,"minecraft:oak_slab":1,"minecraft:chiseled_stone_bricks":2,"minecraft:chiseled_sandstone":2,"minecraft:mossy_cobblestone":2,"minecraft:oak_wood":10,"minecraft:lever":2,"minecraft:terracotta":11,"born_in_chaos_v1:rotten_fish":2,"minecraft:oak_sapling":1,"valhelsia_structures:unlit_lantern":1},"minecraft:killed_by":{"minecraft:player":3,"minecraft:creeper":2,"minecraft:pillager":5,"minecraft:hoglin":1,"minecraft:skeleton":3},"minecraft:crafted":{"minecraft:oak_planks":76,"minecraft:red_sandstone":3,"minecraft:iron_axe":1,"minecraft:cooked_porkchop":8,"minecraft:crafting_table":1,"minecraft:iron_helmet":1,"minecraft:iron_sword":1,"minecraft:air":0,"minecraft:oak_boat":1,"minecraft:iron_chestplate":1,"minecraft:shield":1,"minecraft:stick":4,"minecraft:iron_ingot":49,"minecraft:iron_pickaxe":1,"minecraft:gold_ingot":3,"minecraft:iron_leggings":1,"minecraft:acacia_planks":12},"minecraft:dropped":{"minecraft:sand":1,"valhelsia_structures:unlit_lantern":1,"minecraft:bone":1,"minecraft:redstone":1,"minecraft:orange_concrete":1,"minecraft:rotten_flesh":7,"minecraft:oak_planks":2,"aether:iron_gloves":1,"minecraft:oak_sapling":1,"minecraft:ladder":12,"sophisticatedbackpacks:copper_backpack":1},"minecraft:used":{"minecraft:moss_block":1,"minecraft:moss_carpet":1,"minecraft:red_sand":44,"minecraft:orange_concrete":40,"minecraft:ladder":2,"minecraft:shield":6,"minecraft:iron_sword":38,"minecraft:rotten_flesh":2,"minecraft:iron_chestplate":1,"minecraft:torch":2,"minecraft:dirt":1,"minecraft:iron_axe":51,"minecraft:furnace":1,"minecraft:cooked_beef":5,"minecraft:iron_leggings":1,"epicfight:skillbook":9,"minecraft:water_bucket":7,"minecraft:birch_planks":2,"minecraft:oak_planks":16,"minecraft:ender_pearl":4,"minecraft:cut_sandstone":2,"minecraft:cobblestone_slab":1,"minecraft:golden_apple":1,"minecraft:mossy_cobblestone":2,"minecraft:terracotta":11,"minecraft:oak_slab":1,"minecraft:crafting_table":4,"minecraft:red_bed":11,"minecraft:red_sandstone":4,"minecraft:chiseled_sandstone":2,"minecraft:bread":8,"minecraft:iron_pickaxe":86,"minecraft:cyan_carpet":1,"minecraft:cobblestone":3,"minecraft:cooked_porkchop":16,"minecraft:bucket":8,"minecraft:oak_boat":2,"epicfight:uchigatana":97},"minecraft:mined":{"minecraft:spruce_planks":4,"minecraft:mossy_cobblestone":2,"minecraft:ladder":1,"minecraft:acacia_log":3,"minecraft:red_sand":61,"minecraft:grass_block":1,"minecraft:redstone_wire":2,"minecraft:moss_block":1,"minecraft:chiseled_stone_bricks":2,"minecraft:spawner":7,"minecraft:orange_concrete":41,"minecraft:furnace":2,"minecraft:red_sandstone":1,"minecraft:chiseled_sandstone":3,"valhelsia_structures:cracked_big_glazed_jar":1,"minecraft:bookshelf":35,"minecraft:cobblestone_slab":1,"minecraft:cyan_concrete":2,"minecraft:player_head":7,"minecraft:tripwire":3,"minecraft:sandstone_slab":3,"minecraft:oak_slab":1,"minecraft:cut_sandstone":3,"minecraft:red_bed":13,"minecraft:crafting_table":4,"minecraft:smooth_sandstone":1,"minecraft:torch":1,"minecraft:cyan_concrete_powder":1,"minecraft:oak_wood":10,"minecraft:dead_bush":9,"minecraft:cobblestone":3,"biomesoplenty:sprout":1,"minecraft:oak_planks":4,"minecraft:wall_torch":1,"minecraft:birch_planks":4,"minecraft:oak_log":9,"minecraft:cyan_carpet":1,"minecraft:terracotta":11,"minecraft:oak_leaves":2},"minecraft:killed":{"minecraft:spider":1,"born_in_chaos_v1:thornshell_crab":1,"minecraft:skeleton":5,"minecraft:husk":6,"minecraft:zombie_villager":1,"minecraft:hoglin":3,"born_in_chaos_v1:decrepit_skeleton":2,"minecraft:pillager":5,"minecraft:zombie":5},"minecraft:custom":{"minecraft:mob_kills":36,"minecraft:interact_with_crafting_table":11,"minecraft:open_barrel":17,"minecraft:leave_game":5,"minecraft:time_since_death":3717,"minecraft:climb_one_cm":10639,"minecraft:sprint_one_cm":351332,"minecraft:walk_one_cm":393626,"minecraft:damage_blocked_by_shield":490,"minecraft:drop":16,"minecraft:damage_dealt_absorbed":40,"minecraft:play_time":99969,"minecraft:deaths":17,"minecraft:sneak_time":8632,"minecraft:walk_under_water_one_cm":3418,"minecraft:boat_one_cm":417,"minecraft:jump":1390,"minecraft:walk_on_water_one_cm":10910,"minecraft:total_world_time":99969,"minecraft:interact_with_furnace":6,"minecraft:sleep_in_bed":9,"minecraft:time_since_rest":1409,"minecraft:damage_taken":7560,"minecraft:damage_dealt":7399,"minecraft:swim_one_cm":379,"minecraft:fly_one_cm":440206,"minecraft:open_chest":30,"minecraft:crouch_one_cm":35476,"minecraft:fall_one_cm":67247,"minecraft:horse_one_cm":8906}},"DataVersion":3120}