{"stats":{"minecraft:picked_up":{"minecraft:prismarine_shard":2,"minecraft:anvil":4,"artifacts:bunny_hoppers":1,"minecraft:lead":18,"minecraft:oak_stairs":9,"minecraft:brown_bed":6,"minecraft:enchanted_book":18,"minecraft:brewing_stand":1,"minecraft:string":97,"minecraft:gold_nugget":18,"minecraft:cobbled_deepslate":502,"bosses_of_mass_destruction:soul_star":1,"minecraft:spruce_planks":46,"minecraft:written_book":1,"minecraft:melon_slice":144,"minecraft:coal_block":3,"artifacts:universal_attractor":1,"born_in_chaos_v1:shattered_skull":4,"minecraft:green_bed":3,"minecraft:acacia_log":4,"sophisticatedbackpacks:auto_smelting_upgrade":1,"stalwart_dungeons:soul_magma_bricks":2,"minecraft:honey_bottle":5,"minecraft:stone_sword":4,"minecraft:lime_carpet":1,"artifacts:lucky_scarf":1,"artifacts:villager_hat":1,"minecraft:blaze_rod":20,"minecraft:iron_bars":1,"minecraft:snowball":4,"minecraft:birch_log":198,"minecraft:magma_block":4,"minecraft:jungle_log":5737,"minecraft:smoker":8,"minecraft:flint":14,"minecraft:cyan_concrete_powder":1,"stalwart_dungeons:blaze_armor_scrap":7,"minecraft:chipped_anvil":1,"minecraft:stonecutter":3,"iter_rpg:water_fragment":2,"minecraft:moss_block":3,"biomesoplenty:cherry_log":2,"iter_rpg:silky_hivestone":1,"iter_rpg:grimstone":1,"iter_rpg:cracked_hivestone":6,"minecraft:stripped_acacia_wood":5,"bosses_of_mass_destruction:crystal_fruit":3,"minecraft:ink_sac":5,"minecraft:dark_oak_log":5,"minecraft:lever":2,"minecraft:writable_book":1,"minecraft:granite":34,"minecraft:bread":29,"born_in_chaos_v1:rotten_fish":2,"minecraft:bricks":1,"biomesoplenty:redwood_log":1,"luminousworld:groundpebbles_1":8,"minecraft:crafting_table":14,"born_in_chaos_v1:seedof_chaos":2,"born_in_chaos_v1:charmof_resistance":2,"minecraft:red_bed":37,"artifacts:power_glove":1,"born_in_chaos_v1:intoxicating_decoction":4,"minecraft:white_carpet":1,"minecraft:beef":2,"biomesoplenty:cherry_boat":1,"born_in_chaos_v1:gnawed_bones":1,"minecraft:jungle_sapling":378,"minecraft:iron_nugget":8,"minecraft:poppy":3,"minecraft:spruce_slab":9,"minecraft:chest":13,"minecraft:birch_sapling":3,"minecraft:egg":7,"artifacts:charm_of_sinking":1,"sophisticatedbackpacks:crafting_upgrade":1,"minecraft:fire_charge":2,"bosses_of_mass_destruction:void_thorn":2,"born_in_chaos_v1:pieceofdarkmetal":28,"minecraft:carrot":59,"minecraft:redstone":78,"minecraft:prismarine_crystals":1,"born_in_chaos_v1:charmof_fury":1,"minecraft:hay_block":44,"born_in_chaos_v1:spiny_shell":4,"minecraft:gold_ingot":128,"minecraft:totem_of_undying":6,"minecraft:glow_berries":1,"minecraft:mutton":9,"minecraft:stripped_oak_log":1,"securitycraft:reinforced_diamond_block":2,"born_in_chaos_v1:monster_flesh":17,"luminousworld:ishstone":31,"minecraft:oak_log":396,"minecraft:golden_boots":1,"minecraft:blue_bed":12,"minecraft:white_banner":12,"minecraft:apple":1,"minecraft:stone_bricks":2,"minecraft:cobweb":1,"minecraft:glass_bottle":9,"minecraft:gray_bed":13,"epicfight:stone_greatsword":2,"born_in_chaos_v1:orbofthe_summoner":1,"born_in_chaos_v1:ethereal_spirit":10,"minecraft:gravel":34,"born_in_chaos_v1:fangofthe_hound_leader":3,"iter_rpg:hivestone":14,"minecraft:crying_obsidian":1,"biomesoplenty:flowering_oak_sapling":2,"minecraft:oak_wood":10,"biomesoplenty:mahogany_log":1,"minecraft:slime_ball":4,"minecraft:stone_axe":3,"minecraft:gray_wool":1,"minecraft:baked_potato":2,"minecraft:ender_pearl":5,"artifacts:umbrella":1,"born_in_chaos_v1:black_argillite":1,"minecraft:raw_copper":15,"tradingpost:trading_post":1,"minecraft:red_sand":57,"minecraft:bucket":1,"minecraft:cobblestone_slab":1,"minecraft:iron_pickaxe":1,"minecraft:iron_boots":2,"minecraft:furnace":8,"minecraft:tipped_arrow":1,"minecraft:stick":478,"born_in_chaos_v1:phantom_powder":3,"minecraft:torch":17,"minecraft:spruce_stairs":1,"epicfight:skillbook":15,"minecraft:porkchop":69,"minecraft:diorite":23,"born_in_chaos_v1:nightmare_claw":4,"minecraft:rotten_flesh":138,"minecraft:obsidian":22,"minecraft:cobblestone":754,"minecraft:enchanting_table":1,"minecraft:leather_chestplate":1,"minecraft:lilac":2,"minecraft:magma_cream":10,"minecraft:andesite":47,"minecraft:chiseled_quartz_block":1,"minecraft:potato":9,"minecraft:tuff":1,"securitycraft:reinforced_obsidian":14,"iter_rpg:fire_fragment":5,"minecraft:wither_skeleton_skull":1,"minecraft:lapis_lazuli":324,"minecraft:dirt":1424,"born_in_chaos_v1:monster_skin":14,"minecraft:bone":223,"minecraft:acacia_planks":3,"minecraft:orange_tulip":2,"minecraft:bow":2,"minecraft:wheat_seeds":43,"minecraft:raw_gold":4,"minecraft:fletching_table":21,"minecraft:cyan_concrete":2,"minecraft:oak_planks":31,"iter_rpg:spider_silk":12,"minecraft:sand":65,"minecraft:jungle_planks":4,"iter_rpg:stone_geode":2,"minecraft:chiseled_sandstone":2,"minecraft:mossy_cobblestone":3,"minecraft:sugar":2,"minecraft:diamond":110,"artifacts:golden_hook":1,"minecraft:crossbow":1,"minecraft:white_concrete":2,"iter_rpg:hivestone_slab":3,"minecraft:emerald":50,"minecraft:oak_sapling":18,"minecraft:netherrack":334,"valhelsia_structures:unlit_lantern":1,"wom:satsujin":1,"rottencreatures:magma_rotten_flesh":9,"iter_rpg:spawner_fragment":13,"minecraft:cocoa_beans":15,"minecraft:charcoal":4,"born_in_chaos_v1:diamond_termite_shard":10,"artifacts:night_vision_goggles":1,"minecraft:ladder":21,"securitycraft:reinforced_black_stained_glass":8,"minecraft:gold_block":3,"minecraft:diamond_horse_armor":1,"stalwart_dungeons:soul_bricks":18,"minecraft:iron_axe":1,"minecraft:moss_carpet":1,"minecraft:orange_concrete":41,"minecraft:cyan_carpet":1,"minecraft:blackstone":5,"minecraft:candle":5,"minecraft:oak_boat":2,"minecraft:player_head":7,"minecraft:light_gray_wool":12,"minecraft:lectern":14,"minecraft:sugar_cane":34,"minecraft:spruce_trapdoor":1,"minecraft:raw_iron":222,"born_in_chaos_v1:charmof_endurance":1,"minecraft:dark_oak_planks":2,"minecraft:arrow":140,"stalwart_dungeons:raw_tungsten":90,"artifacts:cross_necklace":1,"minecraft:saddle":9,"born_in_chaos_v1:fused_bone":2,"born_in_chaos_v1:corpse_maggot":16,"minecraft:jungle_boat":1,"minecraft:basalt":122,"artifacts:eternal_steak":2,"minecraft:cut_sandstone":2,"biomesoplenty:goldenrod":4,"minecraft:leather":10,"minecraft:birch_planks":18,"minecraft:gunpowder":27,"minecraft:yellow_bed":18,"artifacts:cloud_in_a_bottle":2,"minecraft:red_sandstone":1,"stalwart_dungeons:pusher":3,"minecraft:iron_ingot":243,"wom:agony":2,"minecraft:book":220,"minecraft:oak_slab":1,"minecraft:chiseled_stone_bricks":2,"minecraft:stone_brick_slab":1,"minecraft:quartz":31,"minecraft:raw_iron_block":5,"minecraft:blast_furnace":17,"minecraft:white_bed":2,"minecraft:spruce_door":1,"minecraft:spider_eye":53,"iter_rpg:weaved_hivestone":4,"minecraft:terracotta":11,"minecraft:coal":222,"minecraft:sunflower":1},"minecraft:mined":{"minecraft:dark_oak_planks":2,"biomesoplenty:cherry_log":2,"minecraft:white_bed":2,"minecraft:jungle_leaves":94,"biomesoplenty:brimstone":1,"minecraft:obsidian":22,"minecraft:granite":34,"minecraft:red_sand":61,"minecraft:acacia_log":3,"minecraft:jungle_log":9,"minecraft:coal_block":3,"minecraft:chiseled_stone_bricks":2,"minecraft:spawner":32,"iter_rpg:infested_hivestone":3,"minecraft:orange_concrete":41,"minecraft:cobbled_deepslate":26,"minecraft:fire":21,"minecraft:fletching_table":11,"minecraft:deepslate_lapis_ore":16,"minecraft:enchanting_table":1,"minecraft:sculk_shrieker":4,"biomesoplenty:redwood_log":9,"minecraft:dirt_path":21,"stalwart_dungeons:soul_magma_bricks":2,"minecraft:oak_stairs":1,"minecraft:player_head":7,"minecraft:tripwire":3,"minecraft:sandstone_slab":3,"minecraft:cut_sandstone":3,"minecraft:red_bed":34,"minecraft:smoker":8,"minecraft:soul_fire":1,"biomesoplenty:blackstone_spines":1,"minecraft:torch":3,"minecraft:blast_furnace":17,"minecraft:melon":29,"minecraft:dead_bush":9,"minecraft:sugar_cane":13,"minecraft:bricks":1,"minecraft:grass":92,"luminousworld:grassvariant_3":1,"stalwart_dungeons:pusher":3,"minecraft:stonecutter":1,"minecraft:deepslate":439,"minecraft:light_gray_stained_glass_pane":2,"minecraft:mossy_cobblestone":4,"stalwart_dungeons:soul_bricks":20,"minecraft:dark_oak_log":3,"iter_rpg:cracked_hivestone":1,"minecraft:jungle_planks":3,"born_in_chaos_v1:black_argillite":1,"minecraft:redstone_wire":2,"luminousworld:grassvariant_2":1,"minecraft:moss_block":4,"minecraft:black_stained_glass_pane":1,"bosses_of_mass_destruction:void_blossom":1,"minecraft:jungle_sapling":45,"minecraft:red_sandstone":1,"minecraft:snow":5,"valhelsia_structures:cracked_big_glazed_jar":1,"minecraft:andesite":58,"minecraft:cyan_concrete":2,"minecraft:cobblestone_slab":1,"minecraft:vine":32,"luminousworld:groundpebbles_2":1,"minecraft:oak_slab":1,"minecraft:glass_pane":2,"minecraft:stone_brick_slab":1,"minecraft:smooth_sandstone":1,"minecraft:cyan_concrete_powder":1,"minecraft:tall_grass":2,"minecraft:copper_ore":3,"minecraft:deepslate_gold_ore":2,"minecraft:diorite":24,"stalwart_dungeons:tungsten_ore":35,"minecraft:white_carpet":1,"luminousworld:ishstone":31,"minecraft:sunflower":1,"minecraft:gravel":48,"minecraft:acacia_planks":3,"minecraft:stone_bricks":2,"minecraft:chipped_anvil":1,"minecraft:fern":29,"minecraft:spruce_planks":27,"minecraft:oak_sapling":3,"iter_rpg:weaved_hivestone":3,"minecraft:sculk_vein":13,"minecraft:brewing_stand":1,"minecraft:cave_vines_plant":1,"minecraft:grass_block":676,"biomesoplenty:flowering_oak_leaves":6,"minecraft:white_concrete":2,"minecraft:raw_iron_block":5,"minecraft:iron_ore":78,"minecraft:anvil":4,"minecraft:brown_bed":5,"minecraft:iron_bars":2,"minecraft:spruce_slab":6,"minecraft:green_bed":2,"minecraft:deepslate_redstone_ore":5,"minecraft:blackstone":6,"minecraft:chest":13,"tradingpost:trading_post":1,"minecraft:nether_quartz_ore":2,"minecraft:cobblestone":38,"minecraft:oak_planks":21,"minecraft:wall_torch":8,"biomesoplenty:goldenrod":3,"minecraft:seagrass":1,"minecraft:orange_tulip":1,"biomesoplenty:clover":61,"minecraft:oak_log":17,"minecraft:sand":65,"minecraft:dirt":692,"minecraft:netherrack":436,"luminousworld:savannah_grass_4":1,"minecraft:oak_leaves":15,"luminousworld:groundpebbles_1":3,"minecraft:crying_obsidian":1,"minecraft:tuff":3,"minecraft:deepslate_diamond_ore":30,"luminousworld:grassvariant_4":3,"born_in_chaos_v1:infected_diamond_ore":8,"minecraft:ladder":8,"luminousworld:groundpebbles_3":1,"minecraft:hay_block":44,"minecraft:furnace":8,"minecraft:chiseled_sandstone":3,"minecraft:gold_block":2,"minecraft:bookshelf":60,"minecraft:deepslate_iron_ore":47,"minecraft:stripped_oak_log":1,"minecraft:stone":731,"minecraft:basalt":148,"minecraft:crafting_table":13,"minecraft:oak_wood":10,"minecraft:lectern":12,"biomesoplenty:sprout":3,"minecraft:lapis_ore":9,"iter_rpg:hivestone":6,"minecraft:sculk":8,"minecraft:blue_bed":12,"minecraft:spruce_stairs":1,"minecraft:birch_planks":18,"biomesoplenty:mahogany_log":1,"minecraft:gray_bed":12,"iter_rpg:silky_hivestone":1,"minecraft:yellow_bed":18,"minecraft:coal_ore":44,"minecraft:cyan_carpet":1,"minecraft:terracotta":11,"minecraft:stripped_acacia_wood":6},"minecraft:killed_by":{"minecraft:pillager":5,"minecraft:ravager":1,"minecraft:vindicator":12,"born_in_chaos_v1:siamese_skeletons":2,"minecraft:zombie":2,"born_in_chaos_v1:dire_hound_leader":1,"minecraft:vex":29,"iter_rpg:fire_elemental":1,"born_in_chaos_v1:restless_spirit":1,"born_in_chaos_v1:siamese_skeletonsleft":1,"luminousworld:savannah_zombie":1,"minecraft:wither_skeleton":6,"minecraft:creeper":5,"born_in_chaos_v1:spirit_guide":1,"minecraft:piglin":1,"minecraft:blaze":1,"minecraft:player":3,"born_in_chaos_v1:skeleton_thrasher":1,"minecraft:iron_golem":1,"minecraft:hoglin":2,"minecraft:skeleton":7,"minecraft:phantom":4,"born_in_chaos_v1:corpse_fish":1,"luminousworld:savannah_skeleton":2},"minecraft:broken":{"minecraft:iron_leggings":1,"minecraft:iron_sword":2,"minecraft:shield":1,"minecraft:iron_axe":12,"minecraft:iron_pickaxe":5,"minecraft:iron_helmet":2,"minecraft:iron_shovel":1,"minecraft:flint_and_steel":1,"minecraft:diamond_axe":2},"minecraft:used":{"minecraft:moss_block":1,"minecraft:writable_book":1,"minecraft:spruce_slab":8,"minecraft:ladder":2,"minecraft:chest":35,"minecraft:rotten_flesh":2,"minecraft:snowball":2,"minecraft:jungle_sapling":368,"minecraft:lava_bucket":13,"minecraft:birch_sapling":1,"minecraft:oak_sapling":16,"minecraft:furnace":8,"player_companions:samurai_default":19,"minecraft:egg":7,"minecraft:diorite":4,"minecraft:spruce_door":1,"minecraft:blackstone":2,"artifacts:eternal_steak":86,"biomesoplenty:flowering_oak_sapling":1,"minecraft:jungle_boat":3,"minecraft:golden_apple":16,"minecraft:sand":1,"stalwart_dungeons:soul_bricks":2,"minecraft:blast_furnace":17,"securitycraft:universal_block_remover":14,"minecraft:red_sandstone":4,"minecraft:chiseled_sandstone":2,"minecraft:crying_obsidian":1,"minecraft:cyan_carpet":1,"minecraft:lectern":13,"minecraft:lilac":2,"minecraft:fire_charge":1,"minecraft:smithing_table":2,"minecraft:oak_boat":2,"minecraft:iron_bars":1,"minecraft:enchanting_table":2,"minecraft:orange_concrete":40,"minecraft:netherrack":146,"minecraft:torch":198,"securitycraft:reinforced_obsidian":14,"minecraft:brewing_stand":1,"minecraft:anvil":2,"minecraft:oak_fence_gate":6,"minecraft:chipped_anvil":1,"minecraft:iron_axe":329,"minecraft:jungle_log":16,"minecraft:totem_of_undying":2,"epicfight:stone_greatsword":6,"minecraft:basalt":90,"minecraft:acacia_planks":11,"minecraft:cobbled_deepslate":272,"minecraft:water_bucket":44,"minecraft:birch_planks":293,"minecraft:fletching_table":16,"biomesoplenty:mahogany_log":1,"minecraft:mossy_cobblestone":3,"minecraft:oak_slab":7,"minecraft:tnt":7,"minecraft:crafting_table":18,"minecraft:red_bed":37,"minecraft:white_bed":2,"minecraft:oak_log":1,"minecraft:diamond_pickaxe":1322,"minecraft:diamond_shovel":908,"minecraft:iron_pickaxe":1271,"minecraft:cobblestone":227,"minecraft:potion":2,"minecraft:porkchop":5,"minecraft:cooked_porkchop":52,"minecraft:diamond_leggings":1,"epicfight:uchigatana":227,"wom:satsujin":1274,"stalwart_dungeons:pusher":3,"minecraft:moss_carpet":1,"minecraft:red_sand":44,"minecraft:iron_shovel":393,"minecraft:shield":51,"minecraft:iron_sword":559,"minecraft:player_head":7,"minecraft:iron_chestplate":1,"minecraft:mutton":1,"artifacts:umbrella":28,"minecraft:jungle_planks":209,"minecraft:tuff":1,"minecraft:obsidian":35,"wom:agony":15,"minecraft:bricks":1,"minecraft:stone_bricks":1,"minecraft:written_book":1,"minecraft:gray_bed":13,"epicfight:skillbook":19,"minecraft:oak_planks":278,"minecraft:ender_pearl":7,"luminousworld:groundpebbles_1":2,"minecraft:sugar_cane":7,"minecraft:diamond_axe":159,"tradingpost:trading_post":2,"minecraft:blue_bed":12,"iter_rpg:weaved_hivestone":2,"minecraft:birch_fence_gate":6,"minecraft:melon_slice":144,"minecraft:bread":34,"minecraft:deepslate":3,"minecraft:gravel":19,"minecraft:grindstone":1,"minecraft:andesite":1,"minecraft:white_concrete":2,"minecraft:bone_meal":299,"minecraft:flint_and_steel":123,"minecraft:spruce_planks":29,"minecraft:cooked_chicken":3,"minecraft:dirt":813,"minecraft:white_carpet":1,"minecraft:spruce_stairs":1,"minecraft:granite":11,"biomesoplenty:redwood_log":1,"minecraft:stone_brick_slab":1,"minecraft:dark_oak_planks":2,"minecraft:bookshelf":30,"wom:netherite_belt":1,"minecraft:oak_stairs":6,"minecraft:golden_carrot":60,"minecraft:cooked_beef":5,"minecraft:brown_bed":6,"minecraft:iron_leggings":2,"minecraft:baked_potato":1,"minecraft:cut_sandstone":2,"iter_rpg:hivestone":1,"luminousworld:ishstone":1,"minecraft:stonecutter":1,"minecraft:green_bed":3,"minecraft:cobblestone_slab":1,"minecraft:terracotta":11,"minecraft:smoker":8,"minecraft:apple":2,"biomesoplenty:cherry_boat":1,"minecraft:white_banner":12,"minecraft:bucket":57,"minecraft:yellow_bed":18,"minecraft:gray_wool":1,"minecraft:splash_potion":8},"minecraft:dropped":{"minecraft:porkchop":13,"minecraft:glass_bottle":5,"minecraft:diamond":64,"minecraft:orange_tulip":2,"sophisticatedbackpacks:auto_smelting_upgrade":1,"minecraft:dark_oak_button":2,"iter_rpg:stone_geode":1,"biomesoplenty:cherry_boat":1,"minecraft:fletching_table":5,"born_in_chaos_v1:nightmare_claw":2,"born_in_chaos_v1:monster_flesh":3,"minecraft:dirt":41,"artifacts:charm_of_sinking":1,"minecraft:jungle_sapling":1,"minecraft:gold_nugget":2,"minecraft:sand":1,"minecraft:iron_pickaxe":2,"valhelsia_structures:unlit_lantern":1,"rottencreatures:magma_rotten_flesh":9,"minecraft:bone":17,"wom:agony":2,"minecraft:stone_axe":2,"artifacts:power_glove":1,"minecraft:iron_nugget":7,"minecraft:cobbled_deepslate":73,"minecraft:birch_sapling":2,"minecraft:wheat":44,"minecraft:rotten_flesh":113,"minecraft:oak_planks":11,"minecraft:tipped_arrow":1,"artifacts:umbrella":1,"minecraft:ladder":19,"minecraft:beef":1,"minecraft:lectern":1,"minecraft:enchanted_book":5,"minecraft:golden_boots":1,"minecraft:wheat_seeds":37,"luminousworld:ishstone":30,"minecraft:cobblestone":160,"minecraft:book":21,"minecraft:granite":15,"minecraft:coal":8,"minecraft:cobweb":1,"stalwart_dungeons:soul_bricks":16,"stalwart_dungeons:blaze_armor_scrap":2,"artifacts:lucky_scarf":1,"born_in_chaos_v1:black_argillite":1,"biomesoplenty:goldenrod":4,"minecraft:oak_stairs":2,"minecraft:string":6,"biomesoplenty:cherry_planks":3,"minecraft:stone_sword":4,"minecraft:cocoa_beans":15,"minecraft:orange_concrete":1,"minecraft:iron_boots":3,"artifacts:golden_hook":1,"minecraft:potato":26,"minecraft:spruce_planks":13,"artifacts:eternal_steak":2,"minecraft:spider_eye":23,"sophisticatedbackpacks:copper_backpack":1,"minecraft:bow":2,"minecraft:magma_block":4,"iter_rpg:hivestone":13,"minecraft:moss_block":2,"minecraft:candle":1,"stalwart_dungeons:soul_magma_bricks":2,"wom:diamond_armbracelet":1,"minecraft:oak_log":2,"minecraft:baked_potato":13,"minecraft:leather":3,"minecraft:jungle_planks":3,"minecraft:flint":3,"artifacts:night_vision_goggles":1,"minecraft:dark_oak_log":2,"born_in_chaos_v1:monster_skin":6,"minecraft:mutton":8,"biomesoplenty:flowering_oak_sapling":1,"minecraft:gravel":5,"minecraft:blackstone":3,"born_in_chaos_v1:ethereal_spirit":1,"iter_rpg:cracked_hivestone":6,"minecraft:carrot":59,"minecraft:poppy":2,"born_in_chaos_v1:corpse_maggot":14,"minecraft:arrow":19,"minecraft:quartz":5,"minecraft:netherrack":138,"minecraft:bread":185,"minecraft:stick":61,"minecraft:diorite":19,"minecraft:iron_leggings":1,"epicfight:stone_greatsword":2,"minecraft:stonecutter":1,"minecraft:iron_axe":1,"sophisticatedbackpacks:crafting_upgrade":1,"minecraft:bucket":1,"minecraft:redstone":21,"iter_rpg:grimstone":1,"minecraft:blaze_rod":6,"minecraft:chiseled_quartz_block":1,"minecraft:raw_copper":15,"wom:satsujin":1,"minecraft:stripped_oak_log":1,"minecraft:stripped_acacia_wood":3,"minecraft:flint_and_steel":1,"minecraft:filled_map":2,"aether:iron_gloves":2,"minecraft:andesite":43,"luminousworld:groundpebbles_1":6,"minecraft:oak_sapling":2,"artifacts:cross_necklace":1,"minecraft:slime_ball":2,"minecraft:raw_gold":2,"minecraft:magma_cream":4},"minecraft:custom":{"minecraft:interact_with_crafting_table":87,"minecraft:open_barrel":91,"minecraft:eat_cake_slice":4,"minecraft:leave_game":42,"minecraft:time_since_death":77372,"minecraft:damage_blocked_by_shield":4575,"minecraft:play_time":1294665,"minecraft:deaths":96,"minecraft:jump":13116,"minecraft:enchant_item":20,"minecraft:interact_with_furnace":15,"minecraft:traded_with_villager":1789,"minecraft:sleep_in_bed":70,"minecraft:damage_dealt":148126,"minecraft:interact_with_smoker":9,"minecraft:horse_one_cm":19004,"minecraft:interact_with_smithing_table":4,"minecraft:interact_with_anvil":13,"minecraft:damage_dealt_absorbed":5144,"minecraft:sneak_time":52352,"minecraft:interact_with_blast_furnace":19,"minecraft:total_world_time":1294665,"minecraft:interact_with_stonecutter":1,"minecraft:time_since_rest":31473,"minecraft:swim_one_cm":201981,"minecraft:fly_one_cm":7571118,"minecraft:open_chest":775,"minecraft:fall_one_cm":1229519,"minecraft:sprint_one_cm":3001784,"minecraft:drop":332,"minecraft:talked_to_villager":83,"minecraft:interact_with_brewingstand":1,"minecraft:walk_on_water_one_cm":111591,"minecraft:crouch_one_cm":265794,"minecraft:mob_kills":897,"minecraft:damage_dealt_resisted":3206,"minecraft:climb_one_cm":92079,"minecraft:walk_one_cm":4613611,"minecraft:raid_win":1,"minecraft:walk_under_water_one_cm":193954,"minecraft:boat_one_cm":3447,"minecraft:raid_trigger":2,"minecraft:interact_with_grindstone":12,"minecraft:damage_taken":55408,"minecraft:damage_absorbed":634,"minecraft:trigger_trapped_chest":4},"minecraft:killed":{"minecraft:cave_spider":6,"born_in_chaos_v1:restless_spirit":2,"born_in_chaos_v1:zombie_lumberjack":7,"born_in_chaos_v1:skeleton_demoman":2,"born_in_chaos_v1:siamese_skeletonsright":2,"born_in_chaos_v1:baby_skeleton_minion":2,"minecraft:skeleton":58,"born_in_chaos_v1:skeleton_thrasher":2,"minecraft:magma_cube":23,"born_in_chaos_v1:bone_imp":1,"minecraft:pillager":58,"minecraft:zombie":51,"stalwart_dungeons:incomplete_wither":4,"born_in_chaos_v1:corpse_fly":14,"cataclysm:deepling":1,"born_in_chaos_v1:door_knight":3,"iter_rpg:griever":1,"minecraft:evoker":4,"minecraft:vindicator":31,"born_in_chaos_v1:thornshell_crab":1,"minecraft:horse":1,"born_in_chaos_v1:dire_hound_leader":1,"iter_rpg:hobgoblin":2,"rottencreatures:undead_miner":5,"iter_rpg:water_elemental":1,"minecraft:husk":6,"iter_rpg:peeper":7,"minecraft:wandering_trader":3,"minecraft:ravager":6,"iter_rpg:blob":2,"born_in_chaos_v1:decrepit_skeleton":17,"iter_rpg:goblin_warrior":4,"born_in_chaos_v1:dark_vortex":2,"iter_rpg:giant_spider":14,"minecraft:enderman":3,"iter_rpg:goblin":3,"born_in_chaos_v1:zombie_clown":3,"minecraft:zombified_piglin":4,"minecraft:witch":7,"born_in_chaos_v1:seared_spirit":1,"rottencreatures:burned":2,"minecraft:spider":25,"player_companions:fairy":1,"minecraft:silverfish":72,"artifacts:mimic":4,"minecraft:piglin":2,"born_in_chaos_v1:bonescaller":1,"minecraft:pig":22,"minecraft:zombie_villager":7,"born_in_chaos_v1:diamond_termite":12,"born_in_chaos_v1:glutton_fish":1,"iter_rpg:spiderling":167,"minecraft:creeper":11,"luminousworld:blue_monarch":1,"minecraft:sheep":1,"minecraft:trader_llama":6,"luminousworld:savannah_skeleton":12,"born_in_chaos_v1:dread_hound":6,"cave_dweller:cave_dweller":1,"minecraft:blaze":7,"born_in_chaos_v1:siamese_skeletonsleft":2,"minecraft:vex":7,"born_in_chaos_v1:missioner":2,"luminousworld:sunken_skeleton":2,"born_in_chaos_v1:zombie_bruiser":2,"born_in_chaos_v1:maggot":22,"iter_rpg:fire_elemental":2,"minecraft:phantom":2,"minecraft:drowned":1,"born_in_chaos_v1:corpse_fish":3,"luminousworld:savannah_zombie":10,"stalwart_dungeons:reinforced_blaze":9,"born_in_chaos_v1:baby_skeleton":7,"born_in_chaos_v1:swarmer":1,"minecraft:bat":1,"bosses_of_mass_destruction:void_blossom":1,"minecraft:hoglin":6,"minecraft:squid":2,"born_in_chaos_v1:phantom_creeper_copy":2,"born_in_chaos_v1:decaying_zombie":2,"born_in_chaos_v1:nightmare_stalker":2,"minecraft:wither_skeleton":30,"minecraft:villager":6},"minecraft:crafted":{"minecraft:black_dye":5,"minecraft:birch_slab":60,"minecraft:bookshelf":38,"minecraft:diamond_helmet":1,"minecraft:diamond_leggings":1,"minecraft:birch_fence_gate":6,"minecraft:emerald":2319,"minecraft:cooked_porkchop":51,"minecraft:diamond_axe":2,"minecraft:jungle_boat":3,"minecraft:smithing_table":1,"biomesoplenty:cherry_boat":1,"minecraft:fletching_table":9,"minecraft:lectern":5,"minecraft:stone_slab":6,"minecraft:iron_pickaxe":5,"minecraft:iron_block":22,"minecraft:gold_ingot":320,"minecraft:bone_meal":299,"securitycraft:universal_block_remover":1,"tradingpost:trading_post":1,"minecraft:diamond_boots":1,"minecraft:redstone_block":2,"minecraft:dark_oak_planks":12,"minecraft:lead":2,"minecraft:wheat":234,"minecraft:enchanting_table":1,"sophisticatedbackpacks:gold_backpack":2,"minecraft:dark_oak_button":2,"minecraft:bone":6,"minecraft:enchanted_book":24,"wom:satsujin":2,"minecraft:oak_fence_gate":6,"minecraft:golden_apple":41,"minecraft:flint":10,"minecraft:iron_shovel":2,"minecraft:iron_leggings":2,"minecraft:grindstone":1,"player_companions:tame_apple":4,"minecraft:oak_planks":1612,"biomesoplenty:cherry_planks":8,"minecraft:stone":3,"minecraft:red_sandstone":3,"securitycraft:laser_block":2,"minecraft:iron_boots":1,"minecraft:chest":15,"minecraft:oak_slab":6,"sophisticatedbackpacks:backpack":1,"minecraft:crafting_table":132,"minecraft:iron_helmet":1,"securitycraft:universal_block_reinforcer_lvl2":1,"minecraft:gold_block":31,"minecraft:birch_planks":788,"minecraft:iron_chestplate":1,"minecraft:diamond_pickaxe":2,"minecraft:emerald_block":128,"minecraft:shield":2,"sophisticatedbackpacks:diamond_backpack":1,"minecraft:stick":46091,"minecraft:iron_ingot":186,"securitycraft:universal_block_reinforcer_lvl1":1,"minecraft:raw_iron":45,"minecraft:coal":27,"minecraft:diamond_block":2,"minecraft:glass_pane":16,"minecraft:leather":4,"minecraft:iron_axe":11,"sophisticatedbackpacks:iron_backpack":1,"minecraft:iron_sword":1,"minecraft:bread":68,"minecraft:air":0,"minecraft:jungle_planks":22356,"minecraft:black_stained_glass":8,"minecraft:oak_boat":1,"minecraft:acacia_planks":20,"minecraft:torch":180,"minecraft:diamond_chestplate":1}},"DataVersion":3120}