{"stats":{"minecraft:dropped":{"minecraft:wheat_seeds":19,"minecraft:cobblestone":2,"minecraft:stick":2,"minecraft:dirt":19,"minecraft:sand":1,"valhelsia_structures:unlit_lantern":1,"minecraft:bone":1,"minecraft:redstone":1,"minecraft:iron_nugget":1,"minecraft:raw_copper":3,"minecraft:orange_concrete":1,"minecraft:rotten_flesh":7,"minecraft:oak_planks":2,"aether:iron_gloves":1,"luminousworld:groundpebbles_1":6,"minecraft:oak_sapling":1,"minecraft:ladder":12,"sophisticatedbackpacks:copper_backpack":1},"minecraft:custom":{"minecraft:mob_kills":48,"minecraft:interact_with_crafting_table":20,"minecraft:open_barrel":18,"minecraft:eat_cake_slice":2,"minecraft:leave_game":9,"minecraft:time_since_death":94596,"minecraft:climb_one_cm":12967,"minecraft:sprint_one_cm":437549,"minecraft:walk_one_cm":617299,"minecraft:damage_blocked_by_shield":530,"minecraft:drop":27,"minecraft:damage_dealt_absorbed":88,"minecraft:talked_to_villager":1,"minecraft:play_time":190848,"minecraft:sneak_time":21009,"minecraft:deaths":17,"minecraft:walk_under_water_one_cm":9866,"minecraft:boat_one_cm":417,"minecraft:jump":1817,"minecraft:interact_with_blast_furnace":6,"minecraft:walk_on_water_one_cm":17268,"minecraft:total_world_time":190848,"minecraft:interact_with_furnace":6,"minecraft:sleep_in_bed":15,"minecraft:time_since_rest":15149,"minecraft:damage_taken":7910,"minecraft:damage_dealt":10034,"minecraft:swim_one_cm":7118,"minecraft:fly_one_cm":556572,"minecraft:open_chest":51,"minecraft:crouch_one_cm":123017,"minecraft:fall_one_cm":84915,"minecraft:horse_one_cm":18716},"minecraft:mined":{"minecraft:dark_oak_planks":2,"luminousworld:groundpebbles_1":3,"minecraft:spruce_planks":11,"minecraft:mossy_cobblestone":2,"minecraft:ladder":1,"minecraft:red_sand":61,"minecraft:acacia_log":3,"minecraft:grass_block":279,"minecraft:jungle_planks":2,"minecraft:redstone_wire":2,"minecraft:coal_block":3,"minecraft:moss_block":1,"minecraft:chiseled_stone_bricks":2,"minecraft:spawner":7,"minecraft:orange_concrete":41,"minecraft:raw_iron_block":5,"minecraft:furnace":4,"minecraft:iron_ore":3,"minecraft:red_sandstone":1,"minecraft:chiseled_sandstone":3,"valhelsia_structures:cracked_big_glazed_jar":1,"minecraft:anvil":3,"minecraft:gold_block":1,"minecraft:brown_bed":2,"minecraft:bookshelf":40,"minecraft:cyan_concrete":2,"minecraft:cobblestone_slab":1,"minecraft:stone":2,"minecraft:player_head":7,"minecraft:spruce_slab":5,"minecraft:tripwire":3,"minecraft:green_bed":1,"minecraft:sandstone_slab":3,"minecraft:oak_slab":1,"minecraft:cut_sandstone":3,"minecraft:red_bed":22,"minecraft:smoker":2,"minecraft:smooth_sandstone":1,"minecraft:crafting_table":5,"minecraft:torch":1,"minecraft:blast_furnace":4,"minecraft:cyan_concrete_powder":1,"minecraft:oak_wood":10,"minecraft:dead_bush":9,"minecraft:lectern":1,"minecraft:copper_ore":1,"minecraft:cobblestone":3,"biomesoplenty:sprout":1,"minecraft:sugar_cane":3,"minecraft:oak_planks":5,"minecraft:bricks":1,"minecraft:blue_bed":1,"minecraft:wall_torch":2,"minecraft:birch_planks":7,"minecraft:gray_bed":4,"minecraft:yellow_bed":3,"minecraft:grass":6,"biomesoplenty:clover":10,"minecraft:oak_log":9,"minecraft:gravel":2,"minecraft:cyan_carpet":1,"minecraft:dirt":95,"minecraft:terracotta":11,"minecraft:chipped_anvil":1,"minecraft:oak_leaves":2},"minecraft:used":{"minecraft:moss_block":1,"minecraft:moss_carpet":1,"minecraft:red_sand":44,"minecraft:iron_shovel":364,"minecraft:orange_concrete":40,"minecraft:spruce_slab":8,"minecraft:ladder":2,"minecraft:chest":8,"minecraft:spruce_planks":7,"minecraft:shield":7,"minecraft:iron_sword":47,"minecraft:rotten_flesh":2,"minecraft:iron_chestplate":1,"minecraft:torch":2,"minecraft:dirt":367,"minecraft:jungle_planks":2,"minecraft:dark_oak_planks":2,"minecraft:chipped_anvil":1,"minecraft:bricks":1,"minecraft:iron_axe":102,"minecraft:furnace":3,"minecraft:gray_bed":5,"minecraft:cooked_beef":5,"minecraft:brown_bed":3,"minecraft:iron_leggings":1,"minecraft:water_bucket":11,"epicfight:skillbook":9,"minecraft:birch_planks":265,"minecraft:oak_planks":60,"minecraft:ender_pearl":4,"minecraft:blue_bed":1,"minecraft:cut_sandstone":2,"minecraft:sugar_cane":7,"minecraft:green_bed":2,"minecraft:cobblestone_slab":1,"minecraft:golden_apple":1,"minecraft:mossy_cobblestone":2,"minecraft:terracotta":11,"minecraft:oak_slab":7,"minecraft:crafting_table":7,"minecraft:red_bed":25,"minecraft:blast_furnace":4,"minecraft:smoker":2,"minecraft:red_sandstone":4,"minecraft:chiseled_sandstone":2,"minecraft:bread":16,"minecraft:iron_pickaxe":126,"minecraft:cyan_carpet":1,"minecraft:cobblestone":3,"minecraft:cooked_porkchop":16,"minecraft:bucket":12,"minecraft:yellow_bed":3,"minecraft:oak_boat":2,"epicfight:uchigatana":135},"minecraft:killed":{"born_in_chaos_v1:zombie_lumberjack":1,"minecraft:spider":1,"minecraft:vindicator":1,"luminousworld:sunken_skeleton":2,"born_in_chaos_v1:thornshell_crab":1,"minecraft:skeleton":5,"minecraft:drowned":1,"minecraft:husk":6,"minecraft:zombie_villager":1,"minecraft:hoglin":3,"born_in_chaos_v1:decrepit_skeleton":2,"minecraft:pillager":6,"minecraft:zombie":10,"minecraft:villager":1},"minecraft:broken":{"minecraft:iron_shovel":1,"minecraft:iron_axe":1},"minecraft:crafted":{"minecraft:oak_planks":76,"minecraft:raw_iron":45,"minecraft:coal":27,"minecraft:red_sandstone":3,"minecraft:iron_axe":1,"minecraft:chest":8,"minecraft:lead":2,"minecraft:oak_slab":6,"minecraft:cooked_porkchop":8,"minecraft:crafting_table":2,"minecraft:iron_helmet":1,"minecraft:iron_sword":1,"minecraft:birch_planks":584,"minecraft:air":0,"minecraft:oak_boat":1,"minecraft:iron_chestplate":1,"minecraft:shield":1,"minecraft:stick":92,"minecraft:iron_ingot":110,"minecraft:iron_pickaxe":1,"minecraft:gold_ingot":3,"minecraft:iron_shovel":2,"minecraft:iron_leggings":1,"minecraft:acacia_planks":12},"minecraft:killed_by":{"minecraft:player":3,"minecraft:creeper":2,"minecraft:pillager":5,"minecraft:hoglin":1,"minecraft:skeleton":3},"minecraft:picked_up":{"iter_rpg:spawner_fragment":4,"luminousworld:groundpebbles_1":6,"minecraft:crafting_table":5,"minecraft:ladder":14,"minecraft:anvil":3,"minecraft:brown_bed":3,"minecraft:gold_block":1,"minecraft:string":2,"minecraft:red_bed":25,"minecraft:moss_carpet":1,"minecraft:raw_copper":3,"minecraft:orange_concrete":41,"minecraft:cyan_carpet":1,"minecraft:red_sand":57,"minecraft:spruce_planks":11,"minecraft:oak_boat":2,"minecraft:cobblestone_slab":1,"minecraft:player_head":7,"minecraft:spruce_slab":8,"minecraft:lectern":1,"minecraft:sugar_cane":7,"minecraft:coal_block":3,"minecraft:furnace":4,"minecraft:stick":14,"minecraft:raw_iron":3,"born_in_chaos_v1:shattered_skull":1,"minecraft:torch":3,"minecraft:acacia_log":3,"minecraft:green_bed":2,"epicfight:skillbook":1,"minecraft:porkchop":8,"minecraft:redstone":1,"minecraft:dark_oak_planks":2,"minecraft:stone_sword":1,"minecraft:lime_carpet":1,"minecraft:arrow":6,"minecraft:rotten_flesh":11,"born_in_chaos_v1:spiny_shell":4,"minecraft:cobblestone":5,"minecraft:birch_log":146,"minecraft:cut_sandstone":2,"minecraft:smoker":2,"minecraft:birch_planks":5,"minecraft:oak_log":9,"minecraft:yellow_bed":3,"minecraft:blue_bed":1,"minecraft:cyan_concrete_powder":1,"minecraft:dirt":386,"minecraft:bone":9,"minecraft:chipped_anvil":1,"minecraft:red_sandstone":1,"minecraft:wheat_seeds":19,"minecraft:iron_ingot":65,"minecraft:moss_block":1,"minecraft:gray_bed":5,"minecraft:cyan_concrete":2,"minecraft:oak_planks":6,"minecraft:book":120,"minecraft:oak_slab":1,"minecraft:chiseled_stone_bricks":2,"minecraft:raw_iron_block":5,"minecraft:gravel":2,"minecraft:jungle_planks":2,"minecraft:blast_furnace":4,"minecraft:chiseled_sandstone":2,"minecraft:mossy_cobblestone":2,"minecraft:oak_wood":10,"minecraft:lever":2,"minecraft:terracotta":11,"minecraft:oak_sapling":1,"born_in_chaos_v1:rotten_fish":2,"valhelsia_structures:unlit_lantern":1,"minecraft:bricks":1,"minecraft:coal":55}},"DataVersion":3120}