{"stats":{"minecraft:picked_up":{"iter_rpg:spawner_fragment":2,"minecraft:crafting_table":3,"minecraft:ladder":14,"minecraft:cut_sandstone":2,"minecraft:birch_planks":1,"minecraft:oak_log":9,"minecraft:orange_concrete":29,"minecraft:dirt":1,"minecraft:cyan_concrete_powder":1,"minecraft:red_bed":10,"minecraft:moss_carpet":1,"minecraft:bone":7,"minecraft:red_sandstone":1,"minecraft:red_sand":57,"minecraft:spruce_planks":4,"minecraft:iron_ingot":1,"minecraft:cobblestone_slab":1,"minecraft:player_head":7,"minecraft:moss_block":1,"minecraft:cyan_concrete":2,"minecraft:oak_planks":2,"minecraft:furnace":2,"minecraft:book":105,"minecraft:oak_slab":1,"minecraft:stick":8,"minecraft:torch":2,"minecraft:acacia_log":3,"epicfight:skillbook":1,"minecraft:porkchop":8,"minecraft:chiseled_sandstone":2,"minecraft:mossy_cobblestone":2,"minecraft:oak_wood":2,"minecraft:stone_sword":1,"minecraft:arrow":3,"minecraft:lime_carpet":1,"minecraft:rotten_flesh":11,"born_in_chaos_v1:spiny_shell":4,"minecraft:terracotta":11,"born_in_chaos_v1:rotten_fish":2,"valhelsia_structures:unlit_lantern":1,"minecraft:cobblestone":2},"minecraft:killed_by":{"minecraft:player":3,"minecraft:hoglin":1,"minecraft:skeleton":1,"minecraft:creeper":2,"minecraft:pillager":5},"minecraft:crafted":{"minecraft:oak_planks":8,"minecraft:cooked_porkchop":8,"minecraft:crafting_table":1,"minecraft:iron_helmet":1,"minecraft:iron_sword":1,"minecraft:red_sandstone":3,"minecraft:air":0,"minecraft:iron_chestplate":1,"minecraft:shield":1,"minecraft:iron_axe":1,"minecraft:stick":4,"minecraft:iron_ingot":49,"minecraft:iron_pickaxe":1,"minecraft:gold_ingot":3,"minecraft:iron_leggings":1,"minecraft:acacia_planks":12},"minecraft:dropped":{"minecraft:oak_planks":2,"minecraft:orange_concrete":1,"minecraft:rotten_flesh":7,"minecraft:ladder":12,"minecraft:sand":1,"valhelsia_structures:unlit_lantern":1,"minecraft:bone":1},"minecraft:used":{"minecraft:moss_block":1,"minecraft:moss_carpet":1,"minecraft:water_bucket":7,"epicfight:skillbook":6,"minecraft:red_sand":44,"minecraft:orange_concrete":20,"minecraft:birch_planks":1,"minecraft:ladder":2,"minecraft:ender_pearl":3,"minecraft:cut_sandstone":2,"minecraft:iron_sword":38,"minecraft:cobblestone_slab":1,"minecraft:rotten_flesh":2,"minecraft:iron_chestplate":1,"minecraft:torch":2,"minecraft:golden_apple":1,"minecraft:mossy_cobblestone":2,"minecraft:dirt":1,"minecraft:terracotta":11,"minecraft:oak_slab":1,"minecraft:crafting_table":3,"minecraft:red_bed":9,"minecraft:red_sandstone":4,"minecraft:chiseled_sandstone":2,"minecraft:iron_axe":37,"minecraft:iron_pickaxe":69,"minecraft:bread":3,"minecraft:cobblestone":2,"minecraft:furnace":1,"minecraft:cooked_porkchop":11,"minecraft:bucket":8,"epicfight:uchigatana":46,"minecraft:iron_leggings":1},"minecraft:mined":{"minecraft:sandstone_slab":3,"minecraft:oak_slab":1,"minecraft:cut_sandstone":3,"minecraft:spruce_planks":4,"minecraft:red_bed":10,"minecraft:mossy_cobblestone":2,"minecraft:ladder":1,"minecraft:smooth_sandstone":1,"minecraft:crafting_table":3,"minecraft:torch":1,"minecraft:red_sand":61,"minecraft:acacia_log":3,"minecraft:oak_wood":2,"minecraft:cyan_concrete_powder":1,"minecraft:grass_block":1,"minecraft:dead_bush":9,"minecraft:cobblestone":2,"minecraft:oak_planks":1,"minecraft:moss_block":1,"minecraft:wall_torch":1,"minecraft:spawner":5,"minecraft:orange_concrete":29,"minecraft:birch_planks":1,"minecraft:furnace":2,"minecraft:red_sandstone":1,"minecraft:chiseled_sandstone":3,"valhelsia_structures:cracked_big_glazed_jar":1,"minecraft:oak_log":9,"minecraft:bookshelf":35,"minecraft:cyan_concrete":2,"minecraft:cobblestone_slab":1,"minecraft:terracotta":11,"minecraft:player_head":7},"minecraft:killed":{"minecraft:husk":6,"minecraft:zombie_villager":1,"minecraft:spider":1,"born_in_chaos_v1:thornshell_crab":1,"minecraft:hoglin":3,"born_in_chaos_v1:decrepit_skeleton":2,"minecraft:skeleton":4,"minecraft:zombie":5},"minecraft:custom":{"minecraft:interact_with_furnace":6,"minecraft:mob_kills":23,"minecraft:interact_with_crafting_table":10,"minecraft:open_barrel":13,"minecraft:leave_game":4,"minecraft:time_since_death":14601,"minecraft:sleep_in_bed":5,"minecraft:climb_one_cm":7769,"minecraft:time_since_rest":5165,"minecraft:sprint_one_cm":279644,"minecraft:damage_taken":5259,"minecraft:walk_one_cm":284215,"minecraft:drop":12,"minecraft:damage_dealt":4639,"minecraft:swim_one_cm":379,"minecraft:fly_one_cm":339805,"minecraft:open_chest":26,"minecraft:crouch_one_cm":28176,"minecraft:play_time":66690,"minecraft:sneak_time":6059,"minecraft:deaths":14,"minecraft:walk_under_water_one_cm":2814,"minecraft:jump":1095,"minecraft:walk_on_water_one_cm":3469,"minecraft:total_world_time":66690,"minecraft:fall_one_cm":46746}},"DataVersion":3120}