{"stats":{"minecraft:picked_up":{"iter_rpg:spawner_fragment":4,"minecraft:cocoa_beans":15,"luminousworld:groundpebbles_1":7,"minecraft:crafting_table":8,"minecraft:ladder":21,"minecraft:anvil":3,"artifacts:bunny_hoppers":1,"minecraft:lead":2,"minecraft:brown_bed":3,"minecraft:gold_block":1,"minecraft:brewing_stand":1,"born_in_chaos_v1:black_argillite":1,"minecraft:string":2,"minecraft:red_bed":27,"minecraft:moss_carpet":1,"minecraft:raw_copper":3,"minecraft:orange_concrete":41,"minecraft:cyan_carpet":1,"minecraft:red_sand":57,"minecraft:cobbled_deepslate":8,"minecraft:spruce_planks":11,"minecraft:oak_boat":2,"minecraft:cobblestone_slab":1,"minecraft:player_head":7,"minecraft:jungle_sapling":91,"minecraft:spruce_slab":8,"minecraft:lectern":9,"minecraft:coal_block":3,"minecraft:sugar_cane":7,"minecraft:birch_sapling":3,"minecraft:furnace":6,"minecraft:egg":2,"minecraft:stick":107,"minecraft:raw_iron":18,"born_in_chaos_v1:shattered_skull":1,"minecraft:torch":8,"minecraft:acacia_log":3,"minecraft:green_bed":2,"epicfight:skillbook":1,"minecraft:porkchop":11,"minecraft:diorite":2,"minecraft:redstone":1,"minecraft:dark_oak_planks":2,"minecraft:stone_sword":2,"minecraft:arrow":12,"minecraft:lime_carpet":1,"minecraft:rotten_flesh":13,"minecraft:hay_block":4,"born_in_chaos_v1:spiny_shell":4,"minecraft:cobblestone":157,"minecraft:birch_log":197,"minecraft:andesite":28,"minecraft:jungle_log":1047,"luminousworld:ishstone":6,"minecraft:cut_sandstone":2,"minecraft:leather":1,"minecraft:smoker":6,"minecraft:potato":9,"minecraft:birch_planks":12,"minecraft:flint":8,"minecraft:oak_log":9,"minecraft:yellow_bed":4,"minecraft:cyan_concrete_powder":1,"minecraft:blue_bed":4,"minecraft:dirt":449,"minecraft:bone":15,"minecraft:chipped_anvil":1,"minecraft:stonecutter":1,"minecraft:red_sandstone":1,"minecraft:wheat_seeds":21,"minecraft:iron_ingot":65,"minecraft:fletching_table":6,"minecraft:cyan_concrete":2,"minecraft:moss_block":1,"minecraft:gray_bed":5,"minecraft:oak_planks":6,"minecraft:book":135,"minecraft:oak_slab":1,"minecraft:chiseled_stone_bricks":2,"minecraft:raw_iron_block":5,"minecraft:gravel":29,"minecraft:jungle_planks":2,"minecraft:blast_furnace":13,"minecraft:dark_oak_log":1,"minecraft:chiseled_sandstone":2,"minecraft:mossy_cobblestone":2,"minecraft:oak_wood":10,"minecraft:lever":2,"minecraft:writable_book":1,"minecraft:granite":15,"minecraft:white_concrete":2,"minecraft:terracotta":11,"minecraft:oak_sapling":1,"born_in_chaos_v1:rotten_fish":2,"valhelsia_structures:unlit_lantern":1,"minecraft:bricks":1,"minecraft:coal":99,"minecraft:ender_pearl":1},"minecraft:killed_by":{"minecraft:player":3,"minecraft:creeper":2,"minecraft:pillager":5,"minecraft:hoglin":1,"minecraft:skeleton":5},"minecraft:crafted":{"minecraft:oak_planks":76,"minecraft:coal":27,"minecraft:raw_iron":45,"minecraft:birch_slab":60,"minecraft:red_sandstone":3,"minecraft:bone_meal":117,"minecraft:bookshelf":35,"minecraft:iron_axe":6,"tradingpost:trading_post":1,"minecraft:birch_fence_gate":6,"minecraft:chest":11,"minecraft:dark_oak_planks":4,"minecraft:lead":2,"minecraft:wheat":36,"minecraft:oak_slab":6,"minecraft:emerald":327,"minecraft:cooked_porkchop":8,"minecraft:crafting_table":3,"minecraft:iron_helmet":1,"minecraft:iron_sword":1,"minecraft:fletching_table":9,"minecraft:birch_planks":788,"minecraft:enchanted_book":13,"minecraft:air":0,"minecraft:jungle_planks":4188,"minecraft:oak_boat":1,"minecraft:lectern":5,"minecraft:iron_chestplate":1,"minecraft:shield":1,"minecraft:stick":8644,"minecraft:flint":10,"minecraft:iron_ingot":120,"minecraft:iron_pickaxe":3,"minecraft:iron_shovel":2,"minecraft:iron_leggings":1,"minecraft:gold_ingot":15,"minecraft:acacia_planks":12,"minecraft:torch":124},"minecraft:dropped":{"minecraft:bread":29,"minecraft:wheat_seeds":21,"minecraft:cobblestone":2,"minecraft:leather":1,"minecraft:stick":6,"minecraft:dirt":22,"minecraft:sand":1,"valhelsia_structures:unlit_lantern":1,"minecraft:bone":1,"minecraft:redstone":1,"minecraft:iron_nugget":1,"minecraft:stone_sword":1,"minecraft:cocoa_beans":15,"minecraft:raw_copper":3,"minecraft:birch_sapling":2,"minecraft:wheat":42,"minecraft:orange_concrete":1,"minecraft:rotten_flesh":7,"minecraft:oak_planks":2,"minecraft:potato":25,"aether:iron_gloves":1,"luminousworld:groundpebbles_1":6,"minecraft:oak_sapling":1,"minecraft:ladder":19,"sophisticatedbackpacks:copper_backpack":1,"minecraft:arrow":2},"minecraft:used":{"minecraft:moss_block":1,"minecraft:moss_carpet":1,"minecraft:iron_shovel":393,"minecraft:writable_book":1,"minecraft:red_sand":44,"minecraft:orange_concrete":40,"minecraft:spruce_slab":8,"minecraft:ladder":2,"minecraft:chest":11,"minecraft:spruce_planks":7,"minecraft:shield":26,"minecraft:iron_sword":110,"minecraft:cooked_chicken":3,"minecraft:rotten_flesh":2,"minecraft:iron_chestplate":1,"minecraft:torch":89,"minecraft:dirt":419,"minecraft:jungle_planks":2,"minecraft:jungle_sapling":84,"minecraft:dark_oak_planks":2,"minecraft:chipped_anvil":1,"minecraft:bricks":1,"minecraft:iron_axe":192,"minecraft:birch_sapling":1,"minecraft:golden_carrot":4,"minecraft:furnace":5,"minecraft:gray_bed":5,"minecraft:egg":2,"minecraft:cooked_beef":5,"minecraft:brown_bed":3,"minecraft:iron_leggings":1,"minecraft:water_bucket":12,"epicfight:skillbook":9,"minecraft:birch_planks":288,"minecraft:cut_sandstone":2,"minecraft:oak_planks":60,"minecraft:sugar_cane":7,"minecraft:blue_bed":4,"minecraft:green_bed":2,"minecraft:ender_pearl":4,"minecraft:fletching_table":10,"minecraft:cobblestone_slab":1,"tradingpost:trading_post":1,"luminousworld:groundpebbles_1":1,"minecraft:golden_apple":1,"minecraft:mossy_cobblestone":2,"minecraft:oak_slab":7,"minecraft:terracotta":11,"minecraft:crafting_table":10,"minecraft:red_bed":27,"minecraft:blast_furnace":13,"minecraft:smoker":6,"minecraft:red_sandstone":4,"minecraft:birch_fence_gate":6,"minecraft:chiseled_sandstone":2,"minecraft:bread":33,"minecraft:iron_pickaxe":438,"minecraft:cyan_carpet":1,"minecraft:lectern":8,"minecraft:gravel":19,"minecraft:cobblestone":54,"minecraft:porkchop":1,"minecraft:cooked_porkchop":19,"minecraft:bucket":13,"minecraft:yellow_bed":4,"minecraft:oak_boat":2,"minecraft:white_concrete":2,"epicfight:uchigatana":135,"minecraft:bone_meal":117},"minecraft:mined":{"minecraft:dark_oak_planks":2,"luminousworld:groundpebbles_1":3,"minecraft:spruce_planks":11,"minecraft:mossy_cobblestone":2,"luminousworld:grassvariant_4":1,"minecraft:dark_oak_log":1,"minecraft:jungle_leaves":76,"minecraft:brewing_stand":1,"minecraft:ladder":8,"minecraft:granite":15,"minecraft:red_sand":61,"minecraft:acacia_log":3,"minecraft:grass_block":298,"minecraft:jungle_planks":2,"born_in_chaos_v1:black_argillite":1,"minecraft:redstone_wire":2,"minecraft:white_concrete":2,"minecraft:coal_block":3,"minecraft:moss_block":1,"minecraft:chiseled_stone_bricks":2,"minecraft:spawner":7,"minecraft:hay_block":4,"minecraft:orange_concrete":41,"minecraft:raw_iron_block":5,"minecraft:furnace":6,"minecraft:jungle_sapling":16,"minecraft:iron_ore":18,"minecraft:red_sandstone":1,"valhelsia_structures:cracked_big_glazed_jar":1,"minecraft:chiseled_sandstone":3,"minecraft:andesite":28,"minecraft:anvil":3,"minecraft:fletching_table":6,"minecraft:gold_block":1,"minecraft:brown_bed":2,"minecraft:bookshelf":45,"minecraft:vine":12,"minecraft:cobblestone_slab":1,"minecraft:cyan_concrete":2,"luminousworld:groundpebbles_2":1,"minecraft:stone":149,"minecraft:player_head":7,"minecraft:spruce_slab":5,"minecraft:green_bed":1,"minecraft:tripwire":3,"minecraft:sandstone_slab":3,"minecraft:oak_slab":1,"minecraft:cut_sandstone":3,"minecraft:red_bed":24,"minecraft:smoker":6,"minecraft:smooth_sandstone":1,"minecraft:crafting_table":7,"minecraft:torch":2,"minecraft:blast_furnace":13,"minecraft:oak_wood":10,"minecraft:cyan_concrete_powder":1,"minecraft:dead_bush":9,"minecraft:lectern":9,"minecraft:copper_ore":1,"minecraft:cobblestone":8,"biomesoplenty:sprout":1,"minecraft:oak_planks":5,"minecraft:sugar_cane":3,"minecraft:diorite":2,"minecraft:bricks":1,"minecraft:blue_bed":4,"minecraft:wall_torch":4,"minecraft:seagrass":1,"minecraft:birch_planks":12,"minecraft:gray_bed":4,"minecraft:yellow_bed":4,"minecraft:grass":15,"biomesoplenty:clover":14,"minecraft:coal_ore":44,"minecraft:oak_log":9,"luminousworld:ishstone":6,"minecraft:cyan_carpet":1,"minecraft:gravel":37,"minecraft:dirt":115,"luminousworld:grassvariant_3":1,"minecraft:terracotta":11,"minecraft:stonecutter":1,"minecraft:chipped_anvil":1,"minecraft:oak_leaves":2,"minecraft:deepslate":8,"minecraft:fern":1},"minecraft:killed":{"born_in_chaos_v1:restless_spirit":1,"born_in_chaos_v1:zombie_lumberjack":1,"minecraft:spider":1,"minecraft:vindicator":1,"luminousworld:sunken_skeleton":2,"born_in_chaos_v1:thornshell_crab":1,"minecraft:skeleton":8,"minecraft:drowned":1,"artifacts:mimic":1,"minecraft:husk":6,"minecraft:pig":2,"minecraft:zombie_villager":1,"minecraft:wandering_trader":1,"minecraft:hoglin":3,"born_in_chaos_v1:decrepit_skeleton":3,"minecraft:trader_llama":2,"minecraft:pillager":6,"minecraft:zombie":10,"minecraft:villager":3,"minecraft:enderman":1},"minecraft:broken":{"minecraft:iron_shovel":1,"minecraft:iron_axe":4,"minecraft:iron_pickaxe":1},"minecraft:custom":{"minecraft:mob_kills":63,"minecraft:interact_with_crafting_table":39,"minecraft:open_barrel":20,"minecraft:damage_dealt_resisted":542,"minecraft:eat_cake_slice":2,"minecraft:leave_game":10,"minecraft:time_since_death":3862,"minecraft:climb_one_cm":19347,"minecraft:sprint_one_cm":896070,"minecraft:walk_one_cm":1196626,"minecraft:damage_blocked_by_shield":1670,"minecraft:drop":50,"minecraft:damage_dealt_absorbed":126,"minecraft:talked_to_villager":48,"minecraft:play_time":307181,"minecraft:sneak_time":25437,"minecraft:deaths":19,"minecraft:walk_under_water_one_cm":22690,"minecraft:boat_one_cm":417,"minecraft:jump":3076,"minecraft:interact_with_blast_furnace":6,"minecraft:walk_on_water_one_cm":27187,"minecraft:total_world_time":307181,"minecraft:interact_with_furnace":7,"minecraft:traded_with_villager":341,"minecraft:sleep_in_bed":22,"minecraft:time_since_rest":3906,"minecraft:damage_taken":9583,"minecraft:damage_dealt":13772,"minecraft:swim_one_cm":11544,"minecraft:fly_one_cm":997212,"minecraft:open_chest":155,"minecraft:crouch_one_cm":148758,"minecraft:fall_one_cm":157768,"minecraft:horse_one_cm":18716}},"DataVersion":3120}