{"stats":{"minecraft:picked_up":{"minecraft:stick":4,"minecraft:red_sand":1},"minecraft:killed_by":{"minecraft:player":3,"minecraft:pillager":1,"minecraft:hoglin":1},"minecraft:used":{"minecraft:red_sand":1},"minecraft:mined":{"minecraft:red_sand":2,"minecraft:dead_bush":7},"minecraft:killed":{"minecraft:zombie":1},"minecraft:custom":{"minecraft:jump":272,"minecraft:open_chest":2,"minecraft:time_since_rest":2721,"minecraft:damage_dealt":317,"minecraft:deaths":5,"minecraft:sprint_one_cm":87382,"minecraft:play_time":10539,"minecraft:damage_taken":1740,"minecraft:time_since_death":2694,"minecraft:walk_one_cm":35374,"minecraft:sneak_time":29,"minecraft:total_world_time":10539,"minecraft:mob_kills":1,"minecraft:fall_one_cm":11782,"minecraft:fly_one_cm":89414}},"DataVersion":3120}