{"stats":{"minecraft:picked_up":{"minecraft:chainmail_boots":1,"minecraft:prismarine_shard":2,"minecraft:anvil":4,"artifacts:bunny_hoppers":1,"minecraft:lead":18,"minecraft:oak_stairs":9,"minecraft:brown_bed":6,"minecraft:enchanted_book":18,"minecraft:brewing_stand":1,"minecraft:string":111,"minecraft:gold_nugget":18,"minecraft:cobbled_deepslate":619,"bosses_of_mass_destruction:soul_star":1,"minecraft:spruce_planks":46,"minecraft:written_book":1,"minecraft:melon_slice":144,"minecraft:coal_block":3,"artifacts:universal_attractor":1,"born_in_chaos_v1:shattered_skull":4,"minecraft:green_bed":3,"minecraft:acacia_log":4,"sophisticatedbackpacks:auto_smelting_upgrade":1,"stalwart_dungeons:soul_magma_bricks":2,"minecraft:honey_bottle":5,"minecraft:stone_sword":4,"minecraft:lime_carpet":1,"artifacts:lucky_scarf":1,"artifacts:villager_hat":1,"minecraft:polished_basalt":2,"minecraft:blaze_rod":20,"minecraft:iron_bars":7,"minecraft:snowball":4,"minecraft:birch_log":198,"minecraft:magma_block":4,"minecraft:jungle_log":5737,"minecraft:smoker":8,"minecraft:flint":14,"minecraft:cyan_concrete_powder":1,"stalwart_dungeons:blaze_armor_scrap":7,"minecraft:chipped_anvil":1,"minecraft:stonecutter":3,"iter_rpg:water_fragment":2,"minecraft:moss_block":3,"biomesoplenty:cherry_log":2,"iter_rpg:silky_hivestone":1,"eeeabsmobs:soul_light":14,"iter_rpg:grimstone":1,"iter_rpg:cracked_hivestone":6,"minecraft:stripped_acacia_wood":5,"bosses_of_mass_destruction:crystal_fruit":3,"minecraft:ink_sac":5,"minecraft:dark_oak_log":5,"minecraft:lever":2,"minecraft:writable_book":1,"minecraft:granite":34,"minecraft:bread":29,"eeeabsmobs:guardian_core":1,"born_in_chaos_v1:rotten_fish":2,"minecraft:bricks":1,"biomesoplenty:redwood_log":1,"luminousworld:groundpebbles_1":8,"minecraft:crafting_table":15,"born_in_chaos_v1:seedof_chaos":2,"born_in_chaos_v1:charmof_resistance":2,"minecraft:red_bed":37,"artifacts:power_glove":1,"born_in_chaos_v1:intoxicating_decoction":4,"minecraft:white_carpet":1,"minecraft:beef":2,"born_in_chaos_v1:gnawed_bones":1,"biomesoplenty:cherry_boat":1,"minecraft:jungle_sapling":378,"minecraft:iron_nugget":8,"minecraft:poppy":3,"minecraft:spruce_slab":9,"minecraft:chest":13,"minecraft:birch_sapling":3,"minecraft:egg":8,"artifacts:charm_of_sinking":1,"sophisticatedbackpacks:crafting_upgrade":1,"minecraft:fire_charge":2,"bosses_of_mass_destruction:void_thorn":2,"born_in_chaos_v1:pieceofdarkmetal":28,"minecraft:carrot":61,"minecraft:redstone":78,"minecraft:prismarine_crystals":1,"born_in_chaos_v1:charmof_fury":1,"minecraft:deepslate_bricks":6,"minecraft:hay_block":44,"minecraft:cracked_deepslate_bricks":2,"born_in_chaos_v1:spiny_shell":4,"minecraft:gold_ingot":128,"minecraft:totem_of_undying":6,"minecraft:glow_berries":1,"minecraft:mutton":9,"minecraft:rail":1,"minecraft:stripped_oak_log":1,"securitycraft:reinforced_diamond_block":2,"born_in_chaos_v1:monster_flesh":18,"luminousworld:ishstone":33,"minecraft:oak_log":396,"minecraft:golden_boots":1,"minecraft:blue_bed":12,"minecraft:white_banner":12,"minecraft:apple":1,"minecraft:stone_bricks":2,"minecraft:cobweb":1,"minecraft:glass_bottle":9,"minecraft:gray_bed":13,"eeeabsmobs:immortal_ingot":9,"epicfight:stone_greatsword":2,"born_in_chaos_v1:orbofthe_summoner":1,"born_in_chaos_v1:ethereal_spirit":12,"minecraft:gravel":35,"born_in_chaos_v1:fangofthe_hound_leader":3,"iter_rpg:hivestone":14,"minecraft:spruce_log":9,"minecraft:crying_obsidian":1,"biomesoplenty:flowering_oak_sapling":2,"minecraft:oak_wood":10,"biomesoplenty:mahogany_log":1,"minecraft:slime_ball":4,"minecraft:stone_axe":3,"minecraft:gray_wool":1,"minecraft:baked_potato":3,"minecraft:ender_pearl":8,"minecraft:iron_trapdoor":3,"artifacts:umbrella":1,"born_in_chaos_v1:black_argillite":1,"minecraft:raw_copper":15,"tradingpost:trading_post":1,"minecraft:tnt_minecart":5,"minecraft:deepslate_tiles":12,"minecraft:red_sand":57,"minecraft:bucket":1,"minecraft:cobblestone_slab":1,"minecraft:iron_pickaxe":1,"minecraft:iron_boots":2,"minecraft:furnace":8,"minecraft:tipped_arrow":1,"minecraft:stick":478,"born_in_chaos_v1:phantom_powder":6,"minecraft:torch":17,"minecraft:spruce_stairs":1,"deeperdarker:heart_of_the_deep":1,"epicfight:skillbook":18,"minecraft:porkchop":69,"minecraft:diorite":43,"born_in_chaos_v1:nightmare_claw":4,"minecraft:rotten_flesh":200,"minecraft:deepslate_brick_stairs":3,"minecraft:obsidian":22,"minecraft:cobblestone":792,"minecraft:enchanting_table":1,"minecraft:leather_chestplate":1,"minecraft:lilac":2,"minecraft:magma_cream":10,"minecraft:andesite":47,"minecraft:golden_leggings":1,"minecraft:chiseled_quartz_block":1,"minecraft:potato":9,"minecraft:tuff":2,"securitycraft:reinforced_obsidian":14,"iter_rpg:fire_fragment":5,"minecraft:wither_skeleton_skull":1,"minecraft:lapis_lazuli":324,"minecraft:dirt":1424,"born_in_chaos_v1:monster_skin":14,"minecraft:bone":239,"minecraft:acacia_planks":3,"minecraft:orange_tulip":2,"minecraft:bow":2,"minecraft:wheat_seeds":43,"minecraft:raw_gold":9,"minecraft:fletching_table":21,"minecraft:powered_rail":1,"minecraft:cyan_concrete":2,"minecraft:oak_planks":34,"iter_rpg:spider_silk":12,"minecraft:sand":65,"minecraft:jungle_planks":4,"minecraft:diamond_block":3,"iter_rpg:stone_geode":2,"minecraft:chiseled_sandstone":2,"minecraft:mossy_cobblestone":3,"minecraft:sugar":2,"artifacts:golden_hook":1,"minecraft:diamond":115,"minecraft:crossbow":1,"minecraft:white_concrete":2,"iter_rpg:hivestone_slab":3,"minecraft:emerald":50,"minecraft:oak_sapling":18,"minecraft:netherrack":334,"valhelsia_structures:unlit_lantern":1,"wom:satsujin":1,"rottencreatures:magma_rotten_flesh":9,"iter_rpg:spawner_fragment":13,"minecraft:cocoa_beans":15,"minecraft:charcoal":4,"born_in_chaos_v1:diamond_termite_shard":17,"artifacts:night_vision_goggles":1,"minecraft:ladder":21,"securitycraft:reinforced_black_stained_glass":8,"minecraft:gold_block":12,"minecraft:diamond_horse_armor":1,"stalwart_dungeons:soul_bricks":18,"minecraft:moss_carpet":1,"minecraft:iron_axe":1,"minecraft:orange_concrete":41,"minecraft:cyan_carpet":1,"minecraft:blackstone":5,"deeperdarker:warden_carapace":1,"minecraft:candle":5,"minecraft:oak_boat":2,"eeeabsmobs:immortal_block":5,"minecraft:player_head":7,"minecraft:light_gray_wool":12,"minecraft:lectern":14,"minecraft:sugar_cane":34,"minecraft:spruce_trapdoor":1,"biomesoplenty:hanging_cobweb":1,"minecraft:raw_iron":237,"born_in_chaos_v1:charmof_endurance":1,"minecraft:dark_oak_planks":2,"minecraft:arrow":154,"stalwart_dungeons:raw_tungsten":90,"artifacts:cross_necklace":1,"minecraft:saddle":9,"wom:netherite_mask":1,"born_in_chaos_v1:fused_bone":2,"born_in_chaos_v1:corpse_maggot":27,"minecraft:jungle_boat":1,"minecraft:basalt":122,"artifacts:eternal_steak":2,"minecraft:cut_sandstone":2,"biomesoplenty:goldenrod":4,"minecraft:leather":10,"eeeabsmobs:tomb_summon_trap":4,"minecraft:birch_planks":18,"minecraft:gunpowder":31,"minecraft:yellow_bed":18,"artifacts:cloud_in_a_bottle":2,"minecraft:red_sandstone":1,"stalwart_dungeons:pusher":3,"minecraft:iron_ingot":243,"minecraft:book":220,"wom:agony":2,"minecraft:sculk_catalyst":1,"minecraft:oak_slab":1,"minecraft:emerald_block":12,"minecraft:chiseled_stone_bricks":2,"minecraft:stone_brick_slab":1,"stalwart_dungeons:tungsten_ingot":26,"minecraft:quartz":31,"minecraft:raw_iron_block":19,"minecraft:blast_furnace":17,"minecraft:white_bed":3,"minecraft:spruce_door":1,"minecraft:spider_eye":55,"iter_rpg:weaved_hivestone":4,"minecraft:terracotta":11,"minecraft:coal":222,"minecraft:sunflower":1},"minecraft:killed_by":{"minecraft:pillager":5,"minecraft:ravager":1,"minecraft:vindicator":12,"born_in_chaos_v1:siamese_skeletons":2,"minecraft:zombie":2,"born_in_chaos_v1:dire_hound_leader":1,"minecraft:vex":29,"iter_rpg:fire_elemental":1,"born_in_chaos_v1:restless_spirit":1,"born_in_chaos_v1:siamese_skeletonsleft":1,"minecraft:warden":1,"luminousworld:savannah_zombie":1,"minecraft:wither_skeleton":6,"minecraft:creeper":5,"born_in_chaos_v1:spirit_guide":1,"minecraft:piglin":1,"minecraft:blaze":1,"minecraft:player":3,"born_in_chaos_v1:skeleton_thrasher":1,"minecraft:iron_golem":1,"minecraft:hoglin":2,"minecraft:skeleton":7,"minecraft:phantom":4,"born_in_chaos_v1:corpse_fish":1,"luminousworld:savannah_skeleton":2},"minecraft:crafted":{"minecraft:black_dye":5,"minecraft:birch_slab":60,"minecraft:bookshelf":38,"minecraft:diamond_helmet":1,"minecraft:diamond_leggings":1,"minecraft:birch_fence_gate":6,"minecraft:emerald":2319,"minecraft:cooked_porkchop":51,"minecraft:diamond_axe":2,"minecraft:jungle_boat":3,"biomesoplenty:cherry_boat":1,"minecraft:smithing_table":1,"minecraft:fletching_table":9,"minecraft:lectern":5,"minecraft:stone_slab":6,"minecraft:iron_pickaxe":5,"minecraft:iron_block":22,"minecraft:gold_ingot":320,"minecraft:bone_meal":299,"securitycraft:universal_block_remover":1,"tradingpost:trading_post":1,"minecraft:diamond_boots":1,"minecraft:redstone_block":2,"minecraft:dark_oak_planks":12,"minecraft:lead":2,"minecraft:wheat":234,"minecraft:enchanting_table":1,"sophisticatedbackpacks:gold_backpack":2,"minecraft:dark_oak_button":2,"minecraft:bone":6,"minecraft:enchanted_book":24,"wom:satsujin":2,"minecraft:oak_fence_gate":6,"minecraft:golden_apple":41,"minecraft:flint":10,"minecraft:wooden_axe":1,"minecraft:iron_shovel":2,"minecraft:iron_leggings":2,"minecraft:grindstone":1,"player_companions:tame_apple":4,"biomesoplenty:cherry_planks":8,"minecraft:oak_planks":1612,"minecraft:stone":3,"minecraft:red_sandstone":3,"securitycraft:laser_block":2,"minecraft:iron_boots":1,"minecraft:bow":1,"minecraft:chest":15,"minecraft:oak_slab":6,"sophisticatedbackpacks:backpack":1,"minecraft:crafting_table":133,"minecraft:spruce_planks":12,"minecraft:wooden_pickaxe":1,"minecraft:iron_helmet":1,"securitycraft:universal_block_reinforcer_lvl2":1,"minecraft:gold_block":31,"minecraft:birch_planks":788,"minecraft:iron_chestplate":1,"minecraft:diamond_pickaxe":2,"minecraft:emerald_block":128,"minecraft:shield":2,"sophisticatedbackpacks:diamond_backpack":1,"minecraft:stick":46095,"minecraft:iron_ingot":186,"securitycraft:universal_block_reinforcer_lvl1":1,"stalwart_dungeons:tungsten_leggings":1,"minecraft:raw_iron":45,"minecraft:coal":27,"minecraft:diamond_block":2,"minecraft:glass_pane":16,"minecraft:leather":4,"minecraft:iron_axe":11,"sophisticatedbackpacks:iron_backpack":1,"minecraft:iron_sword":1,"minecraft:bread":68,"minecraft:air":0,"minecraft:jungle_planks":22356,"minecraft:black_stained_glass":8,"minecraft:oak_boat":1,"stalwart_dungeons:tungsten_chestplate":1,"minecraft:acacia_planks":20,"minecraft:torch":180,"minecraft:diamond_chestplate":1},"minecraft:dropped":{"minecraft:porkchop":13,"minecraft:glass_bottle":5,"minecraft:diamond":64,"minecraft:crafting_table":1,"minecraft:orange_tulip":2,"sophisticatedbackpacks:auto_smelting_upgrade":1,"artifacts:cloud_in_a_bottle":1,"minecraft:dark_oak_button":2,"biomesoplenty:cherry_boat":1,"iter_rpg:stone_geode":1,"minecraft:fletching_table":5,"born_in_chaos_v1:nightmare_claw":2,"minecraft:rail":1,"born_in_chaos_v1:monster_flesh":4,"minecraft:dirt":41,"eeeabsmobs:tomb_summon_trap":4,"minecraft:tnt_minecart":1,"artifacts:charm_of_sinking":1,"minecraft:jungle_sapling":1,"minecraft:gold_nugget":2,"minecraft:sand":1,"minecraft:iron_pickaxe":2,"valhelsia_structures:unlit_lantern":1,"rottencreatures:magma_rotten_flesh":9,"minecraft:bone":17,"minecraft:stone_axe":2,"wom:agony":2,"artifacts:power_glove":1,"minecraft:iron_nugget":7,"minecraft:cobbled_deepslate":135,"minecraft:birch_sapling":2,"minecraft:wheat":44,"minecraft:rotten_flesh":164,"minecraft:oak_planks":11,"minecraft:tipped_arrow":1,"minecraft:deepslate_tiles":12,"artifacts:umbrella":1,"minecraft:ladder":19,"minecraft:beef":1,"stalwart_dungeons:tungsten_ingot":26,"minecraft:lectern":1,"minecraft:enchanted_book":6,"minecraft:golden_boots":1,"minecraft:wheat_seeds":37,"luminousworld:ishstone":32,"minecraft:cobblestone":189,"minecraft:book":21,"minecraft:granite":15,"minecraft:coal":8,"minecraft:cobweb":1,"stalwart_dungeons:soul_bricks":16,"stalwart_dungeons:blaze_armor_scrap":2,"artifacts:lucky_scarf":1,"born_in_chaos_v1:black_argillite":1,"biomesoplenty:goldenrod":4,"minecraft:iron_trapdoor":2,"minecraft:wooden_axe":1,"minecraft:oak_stairs":2,"minecraft:string":20,"artifacts:bunny_hoppers":1,"biomesoplenty:cherry_planks":3,"minecraft:stone_sword":4,"minecraft:cocoa_beans":15,"minecraft:orange_concrete":1,"minecraft:iron_boots":3,"artifacts:golden_hook":1,"minecraft:potato":26,"minecraft:spruce_planks":13,"artifacts:eternal_steak":3,"minecraft:spider_eye":25,"sophisticatedbackpacks:copper_backpack":1,"minecraft:bow":2,"minecraft:magma_block":4,"iter_rpg:hivestone":13,"minecraft:candle":1,"minecraft:moss_block":2,"stalwart_dungeons:soul_magma_bricks":2,"wom:diamond_armbracelet":1,"minecraft:oak_log":2,"minecraft:baked_potato":14,"minecraft:leather":3,"minecraft:jungle_planks":3,"minecraft:flint":3,"artifacts:night_vision_goggles":1,"minecraft:dark_oak_log":2,"born_in_chaos_v1:monster_skin":6,"minecraft:mutton":8,"biomesoplenty:flowering_oak_sapling":1,"minecraft:gravel":6,"minecraft:blackstone":3,"wom:netherite_mask":1,"born_in_chaos_v1:ethereal_spirit":1,"eeeabsmobs:immortal_block":2,"iter_rpg:cracked_hivestone":6,"minecraft:carrot":59,"minecraft:poppy":2,"minecraft:gunpowder":4,"born_in_chaos_v1:corpse_maggot":25,"minecraft:chainmail_boots":1,"minecraft:iron_bars":4,"minecraft:arrow":19,"minecraft:powered_rail":1,"minecraft:quartz":5,"minecraft:netherrack":138,"minecraft:bread":185,"minecraft:stick":61,"minecraft:deepslate_brick_stairs":3,"minecraft:diorite":39,"minecraft:iron_leggings":1,"epicfight:stone_greatsword":2,"minecraft:stonecutter":1,"minecraft:iron_axe":1,"minecraft:polished_basalt":2,"sophisticatedbackpacks:crafting_upgrade":1,"minecraft:bucket":1,"minecraft:redstone":21,"iter_rpg:grimstone":1,"minecraft:chiseled_quartz_block":1,"minecraft:blaze_rod":6,"minecraft:raw_copper":15,"wom:satsujin":1,"minecraft:stripped_oak_log":1,"minecraft:stripped_acacia_wood":3,"minecraft:flint_and_steel":1,"minecraft:deepslate_bricks":5,"minecraft:filled_map":2,"aether:iron_gloves":2,"minecraft:andesite":43,"luminousworld:groundpebbles_1":6,"minecraft:golden_leggings":1,"minecraft:oak_sapling":2,"minecraft:slime_ball":2,"artifacts:cross_necklace":1,"minecraft:spruce_log":6,"minecraft:wooden_pickaxe":1,"minecraft:raw_gold":7,"minecraft:magma_cream":4,"minecraft:cracked_deepslate_bricks":2},"minecraft:used":{"minecraft:moss_block":1,"minecraft:writable_book":1,"minecraft:spruce_slab":8,"minecraft:ladder":2,"minecraft:chest":35,"minecraft:rotten_flesh":2,"minecraft:snowball":2,"minecraft:jungle_sapling":368,"minecraft:lava_bucket":13,"minecraft:birch_sapling":1,"minecraft:bow":14,"minecraft:oak_sapling":16,"minecraft:furnace":8,"player_companions:samurai_default":20,"minecraft:egg":8,"minecraft:diorite":4,"minecraft:spruce_door":1,"minecraft:blackstone":2,"artifacts:eternal_steak":122,"biomesoplenty:flowering_oak_sapling":1,"minecraft:jungle_boat":3,"minecraft:golden_apple":59,"minecraft:sand":1,"stalwart_dungeons:soul_bricks":2,"minecraft:blast_furnace":17,"securitycraft:universal_block_remover":14,"minecraft:red_sandstone":4,"minecraft:chiseled_sandstone":2,"minecraft:crying_obsidian":1,"minecraft:cyan_carpet":1,"minecraft:lectern":13,"minecraft:lilac":2,"minecraft:fire_charge":1,"minecraft:smithing_table":2,"minecraft:oak_boat":2,"minecraft:iron_bars":3,"minecraft:enchanting_table":2,"minecraft:orange_concrete":40,"eeeabsmobs:immortal_block":2,"minecraft:netherrack":146,"minecraft:torch":198,"securitycraft:reinforced_obsidian":14,"minecraft:brewing_stand":1,"minecraft:anvil":2,"wom:netherite_mask":2,"minecraft:oak_fence_gate":6,"minecraft:chipped_anvil":1,"minecraft:iron_axe":329,"minecraft:jungle_log":16,"minecraft:totem_of_undying":7,"epicfight:stone_greatsword":6,"minecraft:basalt":90,"minecraft:iron_trapdoor":1,"minecraft:cobbled_deepslate":328,"minecraft:acacia_planks":11,"minecraft:water_bucket":59,"minecraft:birch_planks":293,"minecraft:fletching_table":16,"minecraft:deepslate_bricks":1,"biomesoplenty:mahogany_log":1,"minecraft:mossy_cobblestone":3,"minecraft:tnt":9,"minecraft:oak_slab":7,"minecraft:crafting_table":19,"minecraft:red_bed":37,"minecraft:white_bed":3,"minecraft:oak_log":1,"minecraft:diamond_pickaxe":1669,"minecraft:diamond_shovel":908,"minecraft:iron_pickaxe":1271,"minecraft:cobblestone":236,"minecraft:potion":2,"minecraft:porkchop":5,"minecraft:cooked_porkchop":52,"minecraft:diamond_leggings":1,"epicfight:uchigatana":227,"wom:satsujin":1654,"minecraft:moss_carpet":1,"stalwart_dungeons:pusher":3,"minecraft:red_sand":44,"minecraft:iron_shovel":393,"minecraft:shield":51,"minecraft:iron_sword":559,"minecraft:player_head":7,"minecraft:iron_chestplate":1,"eeeabsmobs:soul_light":11,"minecraft:mutton":1,"artifacts:umbrella":31,"minecraft:jungle_planks":209,"minecraft:tuff":1,"minecraft:obsidian":35,"wom:agony":15,"minecraft:bricks":1,"minecraft:stone_bricks":1,"minecraft:written_book":1,"minecraft:gray_bed":13,"epicfight:skillbook":23,"minecraft:oak_planks":281,"minecraft:ender_pearl":11,"minecraft:sugar_cane":7,"minecraft:diamond_axe":159,"luminousworld:groundpebbles_1":2,"tradingpost:trading_post":2,"minecraft:blue_bed":12,"iter_rpg:weaved_hivestone":2,"minecraft:birch_fence_gate":6,"biomesoplenty:hanging_cobweb":1,"minecraft:melon_slice":144,"minecraft:bread":34,"minecraft:deepslate":3,"minecraft:gravel":19,"minecraft:grindstone":1,"minecraft:andesite":1,"minecraft:white_concrete":2,"minecraft:bone_meal":299,"minecraft:flint_and_steel":127,"minecraft:spruce_planks":29,"minecraft:cooked_chicken":3,"minecraft:dirt":813,"minecraft:white_carpet":1,"minecraft:spruce_stairs":1,"minecraft:granite":11,"biomesoplenty:redwood_log":1,"minecraft:dark_oak_planks":2,"minecraft:stone_brick_slab":1,"minecraft:wooden_axe":2,"minecraft:bookshelf":30,"wom:netherite_belt":1,"minecraft:oak_stairs":6,"minecraft:golden_carrot":60,"minecraft:cooked_beef":5,"minecraft:brown_bed":6,"minecraft:iron_leggings":2,"minecraft:baked_potato":1,"minecraft:cut_sandstone":2,"iter_rpg:hivestone":1,"luminousworld:ishstone":1,"minecraft:stonecutter":1,"minecraft:green_bed":3,"minecraft:cobblestone_slab":1,"minecraft:terracotta":11,"minecraft:smoker":8,"minecraft:apple":2,"biomesoplenty:cherry_boat":1,"minecraft:white_banner":12,"minecraft:bucket":73,"minecraft:yellow_bed":18,"minecraft:gray_wool":1,"minecraft:splash_potion":8},"minecraft:mined":{"minecraft:dark_oak_planks":2,"eeeabsmobs:soul_light":17,"biomesoplenty:cherry_log":2,"minecraft:white_bed":3,"minecraft:jungle_leaves":94,"biomesoplenty:brimstone":1,"minecraft:obsidian":22,"minecraft:granite":34,"minecraft:red_sand":61,"minecraft:acacia_log":3,"minecraft:jungle_log":9,"minecraft:deepslate_bricks":11,"minecraft:coal_block":3,"minecraft:chiseled_stone_bricks":2,"minecraft:spawner":32,"iter_rpg:infested_hivestone":3,"minecraft:orange_concrete":41,"minecraft:cobbled_deepslate":30,"minecraft:fire":23,"minecraft:fletching_table":11,"minecraft:deepslate_lapis_ore":16,"minecraft:enchanting_table":1,"minecraft:sculk_shrieker":11,"biomesoplenty:redwood_log":9,"minecraft:dirt_path":21,"minecraft:oak_stairs":1,"stalwart_dungeons:soul_magma_bricks":2,"biomesoplenty:webbing":3,"minecraft:deepslate_brick_stairs":9,"minecraft:player_head":7,"minecraft:tripwire":9,"minecraft:sandstone_slab":3,"minecraft:cut_sandstone":3,"minecraft:red_bed":34,"minecraft:smoker":8,"biomesoplenty:blackstone_spines":1,"minecraft:soul_fire":1,"minecraft:powder_snow":5,"born_in_chaos_v1:infected_deepslate_diamond_ore":3,"minecraft:torch":3,"minecraft:blast_furnace":17,"minecraft:melon":29,"minecraft:dead_bush":9,"minecraft:sugar_cane":13,"minecraft:bricks":1,"eeeabsmobs:tomb_summon_trap":5,"minecraft:grass":92,"luminousworld:grassvariant_3":1,"stalwart_dungeons:pusher":3,"minecraft:stonecutter":1,"minecraft:deepslate":555,"minecraft:deepslate_tiles":2,"minecraft:light_gray_stained_glass_pane":2,"minecraft:mossy_cobblestone":4,"stalwart_dungeons:soul_bricks":20,"minecraft:dark_oak_log":3,"iter_rpg:cracked_hivestone":1,"minecraft:jungle_planks":3,"born_in_chaos_v1:black_argillite":1,"minecraft:redstone_wire":2,"luminousworld:grassvariant_2":1,"minecraft:moss_block":4,"minecraft:black_stained_glass_pane":1,"bosses_of_mass_destruction:void_blossom":1,"minecraft:jungle_sapling":45,"minecraft:red_sandstone":1,"minecraft:snow":5,"valhelsia_structures:cracked_big_glazed_jar":1,"minecraft:andesite":58,"minecraft:diamond_block":3,"minecraft:cyan_concrete":2,"minecraft:cobblestone_slab":1,"minecraft:vine":32,"luminousworld:groundpebbles_2":1,"minecraft:oak_slab":1,"minecraft:glass_pane":2,"minecraft:stone_brick_slab":1,"minecraft:smooth_sandstone":1,"minecraft:cyan_concrete_powder":1,"minecraft:tall_grass":2,"minecraft:copper_ore":3,"minecraft:deepslate_gold_ore":6,"minecraft:cracked_deepslate_bricks":14,"minecraft:diorite":45,"stalwart_dungeons:tungsten_ore":35,"minecraft:white_carpet":1,"minecraft:spruce_log":3,"eeeabsmobs:immortal_block":3,"luminousworld:ishstone":33,"minecraft:sunflower":1,"minecraft:gravel":48,"minecraft:acacia_planks":3,"minecraft:stone_bricks":2,"minecraft:chipped_anvil":1,"minecraft:iron_trapdoor":2,"minecraft:fern":29,"minecraft:spruce_planks":27,"minecraft:oak_sapling":3,"iter_rpg:weaved_hivestone":3,"minecraft:sculk_vein":20,"minecraft:brewing_stand":1,"minecraft:cave_vines_plant":1,"minecraft:grass_block":676,"biomesoplenty:flowering_oak_leaves":6,"minecraft:white_concrete":2,"minecraft:raw_iron_block":19,"minecraft:iron_ore":78,"minecraft:anvil":4,"minecraft:brown_bed":5,"minecraft:iron_bars":6,"minecraft:spruce_slab":6,"minecraft:green_bed":2,"minecraft:deepslate_redstone_ore":5,"minecraft:blackstone":6,"minecraft:chest":13,"tradingpost:trading_post":1,"minecraft:nether_quartz_ore":2,"minecraft:cobblestone":43,"minecraft:oak_planks":24,"minecraft:wall_torch":8,"biomesoplenty:goldenrod":3,"minecraft:seagrass":1,"minecraft:orange_tulip":1,"minecraft:tnt":1,"biomesoplenty:clover":61,"minecraft:oak_log":17,"minecraft:sand":65,"minecraft:dirt":692,"minecraft:netherrack":436,"luminousworld:savannah_grass_4":1,"minecraft:oak_leaves":15,"minecraft:emerald_block":12,"luminousworld:groundpebbles_1":3,"minecraft:crying_obsidian":1,"minecraft:tuff":3,"minecraft:deepslate_diamond_ore":32,"luminousworld:grassvariant_4":3,"born_in_chaos_v1:infected_diamond_ore":9,"minecraft:ladder":8,"luminousworld:groundpebbles_3":1,"minecraft:hay_block":44,"minecraft:furnace":8,"minecraft:polished_basalt":13,"minecraft:chiseled_sandstone":3,"minecraft:gold_block":11,"minecraft:polished_deepslate":2,"minecraft:bookshelf":60,"minecraft:deepslate_iron_ore":55,"minecraft:stripped_oak_log":1,"biomesoplenty:spider_egg":1,"minecraft:stone":765,"minecraft:basalt":148,"minecraft:crafting_table":14,"minecraft:oak_wood":10,"minecraft:sculk_sensor":3,"minecraft:lectern":12,"biomesoplenty:sprout":3,"minecraft:lapis_ore":9,"iter_rpg:hivestone":6,"minecraft:sculk":60,"minecraft:blue_bed":12,"minecraft:spruce_stairs":1,"minecraft:birch_planks":18,"biomesoplenty:mahogany_log":1,"minecraft:gray_bed":12,"iter_rpg:silky_hivestone":1,"minecraft:yellow_bed":18,"minecraft:coal_ore":44,"biomesoplenty:fir_leaves":3,"minecraft:cyan_carpet":1,"minecraft:terracotta":11,"minecraft:stripped_acacia_wood":6},"minecraft:broken":{"minecraft:iron_leggings":1,"minecraft:iron_sword":2,"minecraft:shield":1,"minecraft:iron_axe":12,"minecraft:iron_pickaxe":5,"minecraft:iron_helmet":2,"minecraft:iron_shovel":1,"minecraft:flint_and_steel":1,"minecraft:diamond_axe":2},"minecraft:custom":{"minecraft:interact_with_crafting_table":91,"minecraft:open_barrel":96,"minecraft:eat_cake_slice":4,"minecraft:leave_game":45,"minecraft:time_since_death":121234,"minecraft:damage_blocked_by_shield":4710,"minecraft:play_time":1436889,"minecraft:deaths":97,"minecraft:jump":15058,"minecraft:enchant_item":20,"minecraft:interact_with_furnace":15,"minecraft:traded_with_villager":1789,"minecraft:sleep_in_bed":71,"minecraft:damage_dealt":184368,"minecraft:interact_with_smoker":9,"minecraft:horse_one_cm":19004,"minecraft:interact_with_smithing_table":5,"minecraft:interact_with_anvil":16,"minecraft:damage_dealt_absorbed":7590,"minecraft:sneak_time":55975,"minecraft:interact_with_blast_furnace":19,"minecraft:total_world_time":1436889,"minecraft:interact_with_stonecutter":1,"minecraft:time_since_rest":39165,"minecraft:swim_one_cm":500233,"minecraft:fly_one_cm":9195878,"minecraft:open_chest":794,"minecraft:fall_one_cm":1607555,"minecraft:sprint_one_cm":3492800,"minecraft:drop":385,"minecraft:talked_to_villager":84,"minecraft:interact_with_brewingstand":1,"minecraft:walk_on_water_one_cm":134628,"minecraft:crouch_one_cm":285640,"minecraft:mob_kills":1018,"minecraft:damage_dealt_resisted":3281,"minecraft:climb_one_cm":92530,"minecraft:walk_one_cm":5077218,"minecraft:raid_win":1,"minecraft:walk_under_water_one_cm":207400,"minecraft:boat_one_cm":3447,"minecraft:raid_trigger":2,"minecraft:interact_with_grindstone":12,"minecraft:damage_taken":64411,"minecraft:damage_absorbed":1749,"minecraft:trigger_trapped_chest":6},"minecraft:killed":{"minecraft:cave_spider":7,"born_in_chaos_v1:restless_spirit":3,"born_in_chaos_v1:zombie_lumberjack":8,"born_in_chaos_v1:skeleton_demoman":2,"born_in_chaos_v1:siamese_skeletonsright":2,"born_in_chaos_v1:baby_skeleton_minion":2,"minecraft:skeleton":65,"eeeabsmobs:guling_sentinel":15,"born_in_chaos_v1:skeleton_thrasher":2,"minecraft:magma_cube":23,"born_in_chaos_v1:bone_imp":1,"minecraft:pillager":58,"minecraft:zombie":72,"stalwart_dungeons:incomplete_wither":4,"born_in_chaos_v1:corpse_fly":19,"cataclysm:deepling":1,"born_in_chaos_v1:door_knight":3,"iter_rpg:griever":1,"minecraft:evoker":4,"minecraft:vindicator":31,"born_in_chaos_v1:thornshell_crab":1,"minecraft:horse":1,"born_in_chaos_v1:dire_hound_leader":1,"minecraft:warden":1,"iter_rpg:hobgoblin":2,"rottencreatures:undead_miner":6,"iter_rpg:water_elemental":1,"minecraft:husk":6,"iter_rpg:peeper":7,"minecraft:wandering_trader":3,"minecraft:ravager":6,"iter_rpg:blob":2,"born_in_chaos_v1:decrepit_skeleton":19,"iter_rpg:goblin_warrior":4,"born_in_chaos_v1:dark_vortex":2,"iter_rpg:giant_spider":14,"minecraft:enderman":4,"iter_rpg:goblin":3,"born_in_chaos_v1:zombie_clown":3,"minecraft:zombified_piglin":4,"minecraft:witch":7,"born_in_chaos_v1:seared_spirit":1,"rottencreatures:burned":2,"minecraft:spider":25,"player_companions:fairy":1,"minecraft:silverfish":72,"artifacts:mimic":4,"eeeabsmobs:immortal_golem":14,"minecraft:piglin":2,"born_in_chaos_v1:bonescaller":1,"minecraft:pig":22,"minecraft:zombie_villager":8,"born_in_chaos_v1:diamond_termite":19,"born_in_chaos_v1:glutton_fish":1,"iter_rpg:spiderling":169,"minecraft:creeper":14,"luminousworld:blue_monarch":1,"minecraft:sheep":1,"minecraft:trader_llama":6,"luminousworld:savannah_skeleton":12,"born_in_chaos_v1:dread_hound":7,"cave_dweller:cave_dweller":3,"born_in_chaos_v1:siamese_skeletonsleft":2,"minecraft:blaze":7,"minecraft:vex":7,"born_in_chaos_v1:missioner":2,"luminousworld:sunken_skeleton":2,"born_in_chaos_v1:maggot":30,"born_in_chaos_v1:zombie_bruiser":2,"iter_rpg:fire_elemental":2,"minecraft:phantom":2,"minecraft:drowned":1,"born_in_chaos_v1:corpse_fish":3,"luminousworld:savannah_zombie":10,"born_in_chaos_v1:baby_skeleton":7,"born_in_chaos_v1:swarmer":2,"stalwart_dungeons:reinforced_blaze":9,"eeeabsmobs:nameless_guardian":1,"minecraft:bat":2,"bosses_of_mass_destruction:void_blossom":1,"minecraft:hoglin":6,"minecraft:squid":2,"born_in_chaos_v1:phantom_creeper_copy":4,"born_in_chaos_v1:decaying_zombie":2,"born_in_chaos_v1:nightmare_stalker":2,"eeeabsmobs:corpse":6,"minecraft:wither_skeleton":30,"minecraft:villager":6}},"DataVersion":3120}