{"stats":{"minecraft:picked_up":{"iter_rpg:spawner_fragment":2,"minecraft:crafting_table":2,"minecraft:cut_sandstone":2,"minecraft:birch_planks":1,"minecraft:cyan_concrete_powder":1,"minecraft:dirt":1,"minecraft:red_bed":4,"minecraft:moss_carpet":1,"minecraft:bone":6,"minecraft:red_sandstone":1,"minecraft:red_sand":19,"minecraft:spruce_planks":4,"minecraft:iron_ingot":1,"minecraft:player_head":7,"minecraft:cobblestone_slab":1,"minecraft:moss_block":1,"minecraft:cyan_concrete":2,"minecraft:furnace":2,"minecraft:oak_slab":1,"minecraft:stick":8,"minecraft:torch":2,"minecraft:acacia_log":3,"minecraft:porkchop":8,"epicfight:skillbook":1,"minecraft:chiseled_sandstone":2,"minecraft:mossy_cobblestone":2,"minecraft:stone_sword":1,"minecraft:arrow":3,"minecraft:lime_carpet":1,"minecraft:rotten_flesh":8,"born_in_chaos_v1:spiny_shell":4,"minecraft:terracotta":11,"born_in_chaos_v1:rotten_fish":2,"valhelsia_structures:unlit_lantern":1,"minecraft:cobblestone":2},"minecraft:killed_by":{"minecraft:player":3,"minecraft:hoglin":1,"minecraft:skeleton":1,"minecraft:creeper":2,"minecraft:pillager":5},"minecraft:crafted":{"minecraft:cooked_porkchop":8,"minecraft:crafting_table":1,"minecraft:iron_helmet":1,"minecraft:iron_sword":1,"minecraft:red_sandstone":1,"minecraft:air":0,"minecraft:iron_chestplate":1,"minecraft:iron_ingot":11,"minecraft:iron_pickaxe":1,"minecraft:iron_leggings":1,"minecraft:acacia_planks":12},"minecraft:dropped":{"minecraft:rotten_flesh":4,"valhelsia_structures:unlit_lantern":1},"minecraft:used":{"minecraft:moss_block":1,"minecraft:moss_carpet":1,"epicfight:skillbook":6,"minecraft:water_bucket":6,"minecraft:red_sand":14,"minecraft:birch_planks":1,"minecraft:cut_sandstone":2,"minecraft:iron_sword":38,"minecraft:cobblestone_slab":1,"minecraft:rotten_flesh":2,"minecraft:iron_chestplate":1,"minecraft:torch":1,"minecraft:golden_apple":1,"minecraft:mossy_cobblestone":2,"minecraft:dirt":1,"minecraft:terracotta":11,"minecraft:crafting_table":2,"minecraft:oak_slab":1,"minecraft:red_bed":2,"minecraft:red_sandstone":2,"minecraft:chiseled_sandstone":2,"minecraft:iron_pickaxe":39,"minecraft:cobblestone":2,"minecraft:cooked_porkchop":7,"minecraft:furnace":1,"minecraft:bucket":6,"epicfight:uchigatana":33,"minecraft:iron_leggings":1},"minecraft:mined":{"minecraft:sandstone_slab":3,"minecraft:oak_slab":1,"minecraft:cut_sandstone":3,"minecraft:spruce_planks":4,"minecraft:red_bed":4,"minecraft:mossy_cobblestone":2,"minecraft:torch":1,"minecraft:smooth_sandstone":1,"minecraft:crafting_table":2,"minecraft:red_sand":23,"minecraft:acacia_log":3,"minecraft:cyan_concrete_powder":1,"minecraft:grass_block":1,"minecraft:dead_bush":9,"minecraft:cobblestone":2,"minecraft:moss_block":1,"minecraft:wall_torch":1,"minecraft:spawner":5,"minecraft:birch_planks":1,"minecraft:furnace":2,"minecraft:red_sandstone":1,"minecraft:chiseled_sandstone":3,"valhelsia_structures:cracked_big_glazed_jar":1,"minecraft:cyan_concrete":2,"minecraft:cobblestone_slab":1,"minecraft:terracotta":11,"minecraft:player_head":7},"minecraft:killed":{"minecraft:husk":5,"minecraft:spider":1,"born_in_chaos_v1:thornshell_crab":1,"minecraft:hoglin":3,"born_in_chaos_v1:decrepit_skeleton":1,"minecraft:skeleton":3,"minecraft:zombie":5},"minecraft:custom":{"minecraft:interact_with_furnace":6,"minecraft:mob_kills":19,"minecraft:interact_with_crafting_table":6,"minecraft:open_barrel":2,"minecraft:leave_game":1,"minecraft:time_since_death":8015,"minecraft:sleep_in_bed":1,"minecraft:climb_one_cm":2701,"minecraft:time_since_rest":8048,"minecraft:sprint_one_cm":238033,"minecraft:damage_taken":4569,"minecraft:walk_one_cm":186445,"minecraft:drop":3,"minecraft:damage_dealt":3895,"minecraft:swim_one_cm":379,"minecraft:fly_one_cm":281533,"minecraft:open_chest":18,"minecraft:crouch_one_cm":17002,"minecraft:play_time":46213,"minecraft:sneak_time":4268,"minecraft:deaths":13,"minecraft:walk_under_water_one_cm":2814,"minecraft:jump":828,"minecraft:walk_on_water_one_cm":3335,"minecraft:total_world_time":46213,"minecraft:fall_one_cm":34655}},"DataVersion":3120}