{"stats":{"minecraft:picked_up":{"minecraft:anvil":3,"artifacts:bunny_hoppers":1,"minecraft:lead":2,"minecraft:brown_bed":3,"minecraft:brewing_stand":1,"born_in_chaos_v1:black_argillite":1,"minecraft:string":2,"minecraft:raw_copper":3,"minecraft:cobbled_deepslate":8,"minecraft:red_sand":57,"minecraft:spruce_planks":11,"minecraft:cobblestone_slab":1,"minecraft:iron_pickaxe":1,"minecraft:melon_slice":61,"minecraft:coal_block":3,"minecraft:furnace":6,"minecraft:stick":107,"born_in_chaos_v1:shattered_skull":1,"minecraft:green_bed":2,"minecraft:torch":8,"minecraft:acacia_log":3,"epicfight:skillbook":1,"minecraft:porkchop":11,"minecraft:diorite":2,"minecraft:stone_sword":2,"minecraft:lime_carpet":1,"minecraft:rotten_flesh":13,"minecraft:cobblestone":218,"minecraft:birch_log":197,"minecraft:jungle_log":1047,"minecraft:andesite":29,"minecraft:smoker":6,"minecraft:potato":9,"minecraft:flint":8,"minecraft:dirt":449,"minecraft:cyan_concrete_powder":1,"minecraft:bone":15,"minecraft:chipped_anvil":1,"minecraft:stonecutter":1,"minecraft:wheat_seeds":21,"minecraft:fletching_table":6,"minecraft:moss_block":1,"minecraft:cyan_concrete":2,"minecraft:oak_planks":6,"minecraft:jungle_planks":2,"minecraft:chiseled_sandstone":2,"minecraft:dark_oak_log":1,"minecraft:mossy_cobblestone":2,"minecraft:lever":2,"minecraft:writable_book":1,"minecraft:granite":18,"minecraft:white_concrete":2,"born_in_chaos_v1:rotten_fish":2,"minecraft:oak_sapling":1,"minecraft:bricks":1,"valhelsia_structures:unlit_lantern":1,"iter_rpg:spawner_fragment":4,"luminousworld:groundpebbles_1":7,"minecraft:cocoa_beans":15,"minecraft:crafting_table":9,"minecraft:ladder":21,"minecraft:gold_block":1,"minecraft:red_bed":27,"minecraft:moss_carpet":1,"minecraft:orange_concrete":41,"minecraft:cyan_carpet":1,"minecraft:oak_boat":2,"minecraft:player_head":7,"minecraft:jungle_sapling":91,"minecraft:spruce_slab":8,"minecraft:lectern":9,"minecraft:sugar_cane":7,"minecraft:birch_sapling":3,"minecraft:egg":2,"minecraft:raw_iron":26,"minecraft:redstone":1,"minecraft:dark_oak_planks":2,"minecraft:arrow":12,"minecraft:hay_block":4,"born_in_chaos_v1:spiny_shell":4,"luminousworld:ishstone":12,"minecraft:leather":1,"minecraft:cut_sandstone":2,"minecraft:birch_planks":12,"minecraft:oak_log":9,"minecraft:yellow_bed":4,"artifacts:cloud_in_a_bottle":1,"minecraft:blue_bed":4,"minecraft:red_sandstone":1,"minecraft:iron_ingot":65,"minecraft:gray_bed":5,"minecraft:book":135,"minecraft:oak_slab":1,"minecraft:chiseled_stone_bricks":2,"minecraft:raw_iron_block":5,"minecraft:gravel":29,"minecraft:blast_furnace":14,"minecraft:oak_wood":10,"minecraft:terracotta":11,"minecraft:coal":99,"minecraft:ender_pearl":1},"minecraft:killed_by":{"minecraft:creeper":2,"minecraft:pillager":5,"minecraft:player":3,"minecraft:hoglin":1,"minecraft:skeleton":5},"minecraft:crafted":{"minecraft:oak_planks":76,"minecraft:birch_slab":60,"minecraft:red_sandstone":3,"minecraft:bookshelf":35,"minecraft:birch_fence_gate":6,"minecraft:chest":11,"minecraft:oak_slab":6,"minecraft:emerald":327,"minecraft:cooked_porkchop":8,"minecraft:crafting_table":3,"minecraft:iron_helmet":1,"minecraft:fletching_table":9,"minecraft:birch_planks":788,"minecraft:lectern":5,"minecraft:iron_chestplate":1,"minecraft:shield":1,"minecraft:stick":8644,"minecraft:iron_ingot":120,"minecraft:iron_pickaxe":3,"minecraft:gold_ingot":24,"minecraft:raw_iron":45,"minecraft:coal":27,"minecraft:bone_meal":117,"minecraft:iron_axe":6,"tradingpost:trading_post":1,"minecraft:dark_oak_planks":4,"minecraft:lead":2,"minecraft:wheat":36,"minecraft:iron_sword":1,"sophisticatedbackpacks:gold_backpack":1,"minecraft:enchanted_book":13,"minecraft:jungle_planks":4188,"minecraft:air":0,"minecraft:oak_boat":1,"minecraft:flint":10,"minecraft:iron_shovel":2,"minecraft:iron_leggings":1,"minecraft:acacia_planks":12,"minecraft:torch":124},"minecraft:dropped":{"minecraft:leather":1,"minecraft:dirt":22,"minecraft:sand":1,"minecraft:iron_pickaxe":1,"valhelsia_structures:unlit_lantern":1,"minecraft:bone":1,"minecraft:iron_nugget":1,"minecraft:wheat":42,"minecraft:birch_sapling":2,"minecraft:rotten_flesh":7,"minecraft:oak_planks":2,"minecraft:ladder":19,"minecraft:arrow":2,"minecraft:bread":29,"minecraft:wheat_seeds":21,"minecraft:cobblestone":2,"minecraft:stick":6,"minecraft:redstone":1,"minecraft:stone_sword":1,"minecraft:raw_copper":3,"minecraft:cocoa_beans":15,"minecraft:orange_concrete":1,"minecraft:potato":25,"aether:iron_gloves":1,"luminousworld:groundpebbles_1":6,"minecraft:oak_sapling":1,"sophisticatedbackpacks:copper_backpack":1},"minecraft:used":{"minecraft:moss_block":1,"minecraft:moss_carpet":1,"minecraft:writable_book":1,"minecraft:red_sand":44,"minecraft:iron_shovel":393,"minecraft:spruce_slab":8,"minecraft:ladder":2,"minecraft:chest":11,"minecraft:shield":26,"minecraft:iron_sword":118,"minecraft:rotten_flesh":2,"minecraft:iron_chestplate":1,"minecraft:jungle_planks":2,"minecraft:jungle_sapling":84,"minecraft:bricks":1,"minecraft:birch_sapling":1,"minecraft:furnace":5,"minecraft:gray_bed":5,"minecraft:egg":2,"epicfight:skillbook":9,"minecraft:oak_planks":60,"minecraft:ender_pearl":4,"luminousworld:groundpebbles_1":1,"tradingpost:trading_post":1,"minecraft:blue_bed":4,"minecraft:sugar_cane":7,"minecraft:golden_apple":1,"minecraft:blast_furnace":13,"minecraft:red_sandstone":4,"minecraft:chiseled_sandstone":2,"minecraft:birch_fence_gate":6,"minecraft:bread":33,"minecraft:melon_slice":8,"minecraft:cyan_carpet":1,"minecraft:lectern":8,"minecraft:gravel":19,"minecraft:andesite":1,"minecraft:oak_boat":2,"minecraft:white_concrete":2,"minecraft:bone_meal":117,"minecraft:orange_concrete":40,"minecraft:spruce_planks":7,"minecraft:cooked_chicken":3,"minecraft:torch":104,"minecraft:dirt":419,"minecraft:dark_oak_planks":2,"minecraft:chipped_anvil":1,"minecraft:iron_axe":193,"minecraft:golden_carrot":6,"minecraft:cooked_beef":5,"minecraft:iron_leggings":1,"minecraft:brown_bed":3,"minecraft:water_bucket":12,"minecraft:birch_planks":288,"minecraft:cut_sandstone":2,"minecraft:fletching_table":10,"minecraft:green_bed":2,"minecraft:cobblestone_slab":1,"minecraft:mossy_cobblestone":2,"minecraft:terracotta":11,"minecraft:oak_slab":7,"minecraft:crafting_table":11,"minecraft:red_bed":27,"minecraft:smoker":6,"minecraft:iron_pickaxe":528,"minecraft:cobblestone":80,"minecraft:cooked_porkchop":19,"minecraft:porkchop":1,"minecraft:bucket":13,"minecraft:yellow_bed":4,"epicfight:uchigatana":135},"minecraft:mined":{"minecraft:dark_oak_planks":2,"minecraft:spruce_planks":11,"minecraft:jungle_leaves":76,"minecraft:brewing_stand":1,"minecraft:granite":18,"minecraft:acacia_log":3,"minecraft:red_sand":61,"minecraft:grass_block":298,"minecraft:white_concrete":2,"minecraft:coal_block":3,"minecraft:chiseled_stone_bricks":2,"minecraft:spawner":7,"minecraft:orange_concrete":41,"minecraft:raw_iron_block":5,"minecraft:iron_ore":26,"minecraft:fletching_table":6,"minecraft:anvil":3,"minecraft:brown_bed":2,"minecraft:player_head":7,"minecraft:spruce_slab":5,"minecraft:tripwire":3,"minecraft:green_bed":1,"minecraft:sandstone_slab":3,"minecraft:cut_sandstone":3,"minecraft:red_bed":24,"minecraft:smoker":6,"minecraft:torch":2,"minecraft:blast_furnace":14,"minecraft:melon":12,"minecraft:dead_bush":9,"minecraft:cobblestone":22,"minecraft:sugar_cane":3,"minecraft:oak_planks":5,"minecraft:bricks":1,"minecraft:wall_torch":4,"minecraft:seagrass":1,"minecraft:grass":15,"biomesoplenty:clover":14,"minecraft:oak_log":9,"minecraft:dirt":115,"luminousworld:grassvariant_3":1,"minecraft:stonecutter":1,"minecraft:oak_leaves":2,"minecraft:deepslate":8,"luminousworld:groundpebbles_1":3,"minecraft:mossy_cobblestone":2,"luminousworld:grassvariant_4":1,"minecraft:dark_oak_log":1,"minecraft:ladder":8,"minecraft:jungle_planks":2,"born_in_chaos_v1:black_argillite":1,"minecraft:redstone_wire":2,"minecraft:moss_block":1,"minecraft:hay_block":4,"minecraft:furnace":6,"minecraft:jungle_sapling":16,"minecraft:red_sandstone":1,"minecraft:chiseled_sandstone":3,"valhelsia_structures:cracked_big_glazed_jar":1,"minecraft:andesite":29,"minecraft:gold_block":1,"minecraft:bookshelf":45,"minecraft:cyan_concrete":2,"minecraft:cobblestone_slab":1,"minecraft:vine":12,"luminousworld:groundpebbles_2":1,"minecraft:stone":197,"minecraft:oak_slab":1,"minecraft:smooth_sandstone":1,"minecraft:crafting_table":8,"minecraft:cyan_concrete_powder":1,"minecraft:oak_wood":10,"minecraft:lectern":9,"minecraft:copper_ore":1,"biomesoplenty:sprout":1,"minecraft:diorite":2,"minecraft:blue_bed":4,"minecraft:birch_planks":12,"minecraft:gray_bed":4,"minecraft:yellow_bed":4,"minecraft:coal_ore":44,"luminousworld:ishstone":12,"minecraft:gravel":37,"minecraft:cyan_carpet":1,"minecraft:terracotta":11,"minecraft:chipped_anvil":1,"minecraft:fern":12},"minecraft:custom":{"minecraft:interact_with_crafting_table":42,"minecraft:open_barrel":27,"minecraft:eat_cake_slice":2,"minecraft:leave_game":10,"minecraft:time_since_death":15862,"minecraft:sprint_one_cm":915265,"minecraft:damage_blocked_by_shield":1670,"minecraft:drop":51,"minecraft:talked_to_villager":48,"minecraft:play_time":319181,"minecraft:deaths":19,"minecraft:jump":3147,"minecraft:walk_on_water_one_cm":30271,"minecraft:interact_with_furnace":7,"minecraft:traded_with_villager":341,"minecraft:sleep_in_bed":22,"minecraft:damage_dealt":14690,"minecraft:crouch_one_cm":152895,"minecraft:horse_one_cm":18716,"minecraft:mob_kills":66,"minecraft:damage_dealt_resisted":542,"minecraft:climb_one_cm":19347,"minecraft:walk_one_cm":1231589,"minecraft:damage_dealt_absorbed":126,"minecraft:sneak_time":26484,"minecraft:walk_under_water_one_cm":23866,"minecraft:boat_one_cm":417,"minecraft:interact_with_blast_furnace":7,"minecraft:total_world_time":319181,"minecraft:time_since_rest":15906,"minecraft:damage_taken":9861,"minecraft:swim_one_cm":11544,"minecraft:fly_one_cm":1006653,"minecraft:open_chest":156,"minecraft:fall_one_cm":166971},"minecraft:killed":{"born_in_chaos_v1:zombie_lumberjack":1,"born_in_chaos_v1:restless_spirit":1,"minecraft:spider":1,"born_in_chaos_v1:siamese_skeletonsright":1,"minecraft:skeleton":8,"artifacts:mimic":2,"minecraft:pig":2,"minecraft:zombie_villager":1,"minecraft:trader_llama":2,"minecraft:pillager":6,"minecraft:zombie":10,"born_in_chaos_v1:siamese_skeletonsleft":1,"minecraft:vindicator":1,"luminousworld:sunken_skeleton":2,"born_in_chaos_v1:thornshell_crab":1,"minecraft:drowned":1,"minecraft:husk":6,"minecraft:wandering_trader":1,"minecraft:hoglin":3,"born_in_chaos_v1:decrepit_skeleton":3,"minecraft:villager":3,"minecraft:enderman":1},"minecraft:broken":{"minecraft:iron_shovel":1,"minecraft:iron_axe":4,"minecraft:iron_pickaxe":1}},"DataVersion":3120}