{"stats":{"minecraft:picked_up":{"minecraft:anvil":3,"artifacts:bunny_hoppers":1,"minecraft:lead":11,"minecraft:brown_bed":3,"minecraft:brewing_stand":1,"born_in_chaos_v1:black_argillite":1,"minecraft:string":2,"minecraft:raw_copper":15,"minecraft:cobbled_deepslate":308,"minecraft:red_sand":57,"minecraft:spruce_planks":11,"minecraft:cobblestone_slab":1,"minecraft:iron_pickaxe":1,"minecraft:melon_slice":140,"minecraft:coal_block":3,"minecraft:furnace":6,"minecraft:iron_boots":1,"artifacts:universal_attractor":1,"minecraft:stick":229,"born_in_chaos_v1:shattered_skull":2,"minecraft:torch":10,"minecraft:acacia_log":3,"minecraft:green_bed":2,"minecraft:porkchop":53,"epicfight:skillbook":6,"minecraft:diorite":8,"minecraft:stone_sword":2,"minecraft:lime_carpet":1,"minecraft:rotten_flesh":26,"minecraft:cobblestone":337,"minecraft:birch_log":197,"minecraft:andesite":33,"minecraft:jungle_log":2886,"minecraft:smoker":8,"minecraft:potato":9,"minecraft:flint":8,"minecraft:cyan_concrete_powder":1,"minecraft:lapis_lazuli":160,"minecraft:dirt":491,"born_in_chaos_v1:monster_skin":6,"minecraft:bone":25,"minecraft:chipped_anvil":1,"minecraft:stonecutter":1,"minecraft:wheat_seeds":27,"minecraft:raw_gold":4,"minecraft:fletching_table":6,"minecraft:moss_block":1,"minecraft:cyan_concrete":2,"biomesoplenty:cherry_log":2,"minecraft:oak_planks":6,"minecraft:jungle_planks":2,"minecraft:dark_oak_log":3,"minecraft:chiseled_sandstone":2,"minecraft:mossy_cobblestone":2,"minecraft:diamond":16,"minecraft:lever":2,"minecraft:writable_book":1,"minecraft:granite":19,"minecraft:white_concrete":2,"minecraft:emerald":5,"minecraft:oak_sapling":1,"born_in_chaos_v1:rotten_fish":2,"minecraft:netherrack":35,"valhelsia_structures:unlit_lantern":1,"minecraft:bricks":1,"iter_rpg:spawner_fragment":5,"biomesoplenty:redwood_log":1,"minecraft:cocoa_beans":15,"luminousworld:groundpebbles_1":8,"minecraft:charcoal":4,"minecraft:crafting_table":11,"minecraft:ladder":21,"minecraft:gold_block":2,"minecraft:red_bed":27,"minecraft:moss_carpet":1,"minecraft:orange_concrete":41,"born_in_chaos_v1:intoxicating_decoction":2,"minecraft:cyan_carpet":1,"minecraft:candle":1,"minecraft:oak_boat":2,"born_in_chaos_v1:gnawed_bones":1,"biomesoplenty:cherry_boat":1,"minecraft:player_head":7,"minecraft:jungle_sapling":215,"minecraft:poppy":3,"minecraft:spruce_slab":9,"minecraft:lectern":9,"minecraft:birch_sapling":3,"minecraft:sugar_cane":7,"minecraft:chest":1,"minecraft:egg":4,"minecraft:raw_iron":46,"minecraft:redstone":43,"minecraft:dark_oak_planks":2,"minecraft:arrow":14,"minecraft:hay_block":26,"born_in_chaos_v1:spiny_shell":4,"minecraft:saddle":4,"minecraft:totem_of_undying":2,"minecraft:mutton":1,"born_in_chaos_v1:fused_bone":2,"born_in_chaos_v1:monster_flesh":9,"luminousworld:ishstone":14,"minecraft:cut_sandstone":2,"minecraft:leather":1,"minecraft:birch_planks":18,"minecraft:oak_log":9,"minecraft:yellow_bed":4,"minecraft:gunpowder":2,"artifacts:cloud_in_a_bottle":1,"minecraft:blue_bed":4,"minecraft:white_banner":5,"minecraft:red_sandstone":1,"minecraft:iron_ingot":78,"minecraft:glass_bottle":1,"minecraft:gray_bed":5,"minecraft:book":135,"minecraft:oak_slab":1,"epicfight:stone_greatsword":2,"minecraft:chiseled_stone_bricks":2,"born_in_chaos_v1:ethereal_spirit":4,"minecraft:raw_iron_block":5,"minecraft:gravel":29,"born_in_chaos_v1:fangofthe_hound_leader":3,"minecraft:blast_furnace":17,"minecraft:oak_wood":10,"minecraft:gray_wool":1,"minecraft:terracotta":11,"minecraft:coal":167,"minecraft:ender_pearl":1},"minecraft:killed_by":{"minecraft:creeper":3,"minecraft:pillager":5,"minecraft:vindicator":10,"minecraft:piglin":1,"minecraft:blaze":1,"minecraft:zombie":1,"born_in_chaos_v1:dire_hound_leader":1,"minecraft:vex":29,"iter_rpg:fire_elemental":1,"minecraft:player":3,"minecraft:iron_golem":1,"born_in_chaos_v1:siamese_skeletonsleft":1,"minecraft:hoglin":1,"minecraft:skeleton":6,"born_in_chaos_v1:corpse_fish":1},"minecraft:crafted":{"minecraft:oak_planks":76,"biomesoplenty:cherry_planks":8,"minecraft:birch_slab":60,"minecraft:red_sandstone":3,"minecraft:bookshelf":35,"minecraft:iron_boots":1,"minecraft:birch_fence_gate":6,"minecraft:chest":15,"minecraft:oak_slab":6,"minecraft:emerald":725,"minecraft:cooked_porkchop":51,"minecraft:crafting_table":4,"minecraft:jungle_boat":2,"minecraft:iron_helmet":1,"biomesoplenty:cherry_boat":1,"minecraft:fletching_table":9,"minecraft:birch_planks":788,"minecraft:lectern":5,"minecraft:iron_chestplate":1,"minecraft:shield":1,"minecraft:stick":19040,"minecraft:iron_ingot":177,"minecraft:iron_pickaxe":5,"minecraft:gold_ingot":32,"minecraft:raw_iron":45,"minecraft:coal":27,"minecraft:bone_meal":177,"minecraft:iron_axe":11,"tradingpost:trading_post":1,"minecraft:dark_oak_planks":12,"minecraft:lead":2,"minecraft:wheat":234,"minecraft:enchanting_table":1,"minecraft:iron_sword":1,"sophisticatedbackpacks:gold_backpack":1,"minecraft:dark_oak_button":2,"minecraft:bone":6,"minecraft:enchanted_book":17,"minecraft:bread":68,"minecraft:air":0,"minecraft:jungle_planks":9444,"minecraft:oak_boat":1,"minecraft:flint":10,"minecraft:iron_shovel":2,"minecraft:iron_leggings":2,"minecraft:acacia_planks":12,"minecraft:torch":164},"minecraft:dropped":{"minecraft:candle":1,"minecraft:baked_potato":12,"minecraft:leather":1,"minecraft:dark_oak_button":2,"minecraft:jungle_planks":2,"minecraft:dirt":35,"minecraft:jungle_sapling":1,"minecraft:sand":1,"minecraft:iron_pickaxe":2,"valhelsia_structures:unlit_lantern":1,"minecraft:bone":1,"minecraft:iron_nugget":1,"minecraft:cobbled_deepslate":72,"minecraft:birch_sapling":2,"minecraft:wheat":44,"minecraft:rotten_flesh":18,"minecraft:oak_planks":2,"minecraft:poppy":2,"minecraft:ladder":19,"minecraft:arrow":5,"minecraft:netherrack":4,"minecraft:bread":99,"minecraft:wheat_seeds":25,"luminousworld:ishstone":13,"minecraft:cobblestone":97,"minecraft:stick":6,"born_in_chaos_v1:black_argillite":1,"minecraft:diorite":8,"epicfight:stone_greatsword":2,"minecraft:redstone":21,"biomesoplenty:cherry_planks":3,"minecraft:stone_sword":1,"minecraft:raw_copper":15,"minecraft:cocoa_beans":15,"minecraft:orange_concrete":1,"minecraft:iron_boots":1,"minecraft:flint_and_steel":1,"minecraft:potato":26,"aether:iron_gloves":1,"luminousworld:groundpebbles_1":6,"minecraft:andesite":30,"minecraft:oak_sapling":1,"sophisticatedbackpacks:copper_backpack":1,"minecraft:raw_gold":2},"minecraft:used":{"minecraft:moss_block":1,"minecraft:moss_carpet":1,"minecraft:writable_book":1,"minecraft:red_sand":44,"minecraft:iron_shovel":393,"minecraft:spruce_slab":8,"minecraft:ladder":2,"minecraft:chest":16,"minecraft:shield":51,"minecraft:iron_sword":430,"minecraft:player_head":7,"minecraft:rotten_flesh":2,"minecraft:iron_chestplate":1,"minecraft:mutton":1,"minecraft:jungle_planks":18,"minecraft:jungle_sapling":202,"minecraft:lava_bucket":13,"minecraft:bricks":1,"minecraft:birch_sapling":1,"minecraft:furnace":5,"minecraft:gray_bed":5,"minecraft:egg":4,"epicfight:skillbook":15,"minecraft:oak_planks":60,"minecraft:ender_pearl":4,"luminousworld:groundpebbles_1":2,"minecraft:sugar_cane":7,"minecraft:blue_bed":4,"tradingpost:trading_post":1,"minecraft:jungle_boat":2,"minecraft:golden_apple":2,"minecraft:blast_furnace":14,"minecraft:red_sandstone":4,"minecraft:birch_fence_gate":6,"minecraft:chiseled_sandstone":2,"minecraft:melon_slice":140,"minecraft:bread":33,"minecraft:cyan_carpet":1,"minecraft:lectern":9,"minecraft:gravel":19,"minecraft:andesite":1,"minecraft:white_concrete":2,"minecraft:oak_boat":2,"minecraft:bone_meal":177,"minecraft:enchanting_table":1,"minecraft:flint_and_steel":46,"minecraft:orange_concrete":40,"minecraft:spruce_planks":7,"minecraft:cooked_chicken":3,"minecraft:netherrack":31,"minecraft:torch":158,"minecraft:dirt":456,"minecraft:granite":11,"biomesoplenty:redwood_log":1,"minecraft:dark_oak_planks":2,"minecraft:chipped_anvil":1,"minecraft:bookshelf":15,"minecraft:iron_axe":273,"minecraft:jungle_log":16,"minecraft:totem_of_undying":2,"epicfight:stone_greatsword":6,"minecraft:golden_carrot":9,"minecraft:cooked_beef":5,"minecraft:cobbled_deepslate":80,"minecraft:brown_bed":3,"minecraft:iron_leggings":2,"minecraft:water_bucket":17,"minecraft:birch_planks":293,"minecraft:cut_sandstone":2,"minecraft:green_bed":2,"minecraft:fletching_table":10,"luminousworld:ishstone":1,"minecraft:cobblestone_slab":1,"minecraft:mossy_cobblestone":2,"minecraft:terracotta":11,"minecraft:oak_slab":7,"minecraft:crafting_table":15,"minecraft:red_bed":27,"minecraft:smoker":7,"biomesoplenty:cherry_boat":1,"minecraft:iron_pickaxe":1075,"minecraft:cobblestone":146,"minecraft:porkchop":2,"minecraft:white_banner":1,"minecraft:cooked_porkchop":48,"minecraft:bucket":31,"minecraft:yellow_bed":4,"minecraft:gray_wool":1,"epicfight:uchigatana":135},"minecraft:mined":{"minecraft:dark_oak_planks":2,"minecraft:spruce_planks":11,"biomesoplenty:cherry_log":2,"minecraft:jungle_leaves":92,"minecraft:brewing_stand":1,"minecraft:granite":19,"minecraft:red_sand":61,"minecraft:acacia_log":3,"minecraft:grass_block":314,"minecraft:jungle_log":9,"minecraft:white_concrete":2,"minecraft:coal_block":3,"minecraft:chiseled_stone_bricks":2,"minecraft:spawner":8,"minecraft:orange_concrete":41,"minecraft:raw_iron_block":5,"minecraft:iron_ore":35,"minecraft:cobbled_deepslate":22,"minecraft:fire":3,"minecraft:fletching_table":6,"minecraft:deepslate_lapis_ore":16,"minecraft:anvil":3,"minecraft:brown_bed":2,"biomesoplenty:redwood_log":9,"minecraft:player_head":7,"minecraft:spruce_slab":6,"minecraft:tripwire":3,"minecraft:green_bed":1,"minecraft:sandstone_slab":3,"minecraft:deepslate_redstone_ore":4,"minecraft:cut_sandstone":3,"minecraft:red_bed":24,"minecraft:smoker":8,"minecraft:torch":3,"minecraft:blast_furnace":17,"minecraft:melon":28,"minecraft:chest":1,"minecraft:dead_bush":9,"minecraft:cobblestone":32,"minecraft:sugar_cane":3,"minecraft:oak_planks":5,"minecraft:bricks":1,"minecraft:wall_torch":5,"minecraft:seagrass":1,"minecraft:grass":48,"biomesoplenty:clover":34,"minecraft:oak_log":9,"minecraft:dirt":130,"luminousworld:grassvariant_3":1,"minecraft:stonecutter":1,"minecraft:netherrack":37,"minecraft:oak_leaves":2,"minecraft:deepslate":295,"luminousworld:groundpebbles_1":3,"minecraft:tuff":2,"minecraft:mossy_cobblestone":2,"minecraft:deepslate_diamond_ore":16,"luminousworld:grassvariant_4":1,"minecraft:dark_oak_log":3,"minecraft:ladder":8,"minecraft:jungle_planks":2,"born_in_chaos_v1:black_argillite":1,"minecraft:redstone_wire":2,"minecraft:moss_block":1,"luminousworld:groundpebbles_3":1,"minecraft:hay_block":26,"minecraft:furnace":6,"minecraft:jungle_sapling":34,"minecraft:red_sandstone":1,"minecraft:chiseled_sandstone":3,"valhelsia_structures:cracked_big_glazed_jar":1,"minecraft:andesite":33,"minecraft:gold_block":2,"minecraft:bookshelf":45,"minecraft:cyan_concrete":2,"minecraft:deepslate_iron_ore":11,"minecraft:cobblestone_slab":1,"minecraft:vine":18,"luminousworld:groundpebbles_2":1,"minecraft:stone":294,"minecraft:oak_slab":1,"minecraft:smooth_sandstone":1,"minecraft:crafting_table":10,"minecraft:cyan_concrete_powder":1,"minecraft:oak_wood":10,"minecraft:lectern":9,"minecraft:copper_ore":3,"biomesoplenty:sprout":1,"minecraft:deepslate_gold_ore":2,"minecraft:lapis_ore":9,"minecraft:diorite":8,"minecraft:blue_bed":4,"minecraft:birch_planks":18,"minecraft:gray_bed":4,"minecraft:yellow_bed":4,"minecraft:coal_ore":44,"luminousworld:ishstone":14,"minecraft:gravel":37,"minecraft:cyan_carpet":1,"minecraft:terracotta":11,"minecraft:chipped_anvil":1,"minecraft:fern":23},"minecraft:custom":{"minecraft:interact_with_crafting_table":54,"minecraft:open_barrel":48,"minecraft:eat_cake_slice":4,"minecraft:leave_game":15,"minecraft:time_since_death":2219,"minecraft:sprint_one_cm":1624696,"minecraft:damage_blocked_by_shield":2645,"minecraft:drop":99,"minecraft:talked_to_villager":53,"minecraft:play_time":554036,"minecraft:deaths":68,"minecraft:jump":6573,"minecraft:walk_on_water_one_cm":61811,"minecraft:interact_with_furnace":11,"minecraft:traded_with_villager":743,"minecraft:sleep_in_bed":34,"minecraft:damage_dealt":32414,"minecraft:crouch_one_cm":187518,"minecraft:interact_with_smoker":9,"minecraft:horse_one_cm":18716,"minecraft:mob_kills":154,"minecraft:damage_dealt_resisted":1787,"minecraft:climb_one_cm":50719,"minecraft:walk_one_cm":2123753,"minecraft:damage_dealt_absorbed":126,"minecraft:sneak_time":35752,"minecraft:walk_under_water_one_cm":68425,"minecraft:boat_one_cm":2296,"minecraft:interact_with_blast_furnace":16,"minecraft:total_world_time":554036,"minecraft:raid_trigger":1,"minecraft:time_since_rest":2247,"minecraft:damage_absorbed":161,"minecraft:damage_taken":27835,"minecraft:swim_one_cm":118152,"minecraft:fly_one_cm":3048142,"minecraft:open_chest":264,"minecraft:fall_one_cm":736258},"minecraft:broken":{"minecraft:iron_shovel":1,"minecraft:iron_leggings":1,"minecraft:iron_sword":1,"minecraft:shield":1,"minecraft:iron_axe":11,"minecraft:iron_pickaxe":4,"minecraft:iron_helmet":2},"minecraft:killed":{"born_in_chaos_v1:zombie_clown":2,"minecraft:witch":2,"born_in_chaos_v1:restless_spirit":2,"born_in_chaos_v1:zombie_lumberjack":1,"born_in_chaos_v1:seared_spirit":1,"born_in_chaos_v1:skeleton_demoman":1,"minecraft:spider":1,"born_in_chaos_v1:siamese_skeletonsright":2,"minecraft:skeleton":12,"artifacts:mimic":3,"minecraft:pig":21,"minecraft:zombie_villager":1,"minecraft:creeper":1,"minecraft:sheep":1,"minecraft:trader_llama":2,"minecraft:pillager":23,"minecraft:zombie":17,"born_in_chaos_v1:dread_hound":6,"born_in_chaos_v1:corpse_fly":1,"born_in_chaos_v1:door_knight":1,"born_in_chaos_v1:siamese_skeletonsleft":2,"minecraft:evoker":2,"minecraft:vindicator":9,"luminousworld:sunken_skeleton":2,"born_in_chaos_v1:thornshell_crab":1,"born_in_chaos_v1:dire_hound_leader":1,"minecraft:drowned":1,"minecraft:husk":6,"born_in_chaos_v1:baby_skeleton":2,"minecraft:wandering_trader":1,"minecraft:ravager":3,"minecraft:hoglin":3,"born_in_chaos_v1:decrepit_skeleton":6,"minecraft:villager":4,"minecraft:enderman":1}},"DataVersion":3120}