{"stats":{"minecraft:picked_up":{"minecraft:anvil":3,"artifacts:bunny_hoppers":1,"artifacts:umbrella":1,"minecraft:lead":14,"minecraft:oak_stairs":9,"minecraft:brown_bed":6,"minecraft:enchanted_book":13,"minecraft:brewing_stand":1,"born_in_chaos_v1:black_argillite":1,"minecraft:string":2,"minecraft:raw_copper":15,"tradingpost:trading_post":1,"minecraft:red_sand":57,"minecraft:gold_nugget":7,"minecraft:cobbled_deepslate":308,"minecraft:spruce_planks":46,"minecraft:written_book":1,"minecraft:cobblestone_slab":1,"minecraft:iron_pickaxe":1,"minecraft:melon_slice":140,"minecraft:coal_block":3,"minecraft:iron_boots":1,"minecraft:furnace":8,"artifacts:universal_attractor":1,"minecraft:stick":229,"born_in_chaos_v1:shattered_skull":2,"minecraft:torch":13,"minecraft:acacia_log":3,"minecraft:green_bed":3,"minecraft:spruce_stairs":1,"minecraft:porkchop":67,"epicfight:skillbook":7,"sophisticatedbackpacks:auto_smelting_upgrade":1,"minecraft:diorite":8,"born_in_chaos_v1:nightmare_claw":2,"minecraft:stone_sword":2,"minecraft:honey_bottle":5,"minecraft:lime_carpet":1,"artifacts:lucky_scarf":1,"minecraft:rotten_flesh":54,"artifacts:villager_hat":1,"minecraft:obsidian":10,"minecraft:cobblestone":416,"minecraft:birch_log":197,"minecraft:enchanting_table":1,"minecraft:lilac":2,"minecraft:andesite":33,"minecraft:jungle_log":2886,"minecraft:smoker":8,"minecraft:potato":9,"minecraft:flint":8,"minecraft:cyan_concrete_powder":1,"minecraft:lapis_lazuli":324,"minecraft:dirt":1015,"born_in_chaos_v1:monster_skin":10,"minecraft:bone":51,"minecraft:chipped_anvil":1,"minecraft:acacia_planks":3,"minecraft:stonecutter":3,"minecraft:wheat_seeds":36,"minecraft:raw_gold":4,"minecraft:fletching_table":21,"minecraft:moss_block":1,"minecraft:cyan_concrete":2,"minecraft:oak_planks":29,"biomesoplenty:cherry_log":2,"minecraft:stripped_acacia_wood":5,"minecraft:jungle_planks":4,"minecraft:dark_oak_log":3,"minecraft:chiseled_sandstone":2,"minecraft:mossy_cobblestone":3,"artifacts:golden_hook":1,"minecraft:diamond":80,"minecraft:lever":2,"minecraft:writable_book":1,"minecraft:granite":19,"minecraft:white_concrete":2,"minecraft:emerald":8,"minecraft:oak_sapling":1,"born_in_chaos_v1:rotten_fish":2,"minecraft:netherrack":45,"valhelsia_structures:unlit_lantern":1,"minecraft:bricks":1,"iter_rpg:spawner_fragment":9,"biomesoplenty:redwood_log":1,"minecraft:cocoa_beans":15,"luminousworld:groundpebbles_1":8,"minecraft:charcoal":4,"minecraft:crafting_table":14,"minecraft:ladder":21,"minecraft:gold_block":3,"minecraft:diamond_horse_armor":1,"minecraft:red_bed":35,"minecraft:moss_carpet":1,"minecraft:orange_concrete":41,"minecraft:iron_axe":1,"artifacts:power_glove":1,"born_in_chaos_v1:intoxicating_decoction":2,"minecraft:cyan_carpet":1,"minecraft:candle":1,"minecraft:beef":2,"minecraft:oak_boat":2,"minecraft:light_gray_wool":12,"born_in_chaos_v1:gnawed_bones":1,"biomesoplenty:cherry_boat":1,"minecraft:player_head":7,"minecraft:jungle_sapling":222,"minecraft:iron_nugget":2,"minecraft:poppy":3,"minecraft:spruce_slab":9,"minecraft:lectern":14,"minecraft:sugar_cane":34,"minecraft:chest":13,"minecraft:birch_sapling":3,"minecraft:egg":6,"minecraft:raw_iron":46,"artifacts:charm_of_sinking":1,"sophisticatedbackpacks:crafting_upgrade":1,"minecraft:carrot":59,"minecraft:redstone":71,"minecraft:dark_oak_planks":2,"minecraft:arrow":24,"minecraft:hay_block":26,"artifacts:cross_necklace":1,"born_in_chaos_v1:spiny_shell":4,"minecraft:saddle":5,"minecraft:gold_ingot":128,"minecraft:totem_of_undying":2,"minecraft:mutton":9,"born_in_chaos_v1:fused_bone":2,"born_in_chaos_v1:corpse_maggot":2,"artifacts:eternal_steak":2,"born_in_chaos_v1:monster_flesh":11,"luminousworld:ishstone":14,"minecraft:cut_sandstone":2,"minecraft:leather":3,"minecraft:birch_planks":18,"minecraft:oak_log":9,"minecraft:yellow_bed":7,"minecraft:gunpowder":2,"artifacts:cloud_in_a_bottle":1,"minecraft:blue_bed":8,"minecraft:white_banner":5,"minecraft:red_sandstone":1,"minecraft:iron_ingot":238,"minecraft:glass_bottle":1,"minecraft:gray_bed":9,"minecraft:book":216,"minecraft:oak_slab":1,"epicfight:stone_greatsword":2,"minecraft:chiseled_stone_bricks":2,"born_in_chaos_v1:ethereal_spirit":5,"minecraft:quartz":26,"minecraft:raw_iron_block":5,"minecraft:gravel":29,"born_in_chaos_v1:fangofthe_hound_leader":3,"minecraft:blast_furnace":17,"minecraft:spruce_door":1,"minecraft:oak_wood":10,"minecraft:gray_wool":1,"minecraft:terracotta":11,"minecraft:coal":185,"minecraft:ender_pearl":1},"minecraft:killed_by":{"minecraft:wither_skeleton":6,"minecraft:creeper":4,"born_in_chaos_v1:spirit_guide":1,"minecraft:pillager":5,"minecraft:vindicator":11,"minecraft:piglin":1,"minecraft:blaze":1,"born_in_chaos_v1:siamese_skeletons":2,"minecraft:zombie":2,"born_in_chaos_v1:dire_hound_leader":1,"minecraft:vex":29,"iter_rpg:fire_elemental":1,"minecraft:player":3,"born_in_chaos_v1:restless_spirit":1,"minecraft:iron_golem":1,"born_in_chaos_v1:siamese_skeletonsleft":1,"minecraft:hoglin":2,"minecraft:skeleton":7,"minecraft:phantom":4,"born_in_chaos_v1:corpse_fish":1,"luminousworld:savannah_zombie":1,"luminousworld:savannah_skeleton":2},"minecraft:crafted":{"player_companions:tame_apple":4,"minecraft:oak_planks":76,"biomesoplenty:cherry_planks":8,"minecraft:birch_slab":60,"minecraft:red_sandstone":3,"minecraft:bookshelf":35,"minecraft:iron_boots":1,"minecraft:birch_fence_gate":6,"minecraft:chest":15,"minecraft:oak_slab":6,"sophisticatedbackpacks:backpack":1,"minecraft:emerald":725,"minecraft:cooked_porkchop":51,"minecraft:crafting_table":4,"minecraft:jungle_boat":2,"minecraft:iron_helmet":1,"biomesoplenty:cherry_boat":1,"minecraft:fletching_table":9,"minecraft:birch_planks":788,"minecraft:lectern":5,"minecraft:iron_chestplate":1,"minecraft:diamond_pickaxe":1,"minecraft:shield":1,"sophisticatedbackpacks:diamond_backpack":1,"minecraft:stick":19040,"minecraft:iron_ingot":177,"minecraft:iron_pickaxe":5,"minecraft:gold_ingot":32,"minecraft:raw_iron":45,"minecraft:coal":27,"minecraft:bone_meal":177,"minecraft:leather":4,"minecraft:iron_axe":11,"tradingpost:trading_post":1,"minecraft:dark_oak_planks":12,"minecraft:lead":2,"minecraft:wheat":234,"sophisticatedbackpacks:iron_backpack":1,"minecraft:enchanting_table":1,"minecraft:iron_sword":1,"sophisticatedbackpacks:gold_backpack":2,"minecraft:dark_oak_button":2,"minecraft:bone":6,"minecraft:enchanted_book":17,"minecraft:jungle_planks":9688,"minecraft:bread":68,"minecraft:air":0,"minecraft:oak_boat":1,"minecraft:flint":10,"minecraft:iron_shovel":2,"minecraft:iron_leggings":2,"minecraft:acacia_planks":20,"minecraft:torch":164},"minecraft:dropped":{"minecraft:candle":1,"minecraft:porkchop":11,"wom:diamond_armbracelet":1,"minecraft:baked_potato":12,"minecraft:glass_bottle":3,"minecraft:diamond":64,"sophisticatedbackpacks:auto_smelting_upgrade":1,"minecraft:leather":3,"minecraft:dark_oak_button":2,"biomesoplenty:cherry_boat":1,"minecraft:jungle_planks":3,"minecraft:fletching_table":5,"born_in_chaos_v1:nightmare_claw":1,"minecraft:dirt":35,"born_in_chaos_v1:monster_skin":4,"minecraft:mutton":8,"artifacts:charm_of_sinking":1,"minecraft:jungle_sapling":1,"minecraft:sand":1,"minecraft:iron_pickaxe":2,"valhelsia_structures:unlit_lantern":1,"minecraft:bone":11,"artifacts:power_glove":1,"minecraft:iron_nugget":1,"minecraft:cobbled_deepslate":72,"minecraft:wheat":44,"minecraft:birch_sapling":2,"minecraft:rotten_flesh":38,"minecraft:oak_planks":11,"minecraft:carrot":59,"minecraft:poppy":2,"artifacts:umbrella":1,"born_in_chaos_v1:corpse_maggot":1,"minecraft:ladder":19,"minecraft:arrow":11,"minecraft:beef":1,"minecraft:netherrack":6,"minecraft:lectern":1,"minecraft:bread":99,"minecraft:wheat_seeds":32,"luminousworld:ishstone":13,"minecraft:cobblestone":106,"minecraft:book":18,"minecraft:coal":3,"minecraft:stick":7,"artifacts:lucky_scarf":1,"born_in_chaos_v1:black_argillite":1,"minecraft:diorite":8,"minecraft:iron_leggings":1,"minecraft:oak_stairs":2,"epicfight:stone_greatsword":2,"minecraft:stonecutter":1,"minecraft:iron_axe":1,"sophisticatedbackpacks:crafting_upgrade":1,"minecraft:redstone":21,"biomesoplenty:cherry_planks":3,"minecraft:stone_sword":1,"minecraft:raw_copper":15,"minecraft:cocoa_beans":15,"minecraft:orange_concrete":1,"minecraft:iron_boots":2,"artifacts:golden_hook":1,"minecraft:stripped_acacia_wood":3,"minecraft:flint_and_steel":1,"minecraft:potato":26,"aether:iron_gloves":2,"minecraft:spruce_planks":13,"luminousworld:groundpebbles_1":6,"minecraft:andesite":30,"minecraft:oak_sapling":1,"artifacts:eternal_steak":2,"artifacts:cross_necklace":1,"sophisticatedbackpacks:copper_backpack":1,"minecraft:raw_gold":2},"minecraft:used":{"minecraft:moss_block":1,"minecraft:moss_carpet":1,"minecraft:writable_book":1,"minecraft:red_sand":44,"minecraft:iron_shovel":393,"minecraft:spruce_slab":8,"minecraft:ladder":2,"minecraft:shield":51,"minecraft:chest":35,"minecraft:iron_sword":559,"minecraft:player_head":7,"minecraft:rotten_flesh":2,"minecraft:iron_chestplate":1,"minecraft:mutton":1,"artifacts:umbrella":17,"minecraft:jungle_planks":209,"minecraft:obsidian":10,"minecraft:jungle_sapling":202,"minecraft:lava_bucket":13,"minecraft:bricks":1,"minecraft:birch_sapling":1,"minecraft:furnace":8,"minecraft:gray_bed":5,"player_companions:samurai_default":7,"minecraft:egg":6,"epicfight:skillbook":16,"minecraft:spruce_door":1,"minecraft:oak_planks":74,"minecraft:ender_pearl":4,"artifacts:eternal_steak":8,"luminousworld:groundpebbles_1":2,"minecraft:sugar_cane":7,"tradingpost:trading_post":1,"minecraft:blue_bed":4,"minecraft:jungle_boat":2,"minecraft:golden_apple":7,"minecraft:blast_furnace":17,"minecraft:red_sandstone":4,"minecraft:chiseled_sandstone":2,"minecraft:birch_fence_gate":6,"minecraft:melon_slice":140,"minecraft:bread":34,"minecraft:cyan_carpet":1,"minecraft:lectern":9,"minecraft:gravel":19,"minecraft:lilac":2,"minecraft:andesite":1,"minecraft:white_concrete":2,"minecraft:oak_boat":2,"minecraft:bone_meal":177,"minecraft:enchanting_table":1,"minecraft:flint_and_steel":96,"minecraft:orange_concrete":40,"minecraft:spruce_planks":29,"minecraft:cooked_chicken":3,"minecraft:netherrack":37,"minecraft:torch":171,"minecraft:brewing_stand":1,"minecraft:dirt":629,"minecraft:spruce_stairs":1,"minecraft:granite":11,"biomesoplenty:redwood_log":1,"minecraft:dark_oak_planks":2,"minecraft:chipped_anvil":1,"minecraft:bookshelf":15,"minecraft:iron_axe":329,"minecraft:oak_stairs":6,"minecraft:jungle_log":16,"minecraft:totem_of_undying":2,"epicfight:stone_greatsword":6,"minecraft:golden_carrot":31,"minecraft:cooked_beef":5,"minecraft:cobbled_deepslate":80,"minecraft:acacia_planks":11,"minecraft:brown_bed":4,"minecraft:iron_leggings":2,"minecraft:water_bucket":28,"minecraft:birch_planks":293,"minecraft:cut_sandstone":2,"minecraft:green_bed":2,"minecraft:fletching_table":10,"luminousworld:ishstone":1,"minecraft:cobblestone_slab":1,"minecraft:mossy_cobblestone":3,"minecraft:terracotta":11,"minecraft:crafting_table":17,"minecraft:oak_slab":7,"minecraft:red_bed":28,"minecraft:smoker":8,"minecraft:diamond_pickaxe":13,"minecraft:apple":1,"minecraft:diamond_shovel":543,"biomesoplenty:cherry_boat":1,"minecraft:iron_pickaxe":1162,"minecraft:cobblestone":178,"minecraft:potion":2,"minecraft:porkchop":5,"minecraft:white_banner":1,"minecraft:cooked_porkchop":52,"minecraft:bucket":42,"minecraft:yellow_bed":4,"minecraft:gray_wool":1,"minecraft:splash_potion":4,"epicfight:uchigatana":176},"minecraft:mined":{"minecraft:dark_oak_planks":2,"minecraft:spruce_planks":27,"biomesoplenty:cherry_log":2,"minecraft:jungle_leaves":92,"minecraft:brewing_stand":1,"minecraft:obsidian":10,"minecraft:granite":19,"minecraft:red_sand":61,"minecraft:acacia_log":3,"minecraft:grass_block":555,"minecraft:jungle_log":9,"minecraft:white_concrete":2,"minecraft:coal_block":3,"minecraft:chiseled_stone_bricks":2,"minecraft:spawner":13,"minecraft:orange_concrete":41,"minecraft:raw_iron_block":5,"minecraft:iron_ore":35,"minecraft:cobbled_deepslate":22,"minecraft:fire":19,"minecraft:anvil":3,"minecraft:deepslate_lapis_ore":16,"minecraft:fletching_table":11,"minecraft:brown_bed":5,"minecraft:enchanting_table":1,"minecraft:dirt_path":13,"biomesoplenty:redwood_log":9,"minecraft:oak_stairs":1,"minecraft:player_head":7,"minecraft:spruce_slab":6,"minecraft:green_bed":2,"minecraft:tripwire":3,"minecraft:deepslate_redstone_ore":4,"minecraft:sandstone_slab":3,"minecraft:cut_sandstone":3,"minecraft:red_bed":32,"minecraft:smoker":8,"minecraft:torch":3,"minecraft:blast_furnace":17,"minecraft:melon":28,"minecraft:chest":13,"minecraft:dead_bush":9,"tradingpost:trading_post":1,"minecraft:cobblestone":38,"minecraft:oak_planks":15,"minecraft:sugar_cane":13,"minecraft:bricks":1,"minecraft:wall_torch":6,"minecraft:seagrass":1,"minecraft:grass":66,"biomesoplenty:clover":50,"minecraft:oak_log":9,"minecraft:dirt":411,"luminousworld:grassvariant_3":1,"minecraft:deepslate":295,"minecraft:stonecutter":1,"minecraft:oak_leaves":3,"minecraft:netherrack":43,"luminousworld:savannah_grass_4":1,"luminousworld:groundpebbles_1":3,"minecraft:tuff":2,"minecraft:light_gray_stained_glass_pane":2,"minecraft:mossy_cobblestone":3,"luminousworld:grassvariant_4":1,"minecraft:deepslate_diamond_ore":16,"minecraft:dark_oak_log":3,"minecraft:ladder":8,"minecraft:jungle_planks":3,"born_in_chaos_v1:black_argillite":1,"minecraft:redstone_wire":2,"minecraft:moss_block":1,"luminousworld:groundpebbles_3":1,"minecraft:hay_block":26,"minecraft:black_stained_glass_pane":1,"minecraft:furnace":8,"minecraft:jungle_sapling":34,"minecraft:red_sandstone":1,"valhelsia_structures:cracked_big_glazed_jar":1,"minecraft:chiseled_sandstone":3,"minecraft:andesite":33,"minecraft:gold_block":2,"minecraft:bookshelf":60,"minecraft:cobblestone_slab":1,"minecraft:deepslate_iron_ore":11,"minecraft:cyan_concrete":2,"minecraft:vine":18,"luminousworld:groundpebbles_2":1,"minecraft:stone":362,"minecraft:oak_slab":1,"minecraft:glass_pane":2,"minecraft:smooth_sandstone":1,"minecraft:crafting_table":13,"minecraft:oak_wood":10,"minecraft:cyan_concrete_powder":1,"minecraft:lectern":12,"minecraft:copper_ore":3,"minecraft:lapis_ore":9,"biomesoplenty:sprout":1,"minecraft:deepslate_gold_ore":2,"minecraft:diorite":8,"minecraft:blue_bed":8,"minecraft:spruce_stairs":1,"minecraft:birch_planks":18,"minecraft:gray_bed":8,"minecraft:yellow_bed":7,"minecraft:coal_ore":44,"luminousworld:ishstone":14,"minecraft:cyan_carpet":1,"minecraft:gravel":37,"minecraft:terracotta":11,"minecraft:acacia_planks":3,"minecraft:stripped_acacia_wood":6,"minecraft:chipped_anvil":1,"minecraft:fern":23},"minecraft:custom":{"minecraft:interact_with_crafting_table":64,"minecraft:open_barrel":68,"minecraft:eat_cake_slice":4,"minecraft:leave_game":26,"minecraft:time_since_death":74100,"minecraft:sprint_one_cm":1883218,"minecraft:damage_blocked_by_shield":3535,"minecraft:drop":176,"minecraft:talked_to_villager":55,"minecraft:play_time":735222,"minecraft:deaths":92,"minecraft:jump":8040,"minecraft:walk_on_water_one_cm":94488,"minecraft:interact_with_furnace":12,"minecraft:traded_with_villager":743,"minecraft:sleep_in_bed":43,"minecraft:damage_dealt":47067,"minecraft:crouch_one_cm":209740,"minecraft:interact_with_smoker":9,"minecraft:horse_one_cm":19004,"minecraft:mob_kills":217,"minecraft:damage_dealt_resisted":1807,"minecraft:climb_one_cm":52353,"minecraft:walk_one_cm":2633615,"minecraft:damage_dealt_absorbed":126,"minecraft:sneak_time":42072,"minecraft:walk_under_water_one_cm":176573,"minecraft:boat_one_cm":2296,"minecraft:interact_with_blast_furnace":17,"minecraft:total_world_time":735222,"minecraft:raid_trigger":1,"minecraft:time_since_rest":2643,"minecraft:damage_absorbed":291,"minecraft:damage_taken":39616,"minecraft:swim_one_cm":158075,"minecraft:fly_one_cm":3864719,"minecraft:open_chest":351,"minecraft:fall_one_cm":803734},"minecraft:broken":{"minecraft:iron_shovel":1,"minecraft:iron_leggings":1,"minecraft:iron_sword":2,"minecraft:shield":1,"minecraft:iron_axe":12,"minecraft:iron_pickaxe":4,"minecraft:iron_helmet":2},"minecraft:killed":{"born_in_chaos_v1:zombie_clown":2,"minecraft:witch":2,"born_in_chaos_v1:restless_spirit":2,"born_in_chaos_v1:zombie_lumberjack":2,"born_in_chaos_v1:seared_spirit":1,"born_in_chaos_v1:skeleton_demoman":1,"minecraft:spider":1,"born_in_chaos_v1:siamese_skeletonsright":2,"minecraft:skeleton":14,"artifacts:mimic":3,"minecraft:pig":21,"minecraft:zombie_villager":1,"minecraft:creeper":2,"minecraft:sheep":1,"minecraft:trader_llama":2,"minecraft:pillager":23,"luminousworld:savannah_skeleton":12,"minecraft:zombie":19,"born_in_chaos_v1:dread_hound":6,"born_in_chaos_v1:corpse_fly":1,"born_in_chaos_v1:door_knight":1,"born_in_chaos_v1:siamese_skeletonsleft":2,"minecraft:evoker":2,"minecraft:vindicator":11,"luminousworld:sunken_skeleton":2,"born_in_chaos_v1:thornshell_crab":1,"born_in_chaos_v1:maggot":4,"minecraft:phantom":2,"minecraft:horse":1,"born_in_chaos_v1:dire_hound_leader":1,"minecraft:drowned":1,"luminousworld:savannah_zombie":10,"minecraft:husk":6,"born_in_chaos_v1:baby_skeleton":2,"minecraft:wandering_trader":1,"minecraft:ravager":3,"minecraft:hoglin":6,"born_in_chaos_v1:decrepit_skeleton":7,"born_in_chaos_v1:nightmare_stalker":1,"minecraft:wither_skeleton":17,"minecraft:villager":5,"minecraft:enderman":1}},"DataVersion":3120}