{"stats":{"minecraft:picked_up":{"iter_rpg:spawner_fragment":23,"luminousworld:groundpebbles_1":1,"minecraft:crafting_table":12,"minecraft:wheat":937,"minecraft:ladder":1,"minecraft:prismarine_shard":2,"minecraft:yellow_wool":8,"aether:iron_gloves":2,"minecraft:crimson_planks":4,"minecraft:string":2,"minecraft:red_bed":21,"minecraft:orange_concrete":7,"minecraft:orange_concrete_powder":1,"minecraft:gold_nugget":6,"minecraft:spruce_planks":24,"iter_rpg:coin":1,"minecraft:beef":9,"minecraft:player_head":1,"minecraft:cyan_wool":4,"minecraft:iron_nugget":10,"minecraft:poppy":3,"minecraft:sugar_cane":9,"minecraft:blue_wool":5,"minecraft:dark_oak_door":1,"minecraft:stick":41,"born_in_chaos_v1:shattered_skull":1,"luminousworld:blue_petunias":1,"minecraft:acacia_log":7,"minecraft:spruce_stairs":19,"epicfight:skillbook":7,"minecraft:yellow_concrete_powder":4,"minecraft:dark_oak_planks":22,"minecraft:arrow":10,"minecraft:rotten_flesh":18,"aether:chainmail_gloves":1,"minecraft:hay_block":104,"minecraft:iron_block":5,"minecraft:stripped_dark_oak_wood":3,"born_in_chaos_v1:spiny_shell":3,"minecraft:green_wool":2,"sophisticatedbackpacks:copper_backpack":1,"minecraft:brick_stairs":1,"minecraft:white_wool":1,"minecraft:cobblestone":24,"born_in_chaos_v1:corpse_maggot":2,"minecraft:cooked_beef":1,"born_in_chaos_v1:monster_flesh":2,"minecraft:leather":5,"minecraft:golden_leggings":1,"minecraft:birch_planks":6,"minecraft:ice":1,"minecraft:oak_log":5,"minecraft:yellow_bed":6,"minecraft:gunpowder":11,"minecraft:cyan_concrete_powder":2,"minecraft:dirt":3,"minecraft:orange_terracotta":4,"minecraft:bone":18,"minecraft:bow":1,"minecraft:wheat_seeds":899,"minecraft:iron_ingot":18,"iter_rpg:water_fragment":2,"minecraft:iron_sword":3,"minecraft:oak_planks":6,"minecraft:acacia_sapling":1,"minecraft:dark_oak_stairs":1,"minecraft:yellow_concrete":2,"minecraft:red_wool":16,"born_in_chaos_v1:ethereal_spirit":2,"minecraft:sand":19,"minecraft:jungle_planks":6,"minecraft:birch_stairs":1,"born_in_chaos_v1:dark_rod":1,"minecraft:green_carpet":1,"minecraft:spider_eye":2,"minecraft:crossbow":2,"minecraft:gray_wool":4,"minecraft:terracotta":4,"minecraft:baked_potato":1,"minecraft:oak_sapling":1,"born_in_chaos_v1:rotten_fish":2,"minecraft:bricks":2,"minecraft:coal":29},"minecraft:killed_by":{"minecraft:zombie_villager":3,"minecraft:creeper":1,"minecraft:pillager":22,"minecraft:iron_golem":6,"born_in_chaos_v1:zombie_clown":1,"minecraft:skeleton":59,"iter_rpg:giant_spider":1,"minecraft:witch":3,"minecraft:zombie":1,"born_in_chaos_v1:skeleton_demoman":3},"minecraft:crafted":{"minecraft:oak_planks":20,"minecraft:iron_boots":1,"minecraft:iron_axe":1,"minecraft:iron_hoe":1,"sophisticatedbackpacks:iron_backpack":1,"minecraft:wheat":513,"minecraft:diamond_sword":1,"epicfight:diamond_longsword":1,"minecraft:crafting_table":8,"minecraft:iron_helmet":1,"minecraft:iron_sword":3,"minecraft:golden_pickaxe":2,"sophisticatedbackpacks:gold_backpack":1,"minecraft:gold_block":41,"epicfight:iron_longsword":2,"minecraft:bread":190,"minecraft:iron_chestplate":1,"minecraft:shield":1,"sophisticatedbackpacks:diamond_backpack":1,"minecraft:iron_ingot":188,"minecraft:iron_block":69,"minecraft:gold_ingot":58,"minecraft:acacia_planks":28},"minecraft:used":{"minecraft:orange_concrete":7,"minecraft:spruce_planks":16,"minecraft:shield":14,"minecraft:iron_sword":363,"minecraft:player_head":1,"minecraft:iron_chestplate":1,"minecraft:jungle_planks":6,"minecraft:spruce_stairs":18,"minecraft:diamond_helmet":2,"minecraft:cyan_wool":1,"minecraft:iron_hoe":103,"minecraft:dark_oak_planks":6,"minecraft:red_wool":8,"minecraft:iron_axe":132,"minecraft:green_wool":2,"minecraft:iron_boots":1,"minecraft:yellow_concrete_powder":4,"minecraft:diamond_chestplate":2,"minecraft:cyan_concrete_powder":2,"minecraft:cooked_beef":1,"minecraft:orange_terracotta":4,"minecraft:iron_leggings":1,"minecraft:wheat_seeds":3,"epicfight:skillbook":41,"minecraft:birch_planks":1,"minecraft:baked_potato":1,"minecraft:ender_pearl":6,"minecraft:golden_apple":1,"minecraft:white_wool":1,"minecraft:terracotta":4,"minecraft:crafting_table":20,"minecraft:red_bed":21,"minecraft:yellow_concrete":2,"minecraft:iron_pickaxe":54,"minecraft:bread":108,"minecraft:yellow_wool":6,"minecraft:cobblestone":8,"minecraft:ice":1,"minecraft:yellow_bed":6,"epicfight:diamond_longsword":36,"minecraft:gray_wool":4,"epicfight:uchigatana":65,"minecraft:diamond_leggings":2,"minecraft:golden_pickaxe":61,"minecraft:birch_stairs":1},"minecraft:dropped":{"minecraft:iron_ingot":189,"minecraft:iron_sword":5,"minecraft:dark_oak_stairs":1,"minecraft:wheat_seeds":865,"minecraft:iron_helmet":2,"minecraft:red_wool":6,"minecraft:stick":24,"born_in_chaos_v1:monster_flesh":1,"minecraft:iron_block":5,"minecraft:green_carpet":1,"minecraft:iron_leggings":2,"minecraft:gold_nugget":34,"minecraft:orange_concrete_powder":1,"minecraft:string":2,"minecraft:dark_oak_planks":3,"minecraft:gold_ingot":6,"minecraft:bone":5,"minecraft:dark_oak_door":1,"minecraft:bricks":2,"minecraft:iron_nugget":22,"epicfight:uchigatana":1,"minecraft:yellow_wool":1,"minecraft:wheat":2,"minecraft:rotten_flesh":5,"minecraft:oak_planks":2,"minecraft:iron_boots":1,"iter_rpg:spawner_fragment":23,"minecraft:poppy":1,"minecraft:hay_block":1,"minecraft:cyan_wool":2,"minecraft:brick_stairs":1,"aether:iron_gloves":3,"aether:chainmail_gloves":1,"aether:diamond_gloves":3,"minecraft:iron_chestplate":2,"minecraft:oak_sapling":1,"minecraft:ladder":1,"minecraft:arrow":5,"epicfight:skillbook":4},"minecraft:mined":{"minecraft:dark_oak_planks":21,"minecraft:spruce_planks":24,"minecraft:orange_concrete_powder":1,"minecraft:ladder":1,"minecraft:acacia_log":6,"minecraft:jungle_planks":9,"minecraft:brick_stairs":1,"minecraft:magenta_concrete":4,"minecraft:yellow_concrete_powder":4,"minecraft:blue_wool":5,"minecraft:spawner":38,"minecraft:orange_concrete":7,"minecraft:hay_block":103,"minecraft:dark_oak_stairs":1,"minecraft:green_carpet":1,"minecraft:stone":25,"minecraft:player_head":1,"minecraft:white_wool":1,"minecraft:green_wool":2,"minecraft:birch_stairs":1,"minecraft:red_bed":21,"minecraft:red_wool":10,"minecraft:crafting_table":13,"minecraft:cyan_concrete_powder":2,"minecraft:poppy":1,"minecraft:rose_bush":2,"minecraft:dead_bush":39,"minecraft:oak_planks":6,"minecraft:sugar_cane":4,"minecraft:bricks":3,"minecraft:spruce_stairs":19,"minecraft:cyan_wool":2,"minecraft:gray_wool":4,"minecraft:birch_planks":7,"minecraft:wheat":8,"minecraft:yellow_wool":8,"minecraft:birch_leaves":2,"minecraft:yellow_bed":6,"minecraft:grass":2,"minecraft:coal_ore":29,"minecraft:oak_log":5,"minecraft:yellow_concrete":2,"minecraft:crimson_planks":5,"minecraft:fern":2},"minecraft:broken":{"minecraft:iron_leggings":1,"minecraft:shield":1,"minecraft:iron_helmet":1,"minecraft:golden_pickaxe":2},"minecraft:custom":{"minecraft:mob_kills":124,"minecraft:interact_with_crafting_table":52,"minecraft:open_barrel":97,"minecraft:damage_dealt_resisted":224,"minecraft:leave_game":6,"minecraft:time_since_death":16503,"minecraft:climb_one_cm":21333,"minecraft:sprint_one_cm":1098569,"minecraft:walk_one_cm":903938,"minecraft:damage_blocked_by_shield":3302,"minecraft:drop":113,"minecraft:damage_dealt_absorbed":672,"minecraft:talked_to_villager":2,"minecraft:play_time":269233,"minecraft:deaths":105,"minecraft:sneak_time":5498,"minecraft:walk_under_water_one_cm":8722,"minecraft:jump":5553,"minecraft:walk_on_water_one_cm":15621,"minecraft:total_world_time":269233,"minecraft:sleep_in_bed":11,"minecraft:time_since_rest":16526,"minecraft:damage_taken":33693,"minecraft:damage_absorbed":39,"minecraft:damage_dealt":24889,"minecraft:swim_one_cm":18370,"minecraft:fly_one_cm":2076723,"minecraft:player_kills":4,"minecraft:open_chest":88,"minecraft:crouch_one_cm":47989,"minecraft:fall_one_cm":277473},"minecraft:killed":{"iter_rpg:goblin":1,"minecraft:witch":3,"born_in_chaos_v1:restless_spirit":1,"born_in_chaos_v1:skeleton_demoman":1,"minecraft:endermite":1,"minecraft:vindicator":1,"born_in_chaos_v1:thornshell_crab":1,"born_in_chaos_v1:maggot":3,"minecraft:skeleton":10,"iter_rpg:water_elemental":1,"minecraft:parrot":1,"minecraft:pig":1,"born_in_chaos_v1:baby_skeleton":1,"luminousworld:hollow":1,"minecraft:zombie_villager":10,"born_in_chaos_v1:spirit_guide_assistant":1,"minecraft:iron_golem":2,"iter_rpg:spiderling":2,"minecraft:creeper":4,"born_in_chaos_v1:decrepit_skeleton":3,"minecraft:pillager":19,"minecraft:zombie":10,"born_in_chaos_v1:dread_hound":1,"born_in_chaos_v1:corpse_fly":5,"born_in_chaos_v1:dark_vortex":1,"iter_rpg:goblin_warrior":1,"iter_rpg:giant_spider":1,"minecraft:villager":1,"minecraft:cow":7}},"DataVersion":3120}