{"stats":{"minecraft:picked_up":{"iter_rpg:spawner_fragment":7,"minecraft:crafting_table":8,"minecraft:yellow_wool":6,"minecraft:birch_planks":6,"minecraft:gunpowder":2,"minecraft:cyan_concrete_powder":2,"minecraft:red_bed":10,"minecraft:orange_concrete":6,"minecraft:orange_terracotta":4,"minecraft:bone":4,"minecraft:orange_concrete_powder":1,"minecraft:gold_nugget":2,"minecraft:player_head":1,"minecraft:cyan_wool":1,"minecraft:poppy":1,"minecraft:dark_oak_stairs":1,"minecraft:dark_oak_door":1,"minecraft:stick":38,"minecraft:red_wool":10,"minecraft:birch_stairs":1,"minecraft:yellow_concrete_powder":4,"minecraft:green_carpet":1,"minecraft:dark_oak_planks":13,"minecraft:arrow":1,"minecraft:green_wool":2,"minecraft:terracotta":4},"minecraft:killed_by":{"minecraft:skeleton":19,"minecraft:pillager":14,"born_in_chaos_v1:skeleton_demoman":2},"minecraft:crafted":{"minecraft:crafting_table":2,"minecraft:iron_helmet":1,"minecraft:iron_sword":1,"minecraft:golden_pickaxe":1,"minecraft:gold_block":15,"minecraft:iron_boots":1,"minecraft:iron_chestplate":1,"minecraft:shield":1,"minecraft:iron_axe":1,"minecraft:iron_ingot":43,"minecraft:iron_block":23,"minecraft:gold_ingot":49},"minecraft:used":{"minecraft:orange_concrete":6,"minecraft:birch_planks":1,"minecraft:shield":3,"minecraft:iron_sword":23,"minecraft:player_head":1,"minecraft:iron_chestplate":1,"minecraft:terracotta":4,"minecraft:crafting_table":9,"minecraft:red_bed":10,"minecraft:cyan_wool":1,"minecraft:dark_oak_planks":4,"minecraft:red_wool":8,"minecraft:iron_axe":25,"minecraft:bread":1,"minecraft:green_wool":2,"minecraft:yellow_wool":6,"minecraft:yellow_concrete_powder":4,"minecraft:cyan_concrete_powder":2,"minecraft:orange_terracotta":4,"minecraft:golden_pickaxe":20,"minecraft:iron_leggings":1,"minecraft:birch_stairs":1},"minecraft:dropped":{"minecraft:dark_oak_door":1,"minecraft:dark_oak_stairs":1,"minecraft:iron_nugget":3,"iter_rpg:spawner_fragment":1,"minecraft:stick":1,"minecraft:poppy":1,"minecraft:green_carpet":1,"minecraft:gold_nugget":3,"minecraft:string":1},"minecraft:mined":{"minecraft:dark_oak_planks":13,"minecraft:birch_stairs":1,"minecraft:red_wool":10,"minecraft:red_bed":10,"minecraft:orange_concrete_powder":1,"minecraft:crafting_table":8,"minecraft:cyan_concrete_powder":2,"minecraft:poppy":1,"minecraft:dead_bush":39,"minecraft:yellow_concrete_powder":4,"minecraft:spawner":10,"minecraft:orange_concrete":6,"minecraft:cyan_wool":1,"minecraft:birch_planks":6,"minecraft:yellow_wool":6,"minecraft:birch_leaves":2,"minecraft:dark_oak_stairs":1,"minecraft:green_carpet":1,"minecraft:player_head":1,"minecraft:green_wool":2},"minecraft:killed":{"minecraft:creeper":1,"minecraft:skeleton":1},"minecraft:custom":{"minecraft:mob_kills":4,"minecraft:interact_with_crafting_table":25,"minecraft:open_barrel":30,"minecraft:time_since_death":2844,"minecraft:sleep_in_bed":2,"minecraft:climb_one_cm":898,"minecraft:time_since_rest":2869,"minecraft:sprint_one_cm":322411,"minecraft:damage_taken":9221,"minecraft:walk_one_cm":140928,"minecraft:damage_blocked_by_shield":855,"minecraft:drop":11,"minecraft:damage_dealt":2069,"minecraft:fly_one_cm":569319,"minecraft:player_kills":3,"minecraft:open_chest":16,"minecraft:crouch_one_cm":6699,"minecraft:play_time":42209,"minecraft:deaths":36,"minecraft:sneak_time":1049,"minecraft:jump":1570,"minecraft:total_world_time":42209,"minecraft:fall_one_cm":42237}},"DataVersion":3120}