{"stats":{"minecraft:picked_up":{"iter_rpg:spawner_fragment":21,"minecraft:crafting_table":8,"minecraft:yellow_wool":6,"minecraft:birch_planks":6,"minecraft:gunpowder":2,"minecraft:cyan_concrete_powder":2,"minecraft:red_bed":16,"minecraft:orange_concrete":6,"minecraft:orange_terracotta":4,"minecraft:bone":4,"minecraft:orange_concrete_powder":1,"minecraft:gold_nugget":6,"minecraft:spruce_planks":24,"minecraft:iron_nugget":9,"minecraft:player_head":1,"minecraft:cyan_wool":1,"minecraft:poppy":1,"minecraft:dark_oak_stairs":1,"minecraft:dark_oak_door":1,"minecraft:stick":38,"minecraft:spruce_stairs":19,"minecraft:red_wool":14,"minecraft:jungle_planks":6,"minecraft:birch_stairs":1,"minecraft:yellow_concrete_powder":4,"minecraft:green_carpet":1,"minecraft:dark_oak_planks":13,"minecraft:arrow":5,"minecraft:green_wool":2,"minecraft:terracotta":4},"minecraft:killed_by":{"minecraft:skeleton":38,"minecraft:pillager":15,"born_in_chaos_v1:skeleton_demoman":2},"minecraft:crafted":{"minecraft:crafting_table":4,"minecraft:iron_helmet":1,"minecraft:iron_sword":1,"minecraft:golden_pickaxe":2,"minecraft:gold_block":31,"minecraft:bread":19,"minecraft:iron_boots":1,"minecraft:iron_chestplate":1,"minecraft:shield":1,"minecraft:iron_axe":1,"minecraft:iron_ingot":61,"minecraft:iron_block":48,"minecraft:gold_ingot":58},"minecraft:used":{"minecraft:orange_concrete":6,"minecraft:birch_planks":1,"minecraft:spruce_planks":16,"minecraft:shield":14,"minecraft:iron_sword":38,"minecraft:player_head":1,"minecraft:iron_chestplate":1,"minecraft:terracotta":4,"minecraft:crafting_table":12,"minecraft:red_bed":16,"minecraft:jungle_planks":6,"minecraft:spruce_stairs":18,"minecraft:cyan_wool":1,"minecraft:dark_oak_planks":4,"minecraft:red_wool":8,"minecraft:iron_axe":83,"minecraft:bread":7,"minecraft:green_wool":2,"minecraft:yellow_wool":6,"minecraft:yellow_concrete_powder":4,"minecraft:cyan_concrete_powder":2,"minecraft:orange_terracotta":4,"epicfight:uchigatana":2,"minecraft:golden_pickaxe":39,"minecraft:iron_leggings":1,"minecraft:birch_stairs":1},"minecraft:dropped":{"minecraft:dark_oak_door":1,"minecraft:iron_sword":1,"minecraft:dark_oak_stairs":1,"minecraft:iron_nugget":22,"minecraft:iron_helmet":1,"minecraft:iron_boots":1,"minecraft:red_wool":4,"iter_rpg:spawner_fragment":21,"minecraft:stick":1,"minecraft:poppy":1,"aether:iron_gloves":1,"aether:diamond_gloves":2,"minecraft:iron_chestplate":2,"minecraft:iron_leggings":2,"minecraft:green_carpet":1,"minecraft:gold_nugget":15,"minecraft:orange_concrete_powder":1,"minecraft:arrow":3,"minecraft:string":2,"minecraft:bone":4},"minecraft:mined":{"minecraft:dark_oak_planks":13,"minecraft:birch_stairs":1,"minecraft:spruce_planks":24,"minecraft:red_wool":10,"minecraft:red_bed":16,"minecraft:orange_concrete_powder":1,"minecraft:crafting_table":8,"minecraft:cyan_concrete_powder":2,"minecraft:jungle_planks":9,"minecraft:poppy":1,"minecraft:dead_bush":39,"minecraft:yellow_concrete_powder":4,"minecraft:spruce_stairs":19,"minecraft:spawner":27,"minecraft:orange_concrete":6,"minecraft:cyan_wool":1,"minecraft:birch_planks":7,"minecraft:yellow_wool":6,"minecraft:birch_leaves":2,"minecraft:dark_oak_stairs":1,"minecraft:green_carpet":1,"minecraft:player_head":1,"minecraft:green_wool":2},"minecraft:killed":{"minecraft:creeper":1,"minecraft:skeleton":2},"minecraft:broken":{"minecraft:shield":1,"minecraft:iron_helmet":1,"minecraft:golden_pickaxe":1},"minecraft:custom":{"minecraft:mob_kills":8,"minecraft:interact_with_crafting_table":36,"minecraft:open_barrel":52,"minecraft:time_since_death":1652,"minecraft:sleep_in_bed":6,"minecraft:climb_one_cm":898,"minecraft:time_since_rest":1677,"minecraft:sprint_one_cm":507682,"minecraft:damage_taken":16365,"minecraft:walk_one_cm":206328,"minecraft:damage_blocked_by_shield":3302,"minecraft:drop":43,"minecraft:damage_dealt":2857,"minecraft:fly_one_cm":800726,"minecraft:player_kills":3,"minecraft:open_chest":63,"minecraft:crouch_one_cm":21116,"minecraft:play_time":66209,"minecraft:deaths":57,"minecraft:sneak_time":2427,"minecraft:jump":2208,"minecraft:total_world_time":66209,"minecraft:fall_one_cm":63721}},"DataVersion":3120}