{"stats":{"minecraft:picked_up":{"minecraft:stick":1},"minecraft:killed_by":{"minecraft:pillager":2},"minecraft:dropped":{"minecraft:stick":1},"minecraft:used":{"minecraft:iron_leggings":1},"minecraft:mined":{"minecraft:dead_bush":2},"minecraft:custom":{"minecraft:jump":276,"minecraft:open_chest":1,"minecraft:time_since_rest":206,"minecraft:damage_dealt":605,"minecraft:crouch_one_cm":1235,"minecraft:deaths":3,"minecraft:sprint_one_cm":30381,"minecraft:play_time":6209,"minecraft:damage_taken":855,"minecraft:time_since_death":181,"minecraft:walk_one_cm":20786,"minecraft:sneak_time":100,"minecraft:total_world_time":6209,"minecraft:drop":1,"minecraft:fall_one_cm":11877,"minecraft:fly_one_cm":91936,"minecraft:player_kills":3}},"DataVersion":3120}