{"stats":{"minecraft:picked_up":{"iter_rpg:spawner_fragment":23,"minecraft:crafting_table":8,"minecraft:ladder":1,"minecraft:prismarine_shard":2,"minecraft:yellow_wool":7,"aether:iron_gloves":2,"minecraft:crimson_planks":4,"minecraft:red_bed":21,"minecraft:orange_concrete":7,"minecraft:orange_concrete_powder":1,"minecraft:gold_nugget":6,"minecraft:spruce_planks":24,"minecraft:poppy":1,"minecraft:player_head":1,"minecraft:cyan_wool":4,"minecraft:iron_nugget":9,"minecraft:dark_oak_door":1,"minecraft:blue_wool":5,"minecraft:stick":38,"born_in_chaos_v1:shattered_skull":1,"minecraft:spruce_stairs":19,"epicfight:skillbook":2,"minecraft:yellow_concrete_powder":4,"minecraft:dark_oak_planks":22,"minecraft:arrow":8,"minecraft:rotten_flesh":5,"minecraft:iron_block":5,"minecraft:green_wool":2,"sophisticatedbackpacks:copper_backpack":1,"minecraft:brick_stairs":1,"minecraft:white_wool":1,"born_in_chaos_v1:corpse_maggot":2,"minecraft:golden_leggings":1,"minecraft:birch_planks":6,"minecraft:ice":1,"minecraft:yellow_bed":4,"minecraft:gunpowder":2,"minecraft:cyan_concrete_powder":2,"minecraft:orange_terracotta":4,"minecraft:bone":9,"minecraft:bow":1,"minecraft:wheat_seeds":1,"minecraft:iron_ingot":12,"iter_rpg:water_fragment":2,"minecraft:iron_sword":2,"minecraft:oak_planks":6,"minecraft:dark_oak_stairs":1,"minecraft:yellow_concrete":2,"minecraft:red_wool":16,"minecraft:jungle_planks":6,"minecraft:birch_stairs":1,"minecraft:green_carpet":1,"minecraft:gray_wool":4,"minecraft:terracotta":4,"minecraft:bricks":2},"minecraft:killed_by":{"minecraft:creeper":1,"minecraft:pillager":20,"minecraft:skeleton":58,"born_in_chaos_v1:skeleton_demoman":2},"minecraft:crafted":{"minecraft:iron_boots":1,"minecraft:iron_axe":1,"sophisticatedbackpacks:iron_backpack":1,"minecraft:crafting_table":7,"minecraft:iron_helmet":1,"minecraft:iron_sword":1,"minecraft:golden_pickaxe":2,"sophisticatedbackpacks:gold_backpack":1,"minecraft:gold_block":41,"minecraft:bread":19,"minecraft:iron_chestplate":1,"minecraft:shield":1,"sophisticatedbackpacks:diamond_backpack":1,"minecraft:iron_ingot":188,"minecraft:iron_block":69,"minecraft:gold_ingot":58},"minecraft:used":{"minecraft:orange_concrete":7,"minecraft:spruce_planks":16,"minecraft:shield":14,"minecraft:iron_sword":39,"minecraft:player_head":1,"minecraft:iron_chestplate":1,"minecraft:jungle_planks":6,"minecraft:spruce_stairs":18,"minecraft:diamond_helmet":1,"minecraft:cyan_wool":1,"minecraft:dark_oak_planks":6,"minecraft:red_wool":8,"minecraft:iron_axe":110,"minecraft:green_wool":2,"minecraft:iron_boots":1,"minecraft:yellow_concrete_powder":4,"minecraft:diamond_chestplate":1,"minecraft:cyan_concrete_powder":2,"minecraft:orange_terracotta":4,"minecraft:iron_leggings":1,"minecraft:birch_planks":1,"minecraft:ender_pearl":2,"minecraft:white_wool":1,"minecraft:terracotta":4,"minecraft:crafting_table":15,"minecraft:red_bed":21,"minecraft:yellow_concrete":2,"minecraft:bread":32,"minecraft:yellow_wool":6,"minecraft:ice":1,"minecraft:yellow_bed":4,"minecraft:gray_wool":4,"epicfight:uchigatana":49,"minecraft:golden_pickaxe":61,"minecraft:birch_stairs":1},"minecraft:dropped":{"minecraft:iron_ingot":128,"minecraft:iron_sword":4,"minecraft:dark_oak_stairs":1,"minecraft:wheat_seeds":1,"minecraft:iron_helmet":2,"minecraft:red_wool":6,"minecraft:stick":24,"minecraft:iron_block":5,"minecraft:iron_leggings":2,"minecraft:green_carpet":1,"minecraft:gold_nugget":34,"minecraft:orange_concrete_powder":1,"minecraft:dark_oak_planks":3,"minecraft:string":2,"minecraft:gold_ingot":6,"minecraft:bone":5,"minecraft:dark_oak_door":1,"minecraft:bricks":2,"minecraft:iron_nugget":22,"minecraft:yellow_wool":1,"minecraft:iron_boots":1,"minecraft:oak_planks":2,"iter_rpg:spawner_fragment":23,"minecraft:poppy":1,"minecraft:cyan_wool":2,"minecraft:brick_stairs":1,"aether:iron_gloves":2,"aether:diamond_gloves":3,"minecraft:iron_chestplate":2,"minecraft:ladder":1,"minecraft:arrow":5,"epicfight:skillbook":1},"minecraft:mined":{"minecraft:dark_oak_planks":21,"minecraft:spruce_planks":24,"minecraft:orange_concrete_powder":1,"minecraft:ladder":1,"minecraft:jungle_planks":9,"minecraft:brick_stairs":1,"minecraft:magenta_concrete":4,"minecraft:yellow_concrete_powder":4,"minecraft:blue_wool":5,"minecraft:spawner":38,"minecraft:orange_concrete":7,"minecraft:dark_oak_stairs":1,"minecraft:green_carpet":1,"minecraft:player_head":1,"minecraft:white_wool":1,"minecraft:green_wool":2,"minecraft:birch_stairs":1,"minecraft:red_wool":10,"minecraft:red_bed":21,"minecraft:crafting_table":8,"minecraft:cyan_concrete_powder":2,"minecraft:poppy":1,"minecraft:rose_bush":2,"minecraft:dead_bush":39,"minecraft:oak_planks":6,"minecraft:bricks":3,"minecraft:spruce_stairs":19,"minecraft:cyan_wool":2,"minecraft:gray_wool":4,"minecraft:birch_planks":7,"minecraft:yellow_wool":7,"minecraft:birch_leaves":2,"minecraft:yellow_bed":4,"minecraft:yellow_concrete":2,"minecraft:crimson_planks":5,"minecraft:fern":1},"minecraft:broken":{"minecraft:shield":1,"minecraft:iron_helmet":1,"minecraft:golden_pickaxe":2},"minecraft:killed":{"minecraft:endermite":1,"minecraft:skeleton":4,"iter_rpg:water_elemental":1,"luminousworld:hollow":1,"born_in_chaos_v1:baby_skeleton":1,"minecraft:creeper":1,"born_in_chaos_v1:decrepit_skeleton":2,"minecraft:zombie":4,"born_in_chaos_v1:corpse_fly":2},"minecraft:custom":{"minecraft:mob_kills":23,"minecraft:interact_with_crafting_table":43,"minecraft:open_barrel":75,"minecraft:leave_game":1,"minecraft:time_since_death":13737,"minecraft:climb_one_cm":1502,"minecraft:sprint_one_cm":718493,"minecraft:walk_one_cm":359177,"minecraft:damage_blocked_by_shield":3302,"minecraft:drop":74,"minecraft:damage_dealt_absorbed":252,"minecraft:play_time":114076,"minecraft:deaths":85,"minecraft:sneak_time":4203,"minecraft:walk_under_water_one_cm":4084,"minecraft:jump":3246,"minecraft:total_world_time":114076,"minecraft:sleep_in_bed":9,"minecraft:time_since_rest":13409,"minecraft:damage_taken":24319,"minecraft:damage_dealt":5914,"minecraft:swim_one_cm":97,"minecraft:fly_one_cm":1103721,"minecraft:player_kills":3,"minecraft:open_chest":79,"minecraft:crouch_one_cm":33349,"minecraft:fall_one_cm":105944}},"DataVersion":3120}