{"stats":{"minecraft:picked_up":{"iter_rpg:spawner_fragment":1,"minecraft:crafting_table":1,"minecraft:yellow_wool":6,"minecraft:birch_planks":6,"minecraft:gunpowder":2,"minecraft:cyan_concrete_powder":2,"minecraft:red_bed":3,"minecraft:orange_concrete":2,"minecraft:orange_terracotta":4,"minecraft:bone":4,"minecraft:player_head":1,"minecraft:cyan_wool":1,"minecraft:poppy":1,"minecraft:dark_oak_stairs":1,"minecraft:dark_oak_door":1,"minecraft:stick":38,"minecraft:red_wool":10,"minecraft:birch_stairs":1,"minecraft:yellow_concrete_powder":4,"minecraft:green_carpet":1,"minecraft:dark_oak_planks":13,"minecraft:arrow":1,"minecraft:green_wool":2,"minecraft:terracotta":4},"minecraft:killed_by":{"minecraft:skeleton":13,"minecraft:pillager":12,"born_in_chaos_v1:skeleton_demoman":2},"minecraft:crafted":{"minecraft:crafting_table":2,"minecraft:iron_helmet":1,"minecraft:iron_sword":1,"minecraft:golden_pickaxe":1,"minecraft:iron_boots":1,"minecraft:iron_chestplate":1,"minecraft:shield":1,"minecraft:iron_axe":1,"minecraft:gold_ingot":11},"minecraft:used":{"minecraft:orange_concrete":2,"minecraft:birch_planks":1,"minecraft:shield":2,"minecraft:iron_sword":15,"minecraft:player_head":1,"minecraft:iron_chestplate":1,"minecraft:terracotta":4,"minecraft:crafting_table":3,"minecraft:red_bed":1,"minecraft:cyan_wool":1,"minecraft:dark_oak_planks":4,"minecraft:red_wool":8,"minecraft:iron_axe":13,"minecraft:bread":1,"minecraft:green_wool":2,"minecraft:yellow_wool":6,"minecraft:yellow_concrete_powder":4,"minecraft:cyan_concrete_powder":2,"minecraft:orange_terracotta":4,"minecraft:golden_pickaxe":5,"minecraft:iron_leggings":1},"minecraft:dropped":{"minecraft:dark_oak_stairs":1,"iter_rpg:spawner_fragment":1,"minecraft:stick":1,"minecraft:poppy":1,"minecraft:green_carpet":1},"minecraft:mined":{"minecraft:dark_oak_planks":13,"minecraft:birch_stairs":1,"minecraft:red_wool":10,"minecraft:red_bed":3,"minecraft:crafting_table":1,"minecraft:cyan_concrete_powder":2,"minecraft:poppy":1,"minecraft:dead_bush":39,"minecraft:yellow_concrete_powder":4,"minecraft:spawner":1,"minecraft:orange_concrete":2,"minecraft:cyan_wool":1,"minecraft:birch_planks":6,"minecraft:yellow_wool":6,"minecraft:birch_leaves":2,"minecraft:dark_oak_stairs":1,"minecraft:green_carpet":1,"minecraft:player_head":1,"minecraft:green_wool":2},"minecraft:killed":{"minecraft:creeper":1,"minecraft:skeleton":1},"minecraft:custom":{"minecraft:mob_kills":3,"minecraft:interact_with_crafting_table":12,"minecraft:open_barrel":10,"minecraft:time_since_death":1196,"minecraft:sleep_in_bed":1,"minecraft:climb_one_cm":898,"minecraft:time_since_rest":515,"minecraft:sprint_one_cm":226388,"minecraft:damage_taken":7618,"minecraft:walk_one_cm":99306,"minecraft:damage_blocked_by_shield":570,"minecraft:drop":5,"minecraft:damage_dealt":1669,"minecraft:fly_one_cm":467918,"minecraft:player_kills":3,"minecraft:open_chest":9,"minecraft:crouch_one_cm":6237,"minecraft:play_time":30209,"minecraft:deaths":28,"minecraft:sneak_time":985,"minecraft:jump":1285,"minecraft:total_world_time":30209,"minecraft:fall_one_cm":37549}},"DataVersion":3120}