{"stats":{"minecraft:picked_up":{"iter_rpg:spawner_fragment":23,"luminousworld:groundpebbles_1":1,"minecraft:crafting_table":8,"minecraft:wheat":2,"minecraft:ladder":1,"minecraft:prismarine_shard":2,"minecraft:yellow_wool":8,"aether:iron_gloves":2,"minecraft:crimson_planks":4,"minecraft:red_bed":21,"minecraft:orange_concrete":7,"minecraft:orange_concrete_powder":1,"minecraft:gold_nugget":6,"iter_rpg:coin":1,"minecraft:spruce_planks":24,"minecraft:beef":9,"minecraft:poppy":1,"minecraft:player_head":1,"minecraft:cyan_wool":4,"minecraft:iron_nugget":10,"minecraft:dark_oak_door":1,"minecraft:blue_wool":5,"minecraft:stick":38,"born_in_chaos_v1:shattered_skull":1,"minecraft:acacia_log":7,"minecraft:spruce_stairs":19,"epicfight:skillbook":3,"minecraft:yellow_concrete_powder":4,"minecraft:dark_oak_planks":22,"minecraft:arrow":8,"minecraft:rotten_flesh":5,"minecraft:hay_block":1,"minecraft:iron_block":5,"born_in_chaos_v1:spiny_shell":3,"minecraft:green_wool":2,"sophisticatedbackpacks:copper_backpack":1,"minecraft:brick_stairs":1,"minecraft:white_wool":1,"born_in_chaos_v1:corpse_maggot":2,"born_in_chaos_v1:monster_flesh":2,"minecraft:leather":4,"minecraft:golden_leggings":1,"minecraft:birch_planks":6,"minecraft:ice":1,"minecraft:yellow_bed":5,"minecraft:gunpowder":5,"minecraft:cyan_concrete_powder":2,"minecraft:dirt":3,"minecraft:orange_terracotta":4,"minecraft:bone":13,"minecraft:bow":1,"minecraft:wheat_seeds":19,"minecraft:iron_ingot":12,"iter_rpg:water_fragment":2,"minecraft:acacia_sapling":1,"minecraft:iron_sword":3,"minecraft:oak_planks":6,"minecraft:dark_oak_stairs":1,"minecraft:yellow_concrete":2,"born_in_chaos_v1:dark_rod":1,"minecraft:red_wool":16,"born_in_chaos_v1:ethereal_spirit":2,"minecraft:sand":19,"minecraft:jungle_planks":6,"minecraft:birch_stairs":1,"minecraft:green_carpet":1,"minecraft:gray_wool":4,"minecraft:terracotta":4,"born_in_chaos_v1:rotten_fish":2,"minecraft:oak_sapling":1,"minecraft:bricks":2},"minecraft:killed_by":{"minecraft:creeper":1,"minecraft:pillager":20,"minecraft:iron_golem":3,"born_in_chaos_v1:zombie_clown":1,"minecraft:skeleton":58,"born_in_chaos_v1:skeleton_demoman":3},"minecraft:crafted":{"minecraft:iron_boots":1,"minecraft:iron_axe":1,"sophisticatedbackpacks:iron_backpack":1,"minecraft:diamond_sword":1,"epicfight:diamond_longsword":1,"minecraft:crafting_table":7,"minecraft:iron_helmet":1,"minecraft:iron_sword":1,"minecraft:golden_pickaxe":2,"sophisticatedbackpacks:gold_backpack":1,"minecraft:gold_block":41,"minecraft:bread":19,"minecraft:iron_chestplate":1,"minecraft:shield":1,"sophisticatedbackpacks:diamond_backpack":1,"minecraft:iron_ingot":188,"minecraft:iron_block":69,"minecraft:gold_ingot":58,"minecraft:acacia_planks":28},"minecraft:used":{"minecraft:orange_concrete":7,"minecraft:spruce_planks":16,"minecraft:shield":14,"minecraft:iron_sword":75,"minecraft:player_head":1,"minecraft:iron_chestplate":1,"minecraft:jungle_planks":6,"minecraft:spruce_stairs":18,"minecraft:diamond_helmet":1,"minecraft:cyan_wool":1,"minecraft:dark_oak_planks":6,"minecraft:red_wool":8,"minecraft:iron_axe":122,"minecraft:green_wool":2,"minecraft:iron_boots":1,"minecraft:yellow_concrete_powder":4,"minecraft:diamond_chestplate":1,"minecraft:cyan_concrete_powder":2,"minecraft:orange_terracotta":4,"minecraft:iron_leggings":1,"epicfight:skillbook":24,"minecraft:birch_planks":1,"minecraft:ender_pearl":6,"minecraft:white_wool":1,"minecraft:terracotta":4,"minecraft:crafting_table":16,"minecraft:red_bed":21,"minecraft:yellow_concrete":2,"minecraft:bread":62,"minecraft:yellow_wool":6,"minecraft:ice":1,"minecraft:yellow_bed":4,"epicfight:diamond_longsword":6,"minecraft:diamond_leggings":1,"minecraft:gray_wool":4,"epicfight:uchigatana":65,"minecraft:golden_pickaxe":61,"minecraft:birch_stairs":1},"minecraft:dropped":{"minecraft:iron_ingot":189,"minecraft:iron_sword":5,"minecraft:dark_oak_stairs":1,"minecraft:wheat_seeds":10,"minecraft:iron_helmet":2,"minecraft:red_wool":6,"minecraft:stick":24,"born_in_chaos_v1:monster_flesh":1,"minecraft:iron_block":5,"minecraft:iron_leggings":2,"minecraft:green_carpet":1,"minecraft:gold_nugget":34,"minecraft:orange_concrete_powder":1,"minecraft:dark_oak_planks":3,"minecraft:string":2,"minecraft:gold_ingot":6,"minecraft:bone":5,"minecraft:dark_oak_door":1,"minecraft:bricks":2,"minecraft:iron_nugget":22,"epicfight:uchigatana":1,"minecraft:wheat":1,"minecraft:yellow_wool":1,"minecraft:iron_boots":1,"minecraft:oak_planks":2,"iter_rpg:spawner_fragment":23,"minecraft:poppy":1,"minecraft:hay_block":1,"minecraft:cyan_wool":2,"minecraft:brick_stairs":1,"aether:iron_gloves":2,"aether:diamond_gloves":3,"minecraft:iron_chestplate":2,"minecraft:oak_sapling":1,"minecraft:ladder":1,"minecraft:arrow":5,"epicfight:skillbook":4},"minecraft:mined":{"minecraft:dark_oak_planks":21,"minecraft:spruce_planks":24,"minecraft:orange_concrete_powder":1,"minecraft:ladder":1,"minecraft:acacia_log":6,"minecraft:jungle_planks":9,"minecraft:brick_stairs":1,"minecraft:magenta_concrete":4,"minecraft:yellow_concrete_powder":4,"minecraft:blue_wool":5,"minecraft:spawner":38,"minecraft:orange_concrete":7,"minecraft:dark_oak_stairs":1,"minecraft:green_carpet":1,"minecraft:player_head":1,"minecraft:white_wool":1,"minecraft:green_wool":2,"minecraft:birch_stairs":1,"minecraft:red_wool":10,"minecraft:red_bed":21,"minecraft:crafting_table":9,"minecraft:cyan_concrete_powder":2,"minecraft:poppy":1,"minecraft:rose_bush":2,"minecraft:dead_bush":39,"minecraft:oak_planks":6,"minecraft:bricks":3,"minecraft:spruce_stairs":19,"minecraft:cyan_wool":2,"minecraft:gray_wool":4,"minecraft:birch_planks":7,"minecraft:yellow_wool":8,"minecraft:wheat":1,"minecraft:birch_leaves":2,"minecraft:yellow_bed":5,"minecraft:yellow_concrete":2,"minecraft:crimson_planks":5,"minecraft:fern":1},"minecraft:broken":{"minecraft:iron_leggings":1,"minecraft:shield":1,"minecraft:iron_helmet":1,"minecraft:golden_pickaxe":2},"minecraft:custom":{"minecraft:mob_kills":42,"minecraft:interact_with_crafting_table":47,"minecraft:open_barrel":75,"minecraft:leave_game":1,"minecraft:time_since_death":48,"minecraft:climb_one_cm":1502,"minecraft:sprint_one_cm":854905,"minecraft:walk_one_cm":526178,"minecraft:damage_blocked_by_shield":3302,"minecraft:drop":90,"minecraft:damage_dealt_absorbed":432,"minecraft:talked_to_villager":2,"minecraft:play_time":156076,"minecraft:deaths":90,"minecraft:sneak_time":4285,"minecraft:walk_under_water_one_cm":4563,"minecraft:jump":4062,"minecraft:walk_on_water_one_cm":1204,"minecraft:total_world_time":156076,"minecraft:sleep_in_bed":10,"minecraft:time_since_rest":80,"minecraft:damage_taken":27249,"minecraft:damage_dealt":9569,"minecraft:swim_one_cm":2110,"minecraft:fly_one_cm":1471338,"minecraft:player_kills":4,"minecraft:open_chest":82,"minecraft:crouch_one_cm":33870,"minecraft:fall_one_cm":168025},"minecraft:killed":{"iter_rpg:goblin":1,"born_in_chaos_v1:restless_spirit":1,"born_in_chaos_v1:skeleton_demoman":1,"minecraft:endermite":1,"born_in_chaos_v1:thornshell_crab":1,"born_in_chaos_v1:maggot":1,"minecraft:skeleton":4,"iter_rpg:water_elemental":1,"luminousworld:hollow":1,"born_in_chaos_v1:baby_skeleton":1,"born_in_chaos_v1:spirit_guide_assistant":1,"minecraft:creeper":1,"born_in_chaos_v1:decrepit_skeleton":2,"minecraft:zombie":4,"born_in_chaos_v1:dread_hound":1,"born_in_chaos_v1:dark_vortex":1,"born_in_chaos_v1:corpse_fly":2,"iter_rpg:goblin_warrior":1,"minecraft:villager":1,"minecraft:cow":6}},"DataVersion":3120}