{"stats":{"minecraft:picked_up":{"minecraft:seagrass":2,"minecraft:wheat":2676,"minecraft:prismarine_shard":2,"minecraft:yellow_wool":9,"minecraft:smithing_table":2,"artifacts:bunny_hoppers":1,"aether:iron_gloves":3,"minecraft:enchanted_book":1,"minecraft:crimson_planks":4,"minecraft:string":2,"minecraft:beetroot":1,"minecraft:orange_concrete_powder":1,"minecraft:gold_nugget":6,"bosses_of_mass_destruction:soul_star":1,"minecraft:spruce_planks":24,"minecraft:iron_pickaxe":1,"minecraft:dark_oak_door":2,"minecraft:blue_wool":5,"minecraft:stick":41,"born_in_chaos_v1:shattered_skull":1,"minecraft:spruce_stairs":19,"minecraft:acacia_log":7,"epicfight:skillbook":8,"minecraft:yellow_concrete_powder":4,"minecraft:rotten_flesh":42,"aether:chainmail_gloves":1,"minecraft:iron_block":5,"minecraft:green_wool":2,"minecraft:cobblestone":25,"minecraft:cooked_beef":4,"biomesoplenty:dried_salt":8,"minecraft:golden_leggings":1,"luminousworld:raw_venison":1,"minecraft:cyan_concrete_powder":2,"minecraft:lapis_lazuli":1,"minecraft:dirt":3,"born_in_chaos_v1:monster_skin":1,"minecraft:bone":30,"minecraft:wheat_seeds":2038,"minecraft:bow":1,"iter_rpg:water_fragment":2,"minecraft:oak_planks":9,"minecraft:jungle_planks":6,"minecraft:sand":46,"minecraft:grass_block":1,"iter_rpg:stone_geode":1,"minecraft:dark_oak_log":1,"minecraft:barrel":1,"minecraft:crossbow":2,"minecraft:oak_sapling":2,"born_in_chaos_v1:rotten_fish":4,"luminousworld:bao_bob_log":8,"minecraft:bricks":8,"iter_rpg:spawner_fragment":35,"luminousworld:groundpebbles_1":1,"minecraft:crafting_table":21,"minecraft:ladder":1,"born_in_chaos_v1:seedof_chaos":1,"luminousworld:bao_bob_wood":1,"minecraft:fire_coral":1,"minecraft:red_bed":21,"minecraft:orange_concrete":7,"iter_rpg:coin":1,"minecraft:beef":54,"minecraft:oak_boat":3,"eeeabsmobs:immortal_block":1,"minecraft:cyan_wool":4,"minecraft:player_head":1,"minecraft:iron_nugget":10,"minecraft:poppy":3,"minecraft:sugar_cane":9,"minecraft:egg":1,"minecraft:raw_iron":1,"luminousworld:blue_petunias":1,"eeeabsmobs:ancient_drive_crystal":1,"luminousworld:raw_squirrel":1,"born_in_chaos_v1:pieceofdarkmetal":1,"minecraft:dark_oak_planks":22,"minecraft:arrow":20,"minecraft:hay_block":168,"minecraft:stripped_dark_oak_wood":3,"born_in_chaos_v1:spiny_shell":16,"sophisticatedbackpacks:copper_backpack":1,"minecraft:brick_stairs":1,"minecraft:mutton":11,"wom:netherite_mask":1,"minecraft:white_wool":8,"born_in_chaos_v1:corpse_maggot":7,"born_in_chaos_v1:monster_flesh":3,"minecraft:glow_ink_sac":2,"minecraft:leather":27,"minecraft:birch_planks":7,"minecraft:ice":1,"minecraft:oak_log":27,"minecraft:yellow_bed":7,"artifacts:cloud_in_a_bottle":1,"minecraft:gunpowder":11,"minecraft:orange_terracotta":4,"minecraft:kelp":1,"minecraft:iron_ingot":20,"minecraft:iron_sword":3,"minecraft:acacia_sapling":1,"minecraft:dark_oak_stairs":1,"minecraft:yellow_concrete":2,"minecraft:red_wool":16,"born_in_chaos_v1:ethereal_spirit":4,"minecraft:birch_stairs":1,"born_in_chaos_v1:dark_rod":1,"minecraft:white_bed":12,"minecraft:green_carpet":1,"minecraft:spider_eye":2,"minecraft:iron_helmet":1,"minecraft:gray_wool":4,"minecraft:terracotta":7,"minecraft:baked_potato":1,"minecraft:magenta_concrete":2,"minecraft:red_concrete":2,"minecraft:coal":54,"minecraft:ender_pearl":1},"minecraft:killed_by":{"minecraft:zombie_villager":3,"born_in_chaos_v1:nightmare_stalker":1,"minecraft:creeper":4,"minecraft:pillager":32,"eeeabsmobs:nameless_guardian":2,"iter_rpg:giant_spider":1,"minecraft:witch":3,"minecraft:zombie":2,"born_in_chaos_v1:skeleton_demoman":3,"born_in_chaos_v1:skeleton_thrasher":1,"eeeabsmobs:immortal_golem":1,"minecraft:iron_golem":6,"born_in_chaos_v1:zombie_clown":1,"minecraft:skeleton":72,"cave_dweller:cave_dweller":2},"minecraft:crafted":{"minecraft:oak_planks":88,"minecraft:iron_boots":1,"minecraft:crafting_table":11,"minecraft:iron_helmet":1,"minecraft:smithing_table":1,"minecraft:golden_pickaxe":2,"minecraft:gold_block":48,"epicfight:iron_longsword":2,"minecraft:iron_chestplate":1,"minecraft:shield":1,"sophisticatedbackpacks:diamond_backpack":2,"minecraft:iron_ingot":188,"minecraft:iron_block":103,"minecraft:gold_ingot":82,"minecraft:iron_axe":1,"minecraft:iron_hoe":1,"minecraft:wheat":513,"sophisticatedbackpacks:iron_backpack":2,"minecraft:diamond_sword":1,"epicfight:diamond_longsword":1,"eeeabsmobs:immortal_ingot":9,"minecraft:iron_sword":4,"sophisticatedbackpacks:gold_backpack":2,"minecraft:bread":1077,"minecraft:air":0,"wom:satsujin":1,"epicfight:iron_tachi":1,"minecraft:oak_boat":2,"minecraft:anvil":2,"minecraft:white_bed":3,"minecraft:acacia_planks":28},"minecraft:used":{"minecraft:shield":14,"minecraft:iron_sword":597,"minecraft:player_head":1,"minecraft:iron_chestplate":1,"minecraft:jungle_planks":6,"minecraft:cyan_wool":1,"minecraft:red_wool":8,"minecraft:green_wool":2,"minecraft:egg":1,"eeeabsmobs:nameless_guardian_egg":1,"epicfight:skillbook":70,"minecraft:oak_planks":25,"minecraft:ender_pearl":6,"minecraft:white_wool":1,"minecraft:golden_apple":2,"minecraft:yellow_concrete":2,"minecraft:crossbow":1,"epicfight:iron_tachi":38,"minecraft:bread":248,"minecraft:smithing_table":2,"minecraft:ice":1,"epicfight:diamond_longsword":113,"minecraft:oak_boat":5,"wom:moonless":112,"minecraft:golden_pickaxe":61,"minecraft:orange_concrete":7,"minecraft:spruce_planks":16,"minecraft:anvil":2,"wom:netherite_mask":1,"minecraft:spruce_stairs":18,"minecraft:diamond_helmet":2,"minecraft:iron_hoe":187,"minecraft:dark_oak_planks":6,"minecraft:iron_axe":165,"minecraft:iron_boots":1,"minecraft:yellow_concrete_powder":4,"minecraft:diamond_chestplate":2,"minecraft:cyan_concrete_powder":2,"minecraft:cooked_beef":1,"minecraft:orange_terracotta":4,"minecraft:iron_leggings":1,"minecraft:wheat_seeds":3,"minecraft:birch_planks":1,"minecraft:baked_potato":1,"wom:diamond_legbottomseal":1,"minecraft:terracotta":7,"minecraft:crafting_table":31,"minecraft:red_bed":21,"minecraft:white_bed":15,"minecraft:iron_pickaxe":126,"minecraft:yellow_wool":6,"minecraft:cobblestone":8,"minecraft:yellow_bed":6,"minecraft:gray_wool":4,"epicfight:uchigatana":65,"minecraft:diamond_leggings":3,"minecraft:birch_stairs":1},"minecraft:dropped":{"minecraft:iron_sword":5,"minecraft:dark_oak_stairs":1,"luminousworld:raw_squirrel":1,"minecraft:crossbow":2,"eeeabsmobs:immortal_ingot":9,"minecraft:red_wool":6,"born_in_chaos_v1:monster_flesh":2,"minecraft:dirt":3,"minecraft:dark_oak_log":1,"luminousworld:bao_bob_wood":1,"minecraft:seagrass":2,"minecraft:gold_nugget":38,"minecraft:iron_pickaxe":1,"minecraft:dark_oak_planks":3,"minecraft:white_wool":1,"minecraft:gold_ingot":7,"minecraft:bone":7,"minecraft:dark_oak_door":1,"minecraft:iron_nugget":23,"wom:netherite_mask":1,"minecraft:yellow_wool":3,"minecraft:wheat":2,"minecraft:beetroot":1,"minecraft:rotten_flesh":45,"minecraft:oak_planks":5,"aether:leather_gloves":1,"iter_rpg:spawner_fragment":26,"minecraft:poppy":3,"minecraft:brick_stairs":1,"born_in_chaos_v1:corpse_maggot":7,"minecraft:acacia_sapling":1,"minecraft:ladder":1,"minecraft:arrow":14,"minecraft:iron_ingot":189,"minecraft:wheat_seeds":2068,"minecraft:iron_helmet":4,"minecraft:cobblestone":1,"minecraft:grass_block":1,"minecraft:coal":1,"minecraft:stick":26,"epicfight:iron_longsword":2,"minecraft:iron_block":5,"luminousworld:raw_venison":1,"minecraft:iron_leggings":2,"minecraft:green_carpet":1,"minecraft:orange_concrete_powder":1,"minecraft:string":2,"minecraft:bricks":8,"biomesoplenty:dried_salt":8,"minecraft:kelp":1,"luminousworld:bao_bob_log":8,"epicfight:uchigatana":1,"minecraft:raw_iron":1,"minecraft:iron_boots":1,"minecraft:hay_block":1,"minecraft:cyan_wool":2,"aether:iron_gloves":6,"aether:chainmail_gloves":1,"aether:diamond_gloves":3,"minecraft:iron_chestplate":2,"luminousworld:groundpebbles_1":1,"minecraft:fire_coral":1,"minecraft:oak_sapling":2,"minecraft:barrel":1,"luminousworld:blue_petunias":1,"epicfight:skillbook":4},"minecraft:mined":{"minecraft:dark_oak_planks":21,"minecraft:spruce_planks":24,"minecraft:white_bed":12,"minecraft:acacia_log":6,"luminousworld:bao_bob_wood":1,"minecraft:blue_wool":5,"luminousworld:savanna_grass_2":4,"minecraft:spawner":64,"minecraft:orange_concrete":7,"minecraft:anvil":1,"minecraft:dark_oak_stairs":1,"minecraft:green_carpet":1,"minecraft:player_head":1,"minecraft:red_bed":21,"minecraft:poppy":1,"minecraft:dead_bush":39,"minecraft:sugar_cane":4,"minecraft:oak_planks":9,"minecraft:bricks":12,"minecraft:cyan_wool":2,"minecraft:yellow_wool":8,"minecraft:wheat":8,"luminousworld:bao_bob_log":8,"minecraft:grass":5,"minecraft:oak_log":5,"minecraft:sand":31,"minecraft:crimson_planks":5,"luminousworld:grassvariant_3":1,"luminousworld:savannah_grass_4":9,"minecraft:orange_concrete_powder":1,"minecraft:ladder":1,"minecraft:jungle_planks":9,"minecraft:brick_stairs":1,"minecraft:magenta_concrete":6,"luminousworld:grassvariant_2":2,"minecraft:yellow_concrete_powder":4,"minecraft:hay_block":168,"minecraft:stone":26,"minecraft:white_wool":1,"minecraft:green_wool":2,"minecraft:smithing_table":2,"minecraft:birch_stairs":1,"minecraft:red_wool":10,"minecraft:crafting_table":23,"luminousworld:savannah_grass_1":4,"minecraft:cyan_concrete_powder":2,"minecraft:rose_bush":2,"minecraft:red_concrete":2,"minecraft:spruce_stairs":19,"minecraft:gray_wool":4,"minecraft:birch_planks":8,"eeeabsmobs:immortal_block":1,"minecraft:birch_leaves":2,"minecraft:yellow_bed":7,"minecraft:coal_ore":55,"minecraft:yellow_concrete":2,"minecraft:terracotta":3,"minecraft:fern":4},"minecraft:broken":{"minecraft:diamond_helmet":1,"minecraft:iron_boots":1,"minecraft:iron_leggings":1,"minecraft:iron_sword":1,"minecraft:diamond_leggings":1,"minecraft:shield":1,"minecraft:iron_helmet":2,"minecraft:golden_pickaxe":2},"minecraft:custom":{"minecraft:interact_with_crafting_table":80,"minecraft:open_barrel":146,"minecraft:leave_game":11,"minecraft:time_since_death":223,"minecraft:sprint_one_cm":2198883,"minecraft:damage_blocked_by_shield":3302,"minecraft:drop":194,"minecraft:talked_to_villager":2,"minecraft:play_time":499742,"minecraft:deaths":145,"minecraft:jump":9732,"minecraft:walk_on_water_one_cm":31405,"minecraft:sleep_in_bed":15,"minecraft:damage_dealt":48413,"minecraft:player_kills":4,"minecraft:crouch_one_cm":74495,"minecraft:interact_with_smithing_table":6,"minecraft:interact_with_anvil":8,"minecraft:mob_kills":244,"minecraft:damage_dealt_resisted":2006,"minecraft:climb_one_cm":22286,"minecraft:walk_one_cm":1682053,"minecraft:damage_dealt_absorbed":672,"minecraft:sneak_time":7903,"minecraft:walk_under_water_one_cm":19178,"minecraft:boat_one_cm":1944,"minecraft:total_world_time":499742,"minecraft:time_since_rest":258,"minecraft:damage_taken":52406,"minecraft:damage_absorbed":79,"minecraft:swim_one_cm":88575,"minecraft:fly_one_cm":4454247,"minecraft:open_chest":187,"minecraft:fall_one_cm":676855},"minecraft:killed":{"iter_rpg:goblin":1,"minecraft:witch":3,"born_in_chaos_v1:restless_spirit":2,"born_in_chaos_v1:zombie_lumberjack":2,"born_in_chaos_v1:skeleton_demoman":1,"born_in_chaos_v1:baby_skeleton_minion":5,"minecraft:skeleton":20,"eeeabsmobs:guling_sentinel":1,"minecraft:parrot":1,"born_in_chaos_v1:bonescaller":2,"minecraft:pig":1,"luminousworld:hollow":1,"minecraft:zombie_villager":11,"minecraft:iron_golem":2,"iter_rpg:spiderling":2,"minecraft:creeper":4,"minecraft:sheep":7,"minecraft:pillager":32,"luminousworld:savannah_skeleton":1,"minecraft:zombie":21,"born_in_chaos_v1:dread_hound":2,"born_in_chaos_v1:corpse_fly":5,"luminousworld:grey_squirrel":1,"minecraft:cow":29,"luminousworld:deer":2,"minecraft:endermite":1,"minecraft:vindicator":1,"born_in_chaos_v1:thornshell_crab":4,"born_in_chaos_v1:maggot":18,"luminousworld:savannah_zombie":5,"born_in_chaos_v1:barrel_zombie":1,"iter_rpg:water_elemental":1,"minecraft:husk":3,"born_in_chaos_v1:baby_skeleton":2,"born_in_chaos_v1:spirit_guide_assistant":1,"born_in_chaos_v1:decrepit_skeleton":3,"eeeabsmobs:guling_sentinel_heavy":1,"born_in_chaos_v1:dark_vortex":1,"iter_rpg:goblin_warrior":2,"iter_rpg:giant_spider":1,"minecraft:villager":1,"minecraft:enderman":1}},"DataVersion":3120}