{"stats":{"minecraft:picked_up":{"iter_rpg:spawner_fragment":21,"minecraft:crafting_table":8,"minecraft:yellow_wool":6,"minecraft:birch_planks":6,"minecraft:gunpowder":2,"minecraft:cyan_concrete_powder":2,"minecraft:red_bed":15,"minecraft:orange_concrete":6,"minecraft:orange_terracotta":4,"minecraft:bone":4,"minecraft:orange_concrete_powder":1,"minecraft:gold_nugget":4,"minecraft:spruce_planks":4,"minecraft:iron_nugget":5,"minecraft:player_head":1,"minecraft:cyan_wool":1,"minecraft:poppy":1,"minecraft:dark_oak_stairs":1,"minecraft:dark_oak_door":1,"minecraft:stick":38,"minecraft:red_wool":10,"minecraft:birch_stairs":1,"minecraft:yellow_concrete_powder":4,"minecraft:green_carpet":1,"minecraft:dark_oak_planks":13,"minecraft:arrow":3,"minecraft:green_wool":2,"minecraft:terracotta":4},"minecraft:killed_by":{"minecraft:skeleton":35,"minecraft:pillager":15,"born_in_chaos_v1:skeleton_demoman":2},"minecraft:crafted":{"minecraft:crafting_table":3,"minecraft:iron_helmet":1,"minecraft:iron_sword":1,"minecraft:golden_pickaxe":2,"minecraft:gold_block":21,"minecraft:iron_boots":1,"minecraft:iron_chestplate":1,"minecraft:shield":1,"minecraft:iron_axe":1,"minecraft:iron_ingot":48,"minecraft:iron_block":28,"minecraft:gold_ingot":49},"minecraft:used":{"minecraft:orange_concrete":6,"minecraft:birch_planks":1,"minecraft:shield":14,"minecraft:iron_sword":38,"minecraft:player_head":1,"minecraft:iron_chestplate":1,"minecraft:terracotta":4,"minecraft:crafting_table":11,"minecraft:red_bed":15,"minecraft:cyan_wool":1,"minecraft:dark_oak_planks":4,"minecraft:red_wool":8,"minecraft:iron_axe":32,"minecraft:bread":2,"minecraft:green_wool":2,"minecraft:yellow_wool":6,"minecraft:yellow_concrete_powder":4,"minecraft:cyan_concrete_powder":2,"minecraft:orange_terracotta":4,"minecraft:golden_pickaxe":36,"minecraft:iron_leggings":1,"minecraft:birch_stairs":1},"minecraft:dropped":{"minecraft:dark_oak_door":1,"minecraft:dark_oak_stairs":1,"minecraft:iron_nugget":13,"minecraft:iron_helmet":1,"minecraft:red_wool":2,"iter_rpg:spawner_fragment":21,"minecraft:stick":1,"minecraft:poppy":1,"aether:iron_gloves":1,"minecraft:iron_chestplate":1,"minecraft:iron_leggings":1,"minecraft:green_carpet":1,"minecraft:gold_nugget":7,"minecraft:arrow":3,"minecraft:string":1,"minecraft:bone":4},"minecraft:mined":{"minecraft:dark_oak_planks":13,"minecraft:birch_stairs":1,"minecraft:spruce_planks":4,"minecraft:red_wool":10,"minecraft:red_bed":15,"minecraft:orange_concrete_powder":1,"minecraft:crafting_table":8,"minecraft:cyan_concrete_powder":2,"minecraft:poppy":1,"minecraft:dead_bush":39,"minecraft:yellow_concrete_powder":4,"minecraft:spawner":24,"minecraft:orange_concrete":6,"minecraft:cyan_wool":1,"minecraft:birch_planks":6,"minecraft:yellow_wool":6,"minecraft:birch_leaves":2,"minecraft:dark_oak_stairs":1,"minecraft:green_carpet":1,"minecraft:player_head":1,"minecraft:green_wool":2},"minecraft:killed":{"minecraft:creeper":1,"minecraft:skeleton":1},"minecraft:broken":{"minecraft:shield":1,"minecraft:iron_helmet":1,"minecraft:golden_pickaxe":1},"minecraft:custom":{"minecraft:mob_kills":7,"minecraft:interact_with_crafting_table":30,"minecraft:open_barrel":41,"minecraft:time_since_death":3059,"minecraft:sleep_in_bed":4,"minecraft:climb_one_cm":898,"minecraft:time_since_rest":3087,"minecraft:sprint_one_cm":451383,"minecraft:damage_taken":15171,"minecraft:walk_one_cm":182872,"minecraft:damage_blocked_by_shield":3302,"minecraft:drop":24,"minecraft:damage_dealt":2719,"minecraft:fly_one_cm":721400,"minecraft:player_kills":3,"minecraft:open_chest":34,"minecraft:crouch_one_cm":6715,"minecraft:play_time":54209,"minecraft:deaths":54,"minecraft:sneak_time":1056,"minecraft:jump":1975,"minecraft:total_world_time":54209,"minecraft:fall_one_cm":56240}},"DataVersion":3120}