{"stats":{"minecraft:picked_up":{"iter_rpg:spawner_fragment":23,"minecraft:crafting_table":8,"minecraft:ladder":1,"minecraft:yellow_wool":7,"minecraft:birch_planks":6,"minecraft:crimson_planks":1,"minecraft:gunpowder":2,"minecraft:cyan_concrete_powder":2,"minecraft:red_bed":19,"minecraft:orange_concrete":6,"minecraft:orange_terracotta":4,"minecraft:bone":4,"minecraft:orange_concrete_powder":1,"minecraft:gold_nugget":6,"minecraft:spruce_planks":24,"minecraft:iron_nugget":9,"minecraft:player_head":1,"minecraft:cyan_wool":1,"minecraft:poppy":1,"minecraft:iron_sword":2,"minecraft:blue_wool":5,"minecraft:dark_oak_stairs":1,"minecraft:dark_oak_door":1,"minecraft:stick":38,"minecraft:spruce_stairs":19,"minecraft:red_wool":16,"minecraft:jungle_planks":6,"minecraft:birch_stairs":1,"minecraft:yellow_concrete_powder":4,"minecraft:green_carpet":1,"minecraft:dark_oak_planks":20,"minecraft:arrow":5,"minecraft:gray_wool":4,"minecraft:green_wool":2,"minecraft:white_wool":1,"minecraft:terracotta":4},"minecraft:killed_by":{"minecraft:skeleton":39,"minecraft:pillager":17,"born_in_chaos_v1:skeleton_demoman":2},"minecraft:crafted":{"minecraft:crafting_table":5,"minecraft:iron_helmet":1,"minecraft:iron_sword":1,"minecraft:golden_pickaxe":2,"minecraft:gold_block":35,"minecraft:bread":19,"minecraft:iron_boots":1,"minecraft:iron_chestplate":1,"minecraft:shield":1,"minecraft:iron_axe":1,"minecraft:iron_ingot":61,"minecraft:iron_block":56,"minecraft:gold_ingot":58},"minecraft:used":{"minecraft:orange_concrete":6,"minecraft:birch_planks":1,"minecraft:spruce_planks":16,"minecraft:shield":14,"minecraft:iron_sword":39,"minecraft:player_head":1,"minecraft:iron_chestplate":1,"minecraft:white_wool":1,"minecraft:terracotta":4,"minecraft:crafting_table":13,"minecraft:red_bed":18,"minecraft:jungle_planks":6,"minecraft:spruce_stairs":18,"minecraft:diamond_helmet":1,"minecraft:cyan_wool":1,"minecraft:dark_oak_planks":6,"minecraft:red_wool":8,"minecraft:iron_axe":95,"minecraft:bread":16,"minecraft:green_wool":2,"minecraft:iron_boots":1,"minecraft:yellow_wool":6,"minecraft:diamond_chestplate":1,"minecraft:yellow_concrete_powder":4,"minecraft:cyan_concrete_powder":2,"minecraft:gray_wool":4,"minecraft:orange_terracotta":4,"epicfight:uchigatana":2,"minecraft:golden_pickaxe":51,"minecraft:iron_leggings":1,"minecraft:birch_stairs":1},"minecraft:dropped":{"minecraft:dark_oak_door":1,"minecraft:iron_sword":3,"minecraft:dark_oak_stairs":1,"minecraft:iron_nugget":22,"minecraft:yellow_wool":1,"minecraft:iron_helmet":2,"minecraft:iron_boots":1,"minecraft:red_wool":6,"iter_rpg:spawner_fragment":23,"minecraft:stick":1,"minecraft:poppy":1,"aether:iron_gloves":1,"aether:diamond_gloves":3,"minecraft:iron_chestplate":2,"minecraft:ladder":1,"minecraft:iron_leggings":2,"minecraft:green_carpet":1,"minecraft:gold_nugget":34,"minecraft:orange_concrete_powder":1,"minecraft:arrow":5,"minecraft:dark_oak_planks":1,"minecraft:string":2,"minecraft:gold_ingot":6,"minecraft:bone":4},"minecraft:mined":{"minecraft:dark_oak_planks":20,"minecraft:birch_stairs":1,"minecraft:spruce_planks":24,"minecraft:red_wool":10,"minecraft:red_bed":19,"minecraft:orange_concrete_powder":1,"minecraft:crafting_table":8,"minecraft:ladder":1,"minecraft:cyan_concrete_powder":2,"minecraft:jungle_planks":9,"minecraft:poppy":1,"minecraft:rose_bush":2,"minecraft:magenta_concrete":4,"minecraft:dead_bush":39,"minecraft:yellow_concrete_powder":4,"minecraft:blue_wool":5,"minecraft:gray_wool":4,"minecraft:spruce_stairs":19,"minecraft:spawner":35,"minecraft:orange_concrete":6,"minecraft:cyan_wool":1,"minecraft:birch_planks":7,"minecraft:yellow_wool":7,"minecraft:birch_leaves":2,"minecraft:dark_oak_stairs":1,"minecraft:crimson_planks":2,"minecraft:green_carpet":1,"minecraft:white_wool":1,"minecraft:player_head":1,"minecraft:green_wool":2},"minecraft:killed":{"minecraft:creeper":1,"minecraft:skeleton":2},"minecraft:broken":{"minecraft:shield":1,"minecraft:iron_helmet":1,"minecraft:golden_pickaxe":1},"minecraft:custom":{"minecraft:mob_kills":8,"minecraft:interact_with_crafting_table":38,"minecraft:open_barrel":59,"minecraft:time_since_death":3586,"minecraft:sleep_in_bed":7,"minecraft:climb_one_cm":1104,"minecraft:time_since_rest":1259,"minecraft:sprint_one_cm":618683,"minecraft:damage_taken":18329,"minecraft:walk_one_cm":235718,"minecraft:damage_blocked_by_shield":3302,"minecraft:drop":57,"minecraft:damage_dealt":2861,"minecraft:fly_one_cm":922288,"minecraft:player_kills":3,"minecraft:open_chest":73,"minecraft:crouch_one_cm":30318,"minecraft:play_time":78209,"minecraft:deaths":62,"minecraft:sneak_time":3584,"minecraft:jump":2529,"minecraft:total_world_time":78209,"minecraft:fall_one_cm":88170}},"DataVersion":3120}