{"stats":{"minecraft:picked_up":{"minecraft:orange_terracotta":4,"minecraft:stick":31,"minecraft:bone":2,"minecraft:yellow_wool":6,"minecraft:red_wool":2,"minecraft:green_wool":1,"minecraft:player_head":1,"minecraft:terracotta":4,"minecraft:gunpowder":2,"minecraft:yellow_concrete_powder":4},"minecraft:killed_by":{"minecraft:skeleton":4,"born_in_chaos_v1:skeleton_demoman":2,"minecraft:pillager":11},"minecraft:dropped":{"minecraft:stick":1},"minecraft:used":{"minecraft:yellow_concrete_powder":4,"minecraft:terracotta":4,"minecraft:orange_terracotta":4,"minecraft:iron_leggings":1,"minecraft:yellow_wool":4},"minecraft:mined":{"minecraft:dead_bush":33,"minecraft:red_wool":2,"minecraft:green_carpet":1,"minecraft:yellow_wool":6,"minecraft:yellow_concrete_powder":4,"minecraft:player_head":1,"minecraft:green_wool":2,"minecraft:dark_oak_stairs":1},"minecraft:killed":{"minecraft:creeper":1},"minecraft:custom":{"minecraft:open_barrel":8,"minecraft:time_since_rest":369,"minecraft:open_chest":2,"minecraft:crouch_one_cm":3256,"minecraft:play_time":18209,"minecraft:sprint_one_cm":152183,"minecraft:walk_one_cm":62022,"minecraft:damage_taken":5051,"minecraft:deaths":18,"minecraft:sneak_time":554,"minecraft:mob_kills":2,"minecraft:drop":1,"minecraft:jump":871,"minecraft:damage_dealt":1127,"minecraft:time_since_death":344,"minecraft:total_world_time":18209,"minecraft:player_kills":3,"minecraft:fly_one_cm":330554,"minecraft:fall_one_cm":28241}},"DataVersion":3120}