{"stats":{"minecraft:picked_up":{"minecraft:stick":9},"minecraft:killed_by":{"minecraft:pillager":1},"minecraft:mined":{"minecraft:dead_bush":8},"minecraft:custom":{"minecraft:jump":56,"minecraft:time_since_rest":3973,"minecraft:damage_taken":335,"minecraft:crouch_one_cm":62,"minecraft:leave_game":11,"minecraft:play_time":9627,"minecraft:sprint_one_cm":10955,"minecraft:time_since_death":3928,"minecraft:walk_one_cm":4065,"minecraft:deaths":1,"minecraft:sneak_time":221,"minecraft:total_world_time":9627,"minecraft:fall_one_cm":962,"minecraft:fly_one_cm":13102}},"DataVersion":3120}