{"stats":{"minecraft:picked_up":{"minecraft:stick":9},"minecraft:killed_by":{"minecraft:pillager":1},"minecraft:mined":{"minecraft:dead_bush":8},"minecraft:custom":{"minecraft:jump":56,"minecraft:time_since_rest":15097,"minecraft:damage_taken":335,"minecraft:crouch_one_cm":159,"minecraft:leave_game":24,"minecraft:play_time":20751,"minecraft:sprint_one_cm":10955,"minecraft:time_since_death":15052,"minecraft:walk_one_cm":5796,"minecraft:deaths":1,"minecraft:sneak_time":256,"minecraft:total_world_time":20751,"minecraft:talked_to_villager":1,"minecraft:fall_one_cm":1180,"minecraft:fly_one_cm":13102}},"DataVersion":3120}