{"stats":{"minecraft:picked_up":{"minecraft:cocoa_beans":4,"born_in_chaos_v1:corpse_maggot":4,"minecraft:stick":13,"minecraft:crafting_table":1,"iter_rpg:cracked_hivestone":1,"minecraft:jungle_log":5,"minecraft:white_bed":1,"iter_rpg:hivestone":1,"minecraft:gunpowder":2,"minecraft:bone":3,"minecraft:black_wool":1,"minecraft:mutton":5,"iter_rpg:silky_hivestone":1,"minecraft:white_wool":2,"minecraft:cobblestone":3},"minecraft:mined":{"iter_rpg:infested_hivestone":1,"minecraft:white_bed":1,"iter_rpg:crumbling_hivestone":1,"iter_rpg:silky_hivestone":1,"iter_rpg:cracked_hivestone":1,"minecraft:crafting_table":1,"minecraft:grass":4,"minecraft:vine":1,"minecraft:jungle_log":5,"minecraft:dead_bush":15,"iter_rpg:hivestone":4,"minecraft:fern":3},"minecraft:killed_by":{"minecraft:pillager":1},"minecraft:used":{"minecraft:wooden_axe":10,"minecraft:bread":1,"minecraft:stone_pickaxe":8,"minecraft:mutton":3,"minecraft:crafting_table":3,"minecraft:jungle_door":1},"minecraft:dropped":{"born_in_chaos_v1:corpse_maggot":4},"minecraft:custom":{"minecraft:time_since_rest":9570,"minecraft:sprint_one_cm":73528,"minecraft:damage_taken":431,"minecraft:walk_one_cm":27046,"minecraft:mob_kills":4,"minecraft:drop":1,"minecraft:damage_dealt":290,"minecraft:interact_with_crafting_table":4,"minecraft:swim_one_cm":47528,"minecraft:fly_one_cm":126335,"minecraft:open_barrel":1,"minecraft:open_chest":12,"minecraft:crouch_one_cm":400,"minecraft:play_time":18536,"minecraft:deaths":1,"minecraft:sneak_time":225,"minecraft:walk_under_water_one_cm":7247,"minecraft:jump":366,"minecraft:walk_on_water_one_cm":9766,"minecraft:time_since_death":16769,"minecraft:sleep_in_bed":1,"minecraft:climb_one_cm":791,"minecraft:total_world_time":18536,"minecraft:fall_one_cm":11603},"minecraft:crafted":{"minecraft:jungle_door":3,"minecraft:crafting_table":2,"minecraft:wooden_pickaxe":1,"minecraft:stone_pickaxe":1,"minecraft:wooden_axe":1,"minecraft:jungle_planks":20},"minecraft:killed":{"minecraft:sheep":3,"born_in_chaos_v1:skeleton_demoman":1}},"DataVersion":3120}