{"stats":{"minecraft:picked_up":{"minecraft:cocoa_beans":4,"born_in_chaos_v1:corpse_maggot":4,"minecraft:stick":18,"minecraft:crafting_table":1,"minecraft:jungle_door":1,"iter_rpg:cracked_hivestone":1,"minecraft:jungle_log":101,"minecraft:sand":1,"minecraft:white_bed":2,"iter_rpg:hivestone":2,"minecraft:gunpowder":2,"minecraft:pufferfish":2,"minecraft:bone":4,"minecraft:raw_iron":3,"minecraft:jungle_sapling":5,"minecraft:bamboo":7,"minecraft:melon_slice":30,"minecraft:black_wool":1,"minecraft:cod":1,"minecraft:mutton":5,"iter_rpg:silky_hivestone":1,"minecraft:white_wool":2,"minecraft:cobblestone":4},"minecraft:mined":{"iter_rpg:infested_hivestone":1,"minecraft:jungle_door":1,"minecraft:white_bed":2,"minecraft:iron_ore":3,"iter_rpg:crumbling_hivestone":1,"iter_rpg:silky_hivestone":1,"iter_rpg:cracked_hivestone":1,"minecraft:crafting_table":1,"minecraft:grass":5,"minecraft:melon":6,"minecraft:vine":1,"minecraft:jungle_log":5,"minecraft:dead_bush":15,"minecraft:sand":1,"minecraft:stone":2,"minecraft:bamboo":1,"iter_rpg:hivestone":4,"minecraft:fern":6},"minecraft:killed_by":{"minecraft:pillager":1},"minecraft:broken":{"minecraft:wooden_axe":1},"minecraft:used":{"minecraft:wooden_axe":11,"minecraft:melon_slice":17,"minecraft:bread":1,"minecraft:stone_pickaxe":24,"minecraft:jungle_boat":1,"minecraft:fishing_rod":6,"minecraft:mutton":5,"minecraft:crafting_table":4,"minecraft:jungle_door":4,"minecraft:white_bed":1,"minecraft:cod":1},"minecraft:dropped":{"iter_rpg:hivestone":2,"born_in_chaos_v1:corpse_maggot":4,"iter_rpg:silky_hivestone":1,"iter_rpg:cracked_hivestone":1,"minecraft:pufferfish":2},"minecraft:custom":{"minecraft:time_since_rest":2017,"minecraft:sprint_one_cm":92258,"minecraft:damage_taken":716,"minecraft:walk_one_cm":40029,"minecraft:mob_kills":4,"minecraft:drop":7,"minecraft:damage_dealt":290,"minecraft:interact_with_crafting_table":5,"minecraft:swim_one_cm":92715,"minecraft:fly_one_cm":157015,"minecraft:open_barrel":1,"minecraft:open_chest":19,"minecraft:crouch_one_cm":828,"minecraft:play_time":31883,"minecraft:deaths":1,"minecraft:sneak_time":546,"minecraft:walk_under_water_one_cm":15913,"minecraft:boat_one_cm":550,"minecraft:jump":504,"minecraft:leave_game":1,"minecraft:walk_on_water_one_cm":19328,"minecraft:time_since_death":30116,"minecraft:sleep_in_bed":2,"minecraft:climb_one_cm":1307,"minecraft:total_world_time":31883,"minecraft:fish_caught":2,"minecraft:fall_one_cm":14364},"minecraft:crafted":{"minecraft:jungle_door":3,"minecraft:crafting_table":3,"minecraft:jungle_boat":1,"minecraft:wooden_pickaxe":1,"minecraft:stone_pickaxe":1,"minecraft:wooden_axe":1,"minecraft:jungle_planks":40},"minecraft:killed":{"minecraft:sheep":3,"born_in_chaos_v1:skeleton_demoman":1}},"DataVersion":3120}