{"stats":{"minecraft:picked_up":{"minecraft:stick":13},"minecraft:killed_by":{"minecraft:pillager":1},"minecraft:mined":{"minecraft:dead_bush":15},"minecraft:custom":{"minecraft:jump":124,"minecraft:time_since_rest":5234,"minecraft:walk_on_water_one_cm":743,"minecraft:crouch_one_cm":58,"minecraft:deaths":1,"minecraft:sprint_one_cm":29573,"minecraft:play_time":6965,"minecraft:damage_taken":431,"minecraft:time_since_death":5198,"minecraft:walk_one_cm":7488,"minecraft:sneak_time":40,"minecraft:total_world_time":6965,"minecraft:walk_under_water_one_cm":123,"minecraft:swim_one_cm":822,"minecraft:fall_one_cm":5283,"minecraft:fly_one_cm":48941}},"DataVersion":3120}