{"stats":{"minecraft:picked_up":{"born_in_chaos_v1:corpse_maggot":2,"minecraft:crafting_table":4,"minecraft:wheat":30,"minecraft:chicken":1,"minecraft:leather":10,"minecraft:oak_log":29,"minecraft:dirt":12,"minecraft:red_bed":1,"minecraft:cooked_mutton":4,"born_in_chaos_v1:intoxicating_decoction":1,"minecraft:bone":1,"minecraft:wheat_seeds":82,"minecraft:beef":12,"minecraft:iron_ingot":61,"minecraft:light_gray_wool":1,"minecraft:melon_slice":8,"minecraft:sugar_cane":30,"minecraft:acacia_sapling":1,"minecraft:furnace":1,"minecraft:stick":23,"minecraft:raw_iron":2,"minecraft:copper_ingot":1,"minecraft:porkchop":5,"epicfight:skillbook":2,"minecraft:sand":2,"minecraft:amethyst_shard":2,"born_in_chaos_v1:pieceofdarkmetal":4,"minecraft:orange_bed":1,"minecraft:rotten_flesh":6,"minecraft:hay_block":40,"minecraft:white_wool":14,"minecraft:mutton":20,"minecraft:coal":12,"minecraft:cobblestone":38},"minecraft:killed_by":{"minecraft:player":1,"minecraft:creeper":1,"born_in_chaos_v1:zombie_clown":1},"minecraft:crafted":{"minecraft:oak_planks":76,"minecraft:crafting_table":2,"minecraft:wooden_pickaxe":1,"minecraft:iron_sword":1,"minecraft:furnace":1,"minecraft:stone_axe":1,"minecraft:bread":46,"minecraft:iron_axe":1,"minecraft:stick":8,"minecraft:iron_pickaxe":1,"minecraft:stone_pickaxe":1,"minecraft:stone_sword":1,"minecraft:chest":2,"minecraft:torch":4,"minecraft:wheat":108},"minecraft:dropped":{"minecraft:wheat_seeds":79,"minecraft:wooden_pickaxe":1},"minecraft:used":{"minecraft:wheat_seeds":1,"epicfight:skillbook":2,"minecraft:stone_sword":30,"minecraft:stone_pickaxe":50,"minecraft:chest":2,"minecraft:wooden_pickaxe":3,"minecraft:iron_sword":17,"minecraft:rotten_flesh":1,"minecraft:orange_bed":1,"minecraft:torch":1,"minecraft:sand":2,"minecraft:crafting_table":5,"minecraft:red_bed":1,"minecraft:campfire":1,"minecraft:acacia_sapling":1,"minecraft:oak_log":2,"born_in_chaos_v1:corpse_maggot":2,"minecraft:bread":12,"minecraft:iron_axe":9,"minecraft:melon_slice":5,"minecraft:stone_axe":32,"minecraft:cobblestone":2,"minecraft:furnace":2},"minecraft:mined":{"minecraft:red_bed":1,"minecraft:crafting_table":4,"biomesoplenty:bush":1,"minecraft:grass_block":5,"minecraft:melon":2,"minecraft:dead_bush":26,"minecraft:tall_grass":1,"minecraft:sugar_cane":18,"biomesoplenty:dune_grass":2,"minecraft:hay_block":40,"minecraft:furnace":1,"iter_rpg:small_vase":1,"minecraft:iron_ore":2,"minecraft:wheat":1,"minecraft:grass":4,"minecraft:oak_log":28,"minecraft:coal_ore":12,"minecraft:dirt":7,"minecraft:sand":2,"minecraft:stone":38,"minecraft:oak_leaves":5,"minecraft:orange_bed":1,"minecraft:fern":1},"minecraft:custom":{"minecraft:interact_with_furnace":1,"minecraft:mob_kills":32,"minecraft:interact_with_crafting_table":11,"minecraft:open_barrel":1,"minecraft:interact_with_campfire":4,"minecraft:leave_game":1,"minecraft:time_since_death":27532,"minecraft:sleep_in_bed":2,"minecraft:climb_one_cm":80,"minecraft:time_since_rest":846,"minecraft:sprint_one_cm":222487,"minecraft:damage_taken":1234,"minecraft:walk_one_cm":180447,"minecraft:drop":9,"minecraft:damage_dealt":3675,"minecraft:swim_one_cm":18923,"minecraft:fly_one_cm":473611,"minecraft:open_chest":9,"minecraft:crouch_one_cm":605,"minecraft:play_time":42248,"minecraft:deaths":3,"minecraft:sneak_time":253,"minecraft:walk_under_water_one_cm":3212,"minecraft:jump":1006,"minecraft:walk_on_water_one_cm":15924,"minecraft:interact_with_smoker":1,"minecraft:total_world_time":42248,"minecraft:fall_one_cm":30459},"minecraft:killed":{"iter_rpg:goblin":1,"born_in_chaos_v1:zombie_clown":1,"born_in_chaos_v1:fallen_chaos_knight":1,"minecraft:pig":2,"minecraft:creeper":1,"born_in_chaos_v1:maggot":2,"minecraft:sheep":15,"minecraft:zombie":1,"minecraft:chicken":1,"born_in_chaos_v1:corpse_fly":1,"iter_rpg:goblin_warrior":1,"minecraft:cow":7}},"DataVersion":3120}