{"stats":{"minecraft:picked_up":{"minecraft:stick":21,"minecraft:crafting_table":1,"minecraft:chicken":1,"epicfight:skillbook":2,"minecraft:sand":2,"minecraft:oak_log":9,"born_in_chaos_v1:pieceofdarkmetal":4,"born_in_chaos_v1:intoxicating_decoction":1,"minecraft:bone":1,"minecraft:rotten_flesh":5,"minecraft:hay_block":12,"minecraft:iron_ingot":61,"minecraft:sugar_cane":8,"minecraft:acacia_sapling":1},"minecraft:killed_by":{"born_in_chaos_v1:zombie_clown":1,"minecraft:player":1,"minecraft:creeper":1},"minecraft:crafted":{"minecraft:oak_planks":4,"minecraft:iron_axe":1,"minecraft:crafting_table":1,"minecraft:iron_pickaxe":1,"minecraft:iron_sword":1,"minecraft:bread":36,"minecraft:wheat":108},"minecraft:used":{"epicfight:skillbook":2,"minecraft:iron_axe":9,"minecraft:bread":5,"minecraft:iron_sword":17,"minecraft:sand":2,"minecraft:crafting_table":1,"minecraft:acacia_sapling":1},"minecraft:mined":{"minecraft:hay_block":12,"minecraft:crafting_table":1,"minecraft:grass":1,"biomesoplenty:bush":1,"minecraft:oak_log":8,"minecraft:dead_bush":26,"minecraft:sand":2,"minecraft:sugar_cane":2},"minecraft:killed":{"born_in_chaos_v1:zombie_clown":1,"born_in_chaos_v1:fallen_chaos_knight":1,"minecraft:chicken":1,"born_in_chaos_v1:maggot":2},"minecraft:custom":{"minecraft:time_since_rest":125,"minecraft:sprint_one_cm":64111,"minecraft:damage_taken":964,"minecraft:walk_one_cm":78564,"minecraft:mob_kills":3,"minecraft:damage_dealt":795,"minecraft:swim_one_cm":4846,"minecraft:interact_with_crafting_table":2,"minecraft:fly_one_cm":95967,"minecraft:open_barrel":1,"minecraft:open_chest":2,"minecraft:crouch_one_cm":214,"minecraft:play_time":14818,"minecraft:deaths":3,"minecraft:sneak_time":25,"minecraft:walk_under_water_one_cm":1948,"minecraft:jump":225,"minecraft:leave_game":1,"minecraft:walk_on_water_one_cm":3294,"minecraft:time_since_death":102,"minecraft:total_world_time":14818,"minecraft:fall_one_cm":7976}},"DataVersion":3120}