{"stats":{"minecraft:picked_up":{"minecraft:stick":19,"minecraft:hay_block":12,"minecraft:iron_ingot":61,"minecraft:sand":2,"minecraft:oak_log":1,"minecraft:sugar_cane":8,"minecraft:acacia_sapling":1},"minecraft:crafted":{"minecraft:oak_planks":4,"minecraft:crafting_table":1,"minecraft:bread":36,"minecraft:wheat":108},"minecraft:used":{"minecraft:sand":2,"minecraft:crafting_table":1,"minecraft:bread":3,"minecraft:acacia_sapling":1},"minecraft:mined":{"minecraft:hay_block":12,"biomesoplenty:bush":1,"minecraft:oak_log":1,"minecraft:dead_bush":26,"minecraft:sand":2,"minecraft:sugar_cane":2},"minecraft:custom":{"minecraft:open_barrel":1,"minecraft:time_since_rest":8358,"minecraft:open_chest":1,"minecraft:crouch_one_cm":103,"minecraft:play_time":8358,"minecraft:sprint_one_cm":37313,"minecraft:damage_taken":342,"minecraft:walk_one_cm":30715,"minecraft:sneak_time":15,"minecraft:walk_under_water_one_cm":1948,"minecraft:jump":151,"minecraft:damage_dealt":64,"minecraft:time_since_death":8358,"minecraft:walk_on_water_one_cm":3294,"minecraft:total_world_time":8358,"minecraft:interact_with_crafting_table":1,"minecraft:swim_one_cm":4846,"minecraft:fall_one_cm":6049,"minecraft:fly_one_cm":71182}},"DataVersion":3120}