{
  "securitycraft:recipes/securitycraft/universal_block_remover": {
    "criteria": {
      "has_iron": "2024-07-06 03:09:34 +0000"
    },
    "done": true
  },
  "minecraft:recipes/tools/fishing_rod": {
    "criteria": {
      "has_string": "2024-07-06 03:31:49 +0000"
    },
    "done": true
  },
  "minecraft:recipes/decorations/smoker": {
    "criteria": {
      "has_furnace": "2024-07-06 03:35:05 +0000"
    },
    "done": true
  },
  "aether:recipes/redstone/skyroot_piston": {
    "criteria": {
      "has_redstone": "2024-07-06 04:26:38 +0000"
    },
    "done": true
  },
  "minecraft:recipes/redstone/lever": {
    "criteria": {
      "has_cobblestone": "2024-07-06 03:21:03 +0000"
    },
    "done": true
  },
  "smallships:recipes/transportation/birch_drakkar": {
    "criteria": {
      "in_water": "2024-07-06 03:24:39 +0000"
    },
    "done": true
  },
  "valhelsia_furniture:recipes/valhelsia_furniture/red_upholstered_acacia_chair": {
    "criteria": {
      "has_acacia_planks": "2024-07-06 03:35:56 +0000"
    },
    "done": true
  },
  "minecraft:recipes/redstone/acacia_button": {
    "criteria": {
      "has_planks": "2024-07-06 03:35:56 +0000"
    },
    "done": true
  },
  "valhelsia_furniture:recipes/valhelsia_furniture/spruce_desk_drawer": {
    "criteria": {
      "has_spruce_planks": "2024-07-06 03:15:31 +0000"
    },
    "done": true
  },
  "minecraft:recipes/combat/iron_sword": {
    "criteria": {
      "has_iron_ingot": "2024-07-06 03:09:34 +0000"
    },
    "done": true
  },
  "aether:recipes/combat/iron_ring": {
    "criteria": {
      "has_iron_ingot": "2024-07-06 03:09:34 +0000"
    },
    "done": true
  },
  "minecraft:recipes/redstone/spruce_door": {
    "criteria": {
      "has_planks": "2024-07-06 03:15:31 +0000"
    },
    "done": true
  },
  "securitycraft:recipes/securitycraft/sentry": {
    "criteria": {
      "has_iron": "2024-07-06 03:09:34 +0000"
    },
    "done": true
  },
  "minecraft:recipes/building_blocks/lime_concrete_powder": {
    "criteria": {
      "has_sand": "2024-07-06 03:57:29 +0000"
    },
    "done": true
  },
  "valhelsia_furniture:recipes/valhelsia_furniture/lime_upholstered_oak_chair": {
    "criteria": {
      "has_oak_planks": "2024-07-06 04:00:06 +0000"
    },
    "done": true
  },
  "minecraft:recipes/building_blocks/chiseled_stone_bricks": {
    "criteria": {
      "has_tag": "2024-07-06 04:26:20 +0000"
    },
    "done": true
  },
  "minecraft:recipes/tools/iron_pickaxe": {
    "criteria": {
      "has_iron_ingot": "2024-07-06 03:09:34 +0000"
    },
    "done": true
  },
  "minecraft:recipes/redstone/spruce_fence_gate": {
    "criteria": {
      "has_planks": "2024-07-06 03:15:31 +0000"
    },
    "done": true
  },
  "minecraft:recipes/building_blocks/yellow_concrete_powder": {
    "criteria": {
      "has_sand": "2024-07-06 03:57:29 +0000"
    },
    "done": true
  },
  "valhelsia_furniture:recipes/valhelsia_furniture/red_upholstered_birch_chair": {
    "criteria": {
      "has_birch_planks": "2024-07-06 03:28:37 +0000"
    },
    "done": true
  },
  "biomesoplenty:recipes/mahogany_chest_boat": {
    "criteria": {
      "has_boat": "2024-07-06 04:25:14 +0000"
    },
    "done": true
  },
  "minecraft:recipes/decorations/crafting_table": {
    "criteria": {
      "has_planks": "2024-07-06 03:15:31 +0000"
    },
    "done": true
  },
  "smallships:recipes/transportation/birch_cog": {
    "criteria": {
      "in_water": "2024-07-06 03:24:39 +0000"
    },
    "done": true
  },
  "valhelsia_furniture:recipes/valhelsia_furniture/orange_birch_chair": {
    "criteria": {
      "has_birch_planks": "2024-07-06 03:28:37 +0000"
    },
    "done": true
  },
  "sophisticatedbackpacks:recipes/sophisticatedbackpacks/gold_backpack": {
    "criteria": {
      "has_iron_backpack": "2024-07-06 03:42:38 +0000"
    },
    "done": true
  },
  "minecraft:recipes/decorations/ladder": {
    "criteria": {
      "has_stick": "2024-07-06 03:14:31 +0000"
    },
    "done": true
  },
  "minecraft:recipes/decorations/chest": {
    "criteria": {
      "has_lots_of_items": "2024-07-06 03:21:02 +0000"
    },
    "done": true
  },
  "minecraft:recipes/combat/golden_sword": {
    "criteria": {
      "has_gold_ingot": "2024-07-06 03:31:23 +0000"
    },
    "done": true
  },
  "securitycraft:recipes/securitycraft/reinforced_redstone_lamp": {
    "criteria": {
      "has_redstone": "2024-07-06 04:26:38 +0000"
    },
    "done": true
  },
  "minecraft:recipes/transportation/mangrove_boat": {
    "criteria": {
      "in_water": "2024-07-06 03:24:39 +0000"
    },
    "done": true
  },
  "minecraft:recipes/redstone/spruce_button": {
    "criteria": {
      "has_planks": "2024-07-06 03:15:31 +0000"
    },
    "done": true
  },
  "minecraft:recipes/building_blocks/red_sandstone": {
    "criteria": {
      "has_sand": "2024-07-06 03:08:38 +0000"
    },
    "done": true
  },
  "minecraft:recipes/tools/wooden_shovel": {
    "criteria": {
      "has_stick": "2024-07-06 03:14:31 +0000"
    },
    "done": true
  },
  "valhelsia_furniture:recipes/valhelsia_furniture/birch_table": {
    "criteria": {
      "has_birch_planks": "2024-07-06 03:28:37 +0000"
    },
    "done": true
  },
  "minecraft:recipes/tools/shears": {
    "criteria": {
      "has_iron_ingot": "2024-07-06 03:09:34 +0000"
    },
    "done": true
  },
  "minecraft:recipes/misc/stick": {
    "criteria": {
      "has_planks": "2024-07-06 03:15:31 +0000"
    },
    "done": true
  },
  "valhelsia_furniture:recipes/valhelsia_furniture/yellow_upholstered_spruce_chair": {
    "criteria": {
      "has_spruce_planks": "2024-07-06 03:15:31 +0000"
    },
    "done": true
  },
  "smallships:recipes/transportation/acacia_galley": {
    "criteria": {
      "in_water": "2024-07-06 03:24:39 +0000"
    },
    "done": true
  },
  "valhelsia_furniture:recipes/valhelsia_furniture/white_upholstered_oak_stool": {
    "criteria": {
      "has_oak_slab": "2024-07-06 03:15:15 +0000"
    },
    "done": true
  },
  "minecraft:recipes/building_blocks/mossy_cobblestone_slab_from_mossy_cobblestone_stonecutting": {
    "criteria": {
      "has_mossy_cobblestone": "2024-07-06 03:21:02 +0000"
    },
    "done": true
  },
  "valhelsia_furniture:recipes/valhelsia_furniture/blue_birch_chair": {
    "criteria": {
      "has_birch_planks": "2024-07-06 03:28:37 +0000"
    },
    "done": true
  },
  "valhelsia_structures:recipes/valhelsia_structures_main/light_blue_metal_framed_glass": {
    "criteria": {
      "has_ingots/iron": "2024-07-06 03:09:34 +0000"
    },
    "done": true
  },
  "valhelsia_furniture:recipes/valhelsia_furniture/orange_upholstered_birch_chair": {
    "criteria": {
      "has_birch_planks": "2024-07-06 03:28:37 +0000"
    },
    "done": true
  },
  "valhelsia_furniture:recipes/valhelsia_furniture/lime_mangrove_table": {
    "criteria": {
      "has_lime_carpet": "2024-07-06 03:26:37 +0000"
    },
    "done": true
  },
  "valhelsia_structures:recipes/valhelsia_structures_main/bone_pile_block_from_bone": {
    "criteria": {
      "has_bone": "2024-07-06 03:21:25 +0000"
    },
    "done": true
  },
  "minecraft:recipes/building_blocks/lime_terracotta": {
    "criteria": {
      "has_terracotta": "2024-07-06 03:24:25 +0000"
    },
    "done": true
  },
  "valhelsia_furniture:recipes/valhelsia_furniture/gray_upholstered_oak_chair": {
    "criteria": {
      "has_oak_planks": "2024-07-06 04:00:06 +0000"
    },
    "done": true
  },
  "securitycraft:recipes/securitycraft/electrified_iron_fence": {
    "criteria": {
      "has_iron": "2024-07-06 03:09:34 +0000"
    },
    "done": true
  },
  "valhelsia_furniture:recipes/valhelsia_furniture/oak_desk_drawer": {
    "criteria": {
      "has_oak_slab": "2024-07-06 03:15:15 +0000"
    },
    "done": true
  },
  "valhelsia_furniture:recipes/valhelsia_furniture/yellow_upholstered_oak_chair": {
    "criteria": {
      "has_oak_planks": "2024-07-06 04:00:06 +0000"
    },
    "done": true
  },
  "minecraft:recipes/building_blocks/cut_red_sandstone_slab_from_red_sandstone_stonecutting": {
    "criteria": {
      "has_red_sandstone": "2024-07-06 03:20:49 +0000"
    },
    "done": true
  },
  "minecraft:recipes/combat/iron_leggings": {
    "criteria": {
      "has_iron_ingot": "2024-07-06 03:09:34 +0000"
    },
    "done": true
  },
  "minecraft:recipes/building_blocks/sandstone_stairs": {
    "criteria": {
      "has_cut_sandstone": "2024-07-06 03:30:24 +0000"
    },
    "done": true
  },
  "minecraft:recipes/building_blocks/light_gray_terracotta": {
    "criteria": {
      "has_terracotta": "2024-07-06 03:24:25 +0000"
    },
    "done": true
  },
  "valhelsia_structures:recipes/valhelsia_structures_main/light_gray_metal_framed_glass": {
    "criteria": {
      "has_ingots/iron": "2024-07-06 03:09:34 +0000"
    },
    "done": true
  },
  "valhelsia_furniture:recipes/valhelsia_furniture/lime_spruce_chair": {
    "criteria": {
      "has_spruce_planks": "2024-07-06 03:15:31 +0000"
    },
    "done": true
  },
  "minecraft:recipes/brewing/golden_carrot": {
    "criteria": {
      "has_gold_nugget": "2024-07-06 03:56:43 +0000"
    },
    "done": true
  },
  "minecraft:recipes/combat/shield": {
    "criteria": {
      "has_iron_ingot": "2024-07-06 03:09:34 +0000"
    },
    "done": true
  },
  "minecraft:recipes/building_blocks/cobblestone_slab": {
    "criteria": {
      "has_cobblestone": "2024-07-06 03:21:03 +0000"
    },
    "done": true
  },
  "aether:recipes/combat/iron_pendant": {
    "criteria": {
      "has_iron_ingot": "2024-07-06 03:09:34 +0000"
    },
    "done": true
  },
  "minecraft:recipes/building_blocks/red_sandstone_stairs": {
    "criteria": {
      "has_red_sandstone": "2024-07-06 03:20:49 +0000"
    },
    "done": true
  },
  "valhelsia_furniture:recipes/valhelsia_furniture/lime_birch_table": {
    "criteria": {
      "has_lime_carpet": "2024-07-06 03:26:37 +0000"
    },
    "done": true
  },
  "minecraft:recipes/redstone/hopper": {
    "criteria": {
      "has_iron_ingot": "2024-07-06 03:09:34 +0000"
    },
    "done": true
  },
  "minecraft:recipes/building_blocks/pink_terracotta": {
    "criteria": {
      "has_terracotta": "2024-07-06 03:24:25 +0000"
    },
    "done": true
  },
  "valhelsia_furniture:recipes/valhelsia_furniture/light_blue_upholstered_oak_stool": {
    "criteria": {
      "has_oak_slab": "2024-07-06 03:15:15 +0000"
    },
    "done": true
  },
  "valhelsia_furniture:recipes/valhelsia_furniture/lime_birch_chair": {
    "criteria": {
      "has_birch_planks": "2024-07-06 03:28:37 +0000"
    },
    "done": true
  },
  "iter_rpg:iter_root": {
    "criteria": {
      "iter_root": "2024-07-06 03:06:01 +0000"
    },
    "done": true
  },
  "minecraft:recipes/building_blocks/mossy_cobblestone_stairs_from_mossy_cobblestone_stonecutting": {
    "criteria": {
      "has_mossy_cobblestone": "2024-07-06 03:21:02 +0000"
    },
    "done": true
  },
  "securitycraft:recipes/securitycraft/taser": {
    "criteria": {
      "has_redstone": "2024-07-06 04:26:38 +0000"
    },
    "done": true
  },
  "minecraft:recipes/transportation/jungle_chest_boat": {
    "criteria": {
      "has_boat": "2024-07-06 04:25:14 +0000"
    },
    "done": true
  },
  "aether:recipes/building_blocks/skyroot_bookshelf": {
    "criteria": {
      "has_book": "2024-07-06 03:58:16 +0000"
    },
    "done": true
  },
  "valhelsia_furniture:recipes/valhelsia_furniture/cyan_oak_table": {
    "criteria": {
      "has_cyan_carpet": "2024-07-06 04:14:20 +0000"
    },
    "done": true
  },
  "minecraft:recipes/building_blocks/magenta_terracotta": {
    "criteria": {
      "has_terracotta": "2024-07-06 03:24:25 +0000"
    },
    "done": true
  },
  "minecraft:recipes/building_blocks/light_gray_concrete_powder": {
    "criteria": {
      "has_sand": "2024-07-06 03:57:29 +0000"
    },
    "done": true
  },
  "biomesoplenty:recipes/transportation/cherry_boat": {
    "criteria": {
      "in_water": "2024-07-06 03:24:39 +0000"
    },
    "done": true
  },
  "biomesoplenty:recipes/transportation/fir_boat": {
    "criteria": {
      "in_water": "2024-07-06 03:24:39 +0000"
    },
    "done": true
  },
  "valhelsia_furniture:recipes/valhelsia_furniture/magenta_upholstered_oak_stool": {
    "criteria": {
      "has_oak_slab": "2024-07-06 03:15:15 +0000"
    },
    "done": true
  },
  "minecraft:recipes/building_blocks/pink_concrete_powder": {
    "criteria": {
      "has_sand": "2024-07-06 03:57:29 +0000"
    },
    "done": true
  },
  "securitycraft:recipes/securitycraft/security_camera": {
    "criteria": {
      "has_iron": "2024-07-06 03:09:34 +0000"
    },
    "done": true
  },
  "minecraft:recipes/building_blocks/sandstone_slab": {
    "criteria": {
      "has_chiseled_sandstone": "2024-07-06 03:30:24 +0000"
    },
    "done": true
  },
  "minecraft:recipes/redstone/lectern": {
    "criteria": {
      "has_book": "2024-07-06 03:58:16 +0000"
    },
    "done": true
  },
  "securitycraft:recipes/securitycraft/door_indestructible_iron_item": {
    "criteria": {
      "has_iron": "2024-07-06 03:09:34 +0000"
    },
    "done": true
  },
  "valhelsia_furniture:recipes/valhelsia_furniture/gray_upholstered_acacia_chair": {
    "criteria": {
      "has_acacia_planks": "2024-07-06 03:35:56 +0000"
    },
    "done": true
  },
  "valhelsia_furniture:recipes/valhelsia_furniture/blue_upholstered_acacia_chair": {
    "criteria": {
      "has_acacia_planks": "2024-07-06 03:35:56 +0000"
    },
    "done": true
  },
  "valhelsia_furniture:recipes/valhelsia_furniture/white_spruce_chair": {
    "criteria": {
      "has_spruce_planks": "2024-07-06 03:15:31 +0000"
    },
    "done": true
  },
  "valhelsia_furniture:recipes/valhelsia_furniture/acacia_desk": {
    "criteria": {
      "has_acacia_planks": "2024-07-06 03:35:56 +0000"
    },
    "done": true
  },
  "minecraft:recipes/decorations/acacia_fence": {
    "criteria": {
      "has_planks": "2024-07-06 03:35:56 +0000"
    },
    "done": true
  },
  "valhelsia_structures:recipes/valhelsia_structures_main/yellow_metal_framed_glass": {
    "criteria": {
      "has_ingots/iron": "2024-07-06 03:09:34 +0000"
    },
    "done": true
  },
  "minecraft:recipes/decorations/iron_bars": {
    "criteria": {
      "has_iron_ingot": "2024-07-06 03:09:34 +0000"
    },
    "done": true
  },
  "smallships:recipes/transportation/oak_brigg": {
    "criteria": {
      "in_water": "2024-07-06 03:24:39 +0000"
    },
    "done": true
  },
  "minecraft:recipes/building_blocks/gold_block": {
    "criteria": {
      "has_gold_ingot": "2024-07-06 03:31:23 +0000"
    },
    "done": true
  },
  "minecraft:recipes/transportation/acacia_chest_boat": {
    "criteria": {
      "has_boat": "2024-07-06 04:25:14 +0000"
    },
    "done": true
  },
  "minecraft:story/obtain_armor": {
    "criteria": {
      "iron_chestplate": "2024-07-06 03:19:04 +0000"
    },
    "done": true
  },
  "smallships:recipes/transportation/birch_galley": {
    "criteria": {
      "in_water": "2024-07-06 03:24:39 +0000"
    },
    "done": true
  },
  "securitycraft:recipes/securitycraft/portable_radar": {
    "criteria": {
      "has_redstone": "2024-07-06 04:26:38 +0000"
    },
    "done": true
  },
  "biomesoplenty:biomesoplenty/all_biomes": {
    "criteria": {
      "cherry_blossom_grove": "2024-07-06 04:33:45 +0000",
      "rocky_rainforest": "2024-07-06 04:30:30 +0000",
      "volcanic_plains": "2024-07-06 03:45:54 +0000",
      "grassland": "2024-07-06 04:33:48 +0000",
      "rainforest": "2024-07-06 04:24:47 +0000"
    },
    "done": false
  },
  "valhelsia_furniture:recipes/valhelsia_furniture/pink_spruce_chair": {
    "criteria": {
      "has_spruce_planks": "2024-07-06 03:15:31 +0000"
    },
    "done": true
  },
  "valhelsia_furniture:recipes/valhelsia_furniture/brown_upholstered_oak_chair": {
    "criteria": {
      "has_oak_planks": "2024-07-06 04:00:06 +0000"
    },
    "done": true
  },
  "minecraft:recipes/brewing/cauldron": {
    "criteria": {
      "has_water_bucket": "2024-07-06 03:23:56 +0000"
    },
    "done": true
  },
  "valhelsia_furniture:recipes/valhelsia_furniture/gray_upholstered_oak_stool": {
    "criteria": {
      "has_oak_slab": "2024-07-06 03:15:15 +0000"
    },
    "done": true
  },
  "minecraft:adventure/sleep_in_bed": {
    "criteria": {
      "slept_in_bed": "2024-07-06 03:35:32 +0000"
    },
    "done": true
  },
  "minecraft:recipes/building_blocks/sandstone": {
    "criteria": {
      "has_sand": "2024-07-06 03:57:29 +0000"
    },
    "done": true
  },
  "biomesoplenty:recipes/cherry_chest_boat": {
    "criteria": {
      "has_boat": "2024-07-06 04:25:14 +0000"
    },
    "done": true
  },
  "valhelsia_furniture:recipes/valhelsia_furniture/magenta_acacia_chair": {
    "criteria": {
      "has_acacia_planks": "2024-07-06 03:35:56 +0000"
    },
    "done": true
  },
  "minecraft:recipes/building_blocks/cobblestone_slab_from_cobblestone_stonecutting": {
    "criteria": {
      "has_cobblestone": "2024-07-06 03:21:03 +0000"
    },
    "done": true
  },
  "valhelsia_furniture:recipes/valhelsia_furniture/orange_spruce_chair": {
    "criteria": {
      "has_spruce_planks": "2024-07-06 03:15:31 +0000"
    },
    "done": true
  },
  "aether:recipes/combat/iron_helmet_repairing": {
    "criteria": {
      "has_iron_helmet": "2024-07-06 03:44:31 +0000"
    },
    "done": true
  },
  "aether:recipes/building_blocks/packed_ice_freezing": {
    "criteria": {
      "has_water_bucket": "2024-07-06 03:23:56 +0000"
    },
    "done": true
  },
  "valhelsia_furniture:recipes/valhelsia_furniture/blue_oak_chair": {
    "criteria": {
      "has_oak_planks": "2024-07-06 04:00:06 +0000"
    },
    "done": true
  },
  "minecraft:recipes/building_blocks/oak_stairs": {
    "criteria": {
      "has_planks": "2024-07-06 04:00:06 +0000"
    },
    "done": true
  },
  "biomesoplenty:recipes/redwood_chest_boat": {
    "criteria": {
      "has_boat": "2024-07-06 04:25:14 +0000"
    },
    "done": true
  },
  "valhelsia_furniture:recipes/valhelsia_furniture/cyan_jungle_table": {
    "criteria": {
      "has_cyan_carpet": "2024-07-06 04:14:20 +0000"
    },
    "done": true
  },
  "minecraft:recipes/transportation/acacia_boat": {
    "criteria": {
      "in_water": "2024-07-06 03:24:39 +0000"
    },
    "done": true
  },
  "minecraft:recipes/redstone/iron_trapdoor": {
    "criteria": {
      "has_iron_ingot": "2024-07-06 03:09:34 +0000"
    },
    "done": true
  },
  "aether:recipes/combat/golden_ring": {
    "criteria": {
      "has_gold_ingot": "2024-07-06 03:31:23 +0000"
    },
    "done": true
  },
  "biomesoplenty:recipes/jacaranda_chest_boat": {
    "criteria": {
      "has_boat": "2024-07-06 04:25:14 +0000"
    },
    "done": true
  },
  "valhelsia_furniture:recipes/valhelsia_furniture/white_upholstered_spruce_chair": {
    "criteria": {
      "has_spruce_planks": "2024-07-06 03:15:31 +0000"
    },
    "done": true
  },
  "minecraft:recipes/decorations/birch_sign": {
    "criteria": {
      "has_planks": "2024-07-06 03:28:37 +0000"
    },
    "done": true
  },
  "minecraft:adventure/root": {
    "criteria": {
      "killed_by_something": "2024-07-06 03:08:59 +0000"
    },
    "done": true
  },
  "valhelsia_structures:recipes/valhelsia_structures_main/metal_framed_glass": {
    "criteria": {
      "has_ingots/iron": "2024-07-06 03:09:34 +0000"
    },
    "done": true
  },
  "valhelsia_structures:recipes/valhelsia_structures_main/red_metal_framed_glass": {
    "criteria": {
      "has_ingots/iron": "2024-07-06 03:09:34 +0000"
    },
    "done": true
  },
  "valhelsia_furniture:recipes/valhelsia_furniture/blue_upholstered_oak_chair": {
    "criteria": {
      "has_oak_planks": "2024-07-06 04:00:06 +0000"
    },
    "done": true
  },
  "minecraft:recipes/transportation/dark_oak_chest_boat": {
    "criteria": {
      "has_boat": "2024-07-06 04:25:14 +0000"
    },
    "done": true
  },
  "aether:recipes/combat/iron_gloves": {
    "criteria": {
      "has_iron": "2024-07-06 03:09:34 +0000"
    },
    "done": true
  },
  "dungeons_arise:find_bandit_towers": {
    "criteria": {
      "location0": "2024-07-06 03:08:01 +0000"
    },
    "done": true
  },
  "valhelsia_furniture:recipes/valhelsia_furniture/pink_birch_chair": {
    "criteria": {
      "has_birch_planks": "2024-07-06 03:28:37 +0000"
    },
    "done": true
  },
  "securitycraft:recipes/securitycraft/storage_module": {
    "criteria": {
      "has_iron": "2024-07-06 03:09:34 +0000"
    },
    "done": true
  },
  "valhelsia_furniture:recipes/valhelsia_furniture/birch_chair": {
    "criteria": {
      "has_birch_planks": "2024-07-06 03:28:37 +0000"
    },
    "done": true
  },
  "minecraft:recipes/building_blocks/white_concrete_powder": {
    "criteria": {
      "has_sand": "2024-07-06 03:57:29 +0000"
    },
    "done": true
  },
  "valhelsia_furniture:recipes/valhelsia_furniture/magenta_upholstered_oak_chair": {
    "criteria": {
      "has_oak_planks": "2024-07-06 04:00:06 +0000"
    },
    "done": true
  },
  "valhelsia_furniture:recipes/valhelsia_furniture/orange_upholstered_spruce_chair": {
    "criteria": {
      "has_spruce_planks": "2024-07-06 03:15:31 +0000"
    },
    "done": true
  },
  "minecraft:recipes/building_blocks/white_wool_from_string": {
    "criteria": {
      "has_string": "2024-07-06 03:31:49 +0000"
    },
    "done": true
  },
  "minecraft:adventure/kill_all_mobs": {
    "criteria": {
      "minecraft:pillager": "2024-07-06 04:07:53 +0000",
      "minecraft:skeleton": "2024-07-06 03:21:21 +0000",
      "minecraft:hoglin": "2024-07-06 03:31:01 +0000",
      "minecraft:spider": "2024-07-06 03:20:19 +0000",
      "minecraft:husk": "2024-07-06 03:30:49 +0000",
      "minecraft:zombie": "2024-07-06 03:14:57 +0000",
      "minecraft:zombie_villager": "2024-07-06 03:48:19 +0000"
    },
    "done": false
  },
  "minecraft:recipes/redstone/redstone_block": {
    "criteria": {
      "has_redstone": "2024-07-06 04:26:38 +0000"
    },
    "done": true
  },
  "smallships:recipes/transportation/spruce_brigg": {
    "criteria": {
      "in_water": "2024-07-06 03:24:39 +0000"
    },
    "done": true
  },
  "valhelsia_structures:recipes/valhelsia_structures_main/magenta_metal_framed_glass": {
    "criteria": {
      "has_ingots/iron": "2024-07-06 03:09:34 +0000"
    },
    "done": true
  },
  "minecraft:recipes/misc/iron_nugget_from_smelting": {
    "criteria": {
      "has_iron_chestplate": "2024-07-06 03:19:04 +0000"
    },
    "done": true
  },
  "valhelsia_furniture:recipes/valhelsia_furniture/brown_upholstered_birch_chair": {
    "criteria": {
      "has_birch_planks": "2024-07-06 03:28:37 +0000"
    },
    "done": true
  },
  "valhelsia_structures:recipes/valhelsia_structures_main/black_metal_framed_glass": {
    "criteria": {
      "has_ingots/iron": "2024-07-06 03:09:34 +0000"
    },
    "done": true
  },
  "valhelsia_furniture:recipes/valhelsia_furniture/black_upholstered_oak_stool": {
    "criteria": {
      "has_oak_slab": "2024-07-06 03:15:15 +0000"
    },
    "done": true
  },
  "valhelsia_furniture:recipes/valhelsia_furniture/black_upholstered_spruce_chair": {
    "criteria": {
      "has_spruce_planks": "2024-07-06 03:15:31 +0000"
    },
    "done": true
  },
  "valhelsia_furniture:recipes/valhelsia_furniture/hay_spruce_chair": {
    "criteria": {
      "has_spruce_planks": "2024-07-06 03:15:31 +0000"
    },
    "done": true
  },
  "valhelsia_furniture:recipes/valhelsia_furniture/pink_upholstered_acacia_chair": {
    "criteria": {
      "has_acacia_planks": "2024-07-06 03:35:56 +0000"
    },
    "done": true
  },
  "valhelsia_structures:recipes/valhelsia_structures_main/gray_metal_framed_glass": {
    "criteria": {
      "has_ingots/iron": "2024-07-06 03:09:34 +0000"
    },
    "done": true
  },
  "minecraft:recipes/decorations/chain": {
    "criteria": {
      "has_iron_ingot": "2024-07-06 03:09:34 +0000"
    },
    "done": true
  },
  "minecraft:recipes/building_blocks/cyan_terracotta": {
    "criteria": {
      "has_terracotta": "2024-07-06 03:24:25 +0000"
    },
    "done": true
  },
  "minecraft:recipes/decorations/oak_fence": {
    "criteria": {
      "has_planks": "2024-07-06 04:00:06 +0000"
    },
    "done": true
  },
  "valhelsia_structures:recipes/valhelsia_structures_main/pink_metal_framed_glass": {
    "criteria": {
      "has_ingots/iron": "2024-07-06 03:09:34 +0000"
    },
    "done": true
  },
  "smallships:recipes/transportation/spruce_cog": {
    "criteria": {
      "in_water": "2024-07-06 03:24:39 +0000"
    },
    "done": true
  },
  "securitycraft:recipes/securitycraft/universal_block_modifier": {
    "criteria": {
      "has_redstone": "2024-07-06 04:26:38 +0000"
    },
    "done": true
  },
  "valhelsia_furniture:recipes/valhelsia_furniture/lime_upholstered_oak_stool": {
    "criteria": {
      "has_oak_slab": "2024-07-06 03:15:15 +0000"
    },
    "done": true
  },
  "smallships:recipes/transportation/mangrove_drakkar": {
    "criteria": {
      "in_water": "2024-07-06 03:24:39 +0000"
    },
    "done": true
  },
  "valhelsia_furniture:recipes/valhelsia_furniture/purple_upholstered_acacia_chair": {
    "criteria": {
      "has_acacia_planks": "2024-07-06 03:35:56 +0000"
    },
    "done": true
  },
  "valhelsia_furniture:recipes/valhelsia_furniture/purple_oak_chair": {
    "criteria": {
      "has_oak_planks": "2024-07-06 04:00:06 +0000"
    },
    "done": true
  },
  "minecraft:recipes/food/cooked_porkchop": {
    "criteria": {
      "has_porkchop": "2024-07-06 03:31:07 +0000"
    },
    "done": true
  },
  "minecraft:recipes/building_blocks/orange_concrete_powder": {
    "criteria": {
      "has_sand": "2024-07-06 03:57:29 +0000"
    },
    "done": true
  },
  "minecraft:recipes/building_blocks/oak_slab": {
    "criteria": {
      "has_planks": "2024-07-06 04:00:06 +0000"
    },
    "done": true
  },
  "aether:recipes/redstone/skyroot_tripwire_hook": {
    "criteria": {
      "has_string": "2024-07-06 03:31:49 +0000"
    },
    "done": true
  },
  "minecraft:husbandry/tame_an_animal": {
    "criteria": {
      "tamed_animal": "2024-07-06 04:35:04 +0000"
    },
    "done": true
  },
  "valhelsia_furniture:recipes/valhelsia_furniture/gray_oak_chair": {
    "criteria": {
      "has_oak_planks": "2024-07-06 04:00:06 +0000"
    },
    "done": true
  },
  "minecraft:recipes/food/cooked_porkchop_from_campfire_cooking": {
    "criteria": {
      "has_porkchop": "2024-07-06 03:31:07 +0000"
    },
    "done": true
  },
  "valhelsia_furniture:recipes/valhelsia_furniture/purple_upholstered_spruce_chair": {
    "criteria": {
      "has_spruce_planks": "2024-07-06 03:15:31 +0000"
    },
    "done": true
  },
  "deeperdarker:recipes/deeperdarker/echo_boat": {
    "criteria": {
      "in_water": "2024-07-06 03:24:39 +0000"
    },
    "done": true
  },
  "valhelsia_furniture:recipes/valhelsia_furniture/black_upholstered_oak_chair": {
    "criteria": {
      "has_oak_planks": "2024-07-06 04:00:06 +0000"
    },
    "done": true
  },
  "valhelsia_furniture:recipes/valhelsia_furniture/orange_upholstered_acacia_chair": {
    "criteria": {
      "has_acacia_planks": "2024-07-06 03:35:56 +0000"
    },
    "done": true
  },
  "smallships:recipes/transportation/acacia_cog": {
    "criteria": {
      "in_water": "2024-07-06 03:24:39 +0000"
    },
    "done": true
  },
  "minecraft:recipes/combat/golden_chestplate": {
    "criteria": {
      "has_gold_ingot": "2024-07-06 03:31:23 +0000"
    },
    "done": true
  },
  "aether:recipes/combat/iron_sword_repairing": {
    "criteria": {
      "has_iron_sword": "2024-07-06 03:19:11 +0000"
    },
    "done": true
  },
  "biomesoplenty:recipes/transportation/umbran_boat": {
    "criteria": {
      "in_water": "2024-07-06 03:24:39 +0000"
    },
    "done": true
  },
  "valhelsia_structures:recipes/valhelsia_structures_main/acacia_post": {
    "criteria": {
      "has_item": "2024-07-06 03:25:29 +0000"
    },
    "done": true
  },
  "valhelsia_furniture:recipes/valhelsia_furniture/hay_oak_chair": {
    "criteria": {
      "has_oak_planks": "2024-07-06 04:00:06 +0000"
    },
    "done": true
  },
  "minecraft:recipes/redstone/acacia_pressure_plate": {
    "criteria": {
      "has_planks": "2024-07-06 03:35:56 +0000"
    },
    "done": true
  },
  "minecraft:recipes/redstone/slime_block": {
    "criteria": {
      "has_slime_ball": "2024-07-06 03:31:34 +0000"
    },
    "done": true
  },
  "valhelsia_furniture:recipes/valhelsia_furniture/lime_acacia_chair": {
    "criteria": {
      "has_acacia_planks": "2024-07-06 03:35:56 +0000"
    },
    "done": true
  },
  "aether:recipes/decorations/skyroot_loom": {
    "criteria": {
      "has_string": "2024-07-06 03:31:49 +0000"
    },
    "done": true
  },
  "aether:recipes/redstone/skyroot_note_block": {
    "criteria": {
      "has_redstone": "2024-07-06 04:26:38 +0000"
    },
    "done": true
  },
  "securitycraft:recipes/securitycraft/universal_key_changer": {
    "criteria": {
      "has_redstone": "2024-07-06 04:26:38 +0000"
    },
    "done": true
  },
  "minecraft:recipes/decorations/moss_carpet": {
    "criteria": {
      "has_moss_block": "2024-07-06 03:21:01 +0000"
    },
    "done": true
  },
  "valhelsia_furniture:recipes/valhelsia_furniture/magenta_upholstered_spruce_chair": {
    "criteria": {
      "has_spruce_planks": "2024-07-06 03:15:31 +0000"
    },
    "done": true
  },
  "minecraft:recipes/building_blocks/iron_block": {
    "criteria": {
      "has_iron_ingot": "2024-07-06 03:09:34 +0000"
    },
    "done": true
  },
  "smallships:recipes/transportation/oak_cog": {
    "criteria": {
      "in_water": "2024-07-06 03:24:39 +0000"
    },
    "done": true
  },
  "minecraft:recipes/redstone/birch_button": {
    "criteria": {
      "has_planks": "2024-07-06 03:28:37 +0000"
    },
    "done": true
  },
  "valhelsia_furniture:recipes/valhelsia_furniture/cyan_acacia_table": {
    "criteria": {
      "has_cyan_carpet": "2024-07-06 04:14:20 +0000"
    },
    "done": true
  },
  "valhelsia_furniture:recipes/valhelsia_furniture/white_acacia_chair": {
    "criteria": {
      "has_acacia_planks": "2024-07-06 03:35:56 +0000"
    },
    "done": true
  },
  "minecraft:recipes/building_blocks/acacia_wood": {
    "criteria": {
      "has_log": "2024-07-06 03:25:29 +0000"
    },
    "done": true
  },
  "valhelsia_furniture:recipes/valhelsia_furniture/oak_desk": {
    "criteria": {
      "has_oak_planks": "2024-07-06 04:00:06 +0000"
    },
    "done": true
  },
  "valhelsia_furniture:recipes/valhelsia_furniture/green_birch_chair": {
    "criteria": {
      "has_birch_planks": "2024-07-06 03:28:37 +0000"
    },
    "done": true
  },
  "aether:recipes/decorations/skyroot_smithing_table": {
    "criteria": {
      "has_iron_ingot": "2024-07-06 03:09:34 +0000"
    },
    "done": true
  },
  "valhelsia_furniture:recipes/valhelsia_furniture/red_birch_chair": {
    "criteria": {
      "has_birch_planks": "2024-07-06 03:28:37 +0000"
    },
    "done": true
  },
  "securitycraft:recipes/securitycraft/username_logger": {
    "criteria": {
      "has_redstone": "2024-07-06 04:26:38 +0000"
    },
    "done": true
  },
  "valhelsia_furniture:recipes/valhelsia_furniture/cyan_warped_table": {
    "criteria": {
      "has_cyan_carpet": "2024-07-06 04:14:20 +0000"
    },
    "done": true
  },
  "minecraft:recipes/combat/wooden_sword": {
    "criteria": {
      "has_stick": "2024-07-06 03:14:31 +0000"
    },
    "done": true
  },
  "minecraft:recipes/building_blocks/oak_planks": {
    "criteria": {
      "has_logs": "2024-07-06 03:59:59 +0000"
    },
    "done": true
  },
  "valhelsia_furniture:recipes/valhelsia_furniture/lime_oak_chair": {
    "criteria": {
      "has_oak_planks": "2024-07-06 04:00:06 +0000"
    },
    "done": true
  },
  "aether:recipes/redstone/skyroot_lectern": {
    "criteria": {
      "has_book": "2024-07-06 03:58:16 +0000"
    },
    "done": true
  },
  "minecraft:recipes/building_blocks/gray_concrete_powder": {
    "criteria": {
      "has_sand": "2024-07-06 03:57:29 +0000"
    },
    "done": true
  },
  "securitycraft:recipes/securitycraft/cage_trap": {
    "criteria": {
      "has_redstone": "2024-07-06 04:26:38 +0000"
    },
    "done": true
  },
  "securitycraft:recipes/securitycraft/smart_module": {
    "criteria": {
      "has_iron": "2024-07-06 03:09:34 +0000"
    },
    "done": true
  },
  "minecraft:recipes/building_blocks/chiseled_red_sandstone_from_red_sandstone_stonecutting": {
    "criteria": {
      "has_red_sandstone": "2024-07-06 03:20:49 +0000"
    },
    "done": true
  },
  "securitycraft:recipes/securitycraft/reinforced_mossy_cobblestone_from_vanilla_moss": {
    "criteria": {
      "has_moss": "2024-07-06 03:21:01 +0000"
    },
    "done": true
  },
  "valhelsia_structures:recipes/valhelsia_structures_main/big_glazed_jar": {
    "criteria": {
      "has_terracotta": "2024-07-06 03:24:25 +0000"
    },
    "done": true
  },
  "minecraft:recipes/building_blocks/bookshelf": {
    "criteria": {
      "has_book": "2024-07-06 03:58:16 +0000"
    },
    "done": true
  },
  "minecraft:recipes/tools/golden_axe": {
    "criteria": {
      "has_gold_ingot": "2024-07-06 03:31:23 +0000"
    },
    "done": true
  },
  "securitycraft:recipes/securitycraft/block_change_detector": {
    "criteria": {
      "has_iron": "2024-07-06 03:09:34 +0000"
    },
    "done": true
  },
  "minecraft:recipes/tools/iron_axe": {
    "criteria": {
      "has_iron_ingot": "2024-07-06 03:09:34 +0000"
    },
    "done": true
  },
  "minecraft:recipes/transportation/mangrove_chest_boat": {
    "criteria": {
      "has_boat": "2024-07-06 04:25:14 +0000"
    },
    "done": true
  },
  "valhelsia_furniture:recipes/valhelsia_furniture/light_gray_spruce_chair": {
    "criteria": {
      "has_spruce_planks": "2024-07-06 03:15:31 +0000"
    },
    "done": true
  },
  "minecraft:recipes/redstone/tripwire_hook": {
    "criteria": {
      "has_string": "2024-07-06 03:31:49 +0000"
    },
    "done": true
  },
  "minecraft:recipes/combat/iron_boots": {
    "criteria": {
      "has_iron_ingot": "2024-07-06 03:09:34 +0000"
    },
    "done": true
  },
  "minecraft:recipes/misc/bone_meal": {
    "criteria": {
      "has_bone": "2024-07-06 03:21:25 +0000"
    },
    "done": true
  },
  "valhelsia_furniture:recipes/valhelsia_furniture/cyan_upholstered_acacia_chair": {
    "criteria": {
      "has_acacia_planks": "2024-07-06 03:35:56 +0000"
    },
    "done": true
  },
  "minecraft:recipes/building_blocks/black_concrete_powder": {
    "criteria": {
      "has_sand": "2024-07-06 03:57:29 +0000"
    },
    "done": true
  },
  "valhelsia_furniture:recipes/valhelsia_furniture/light_gray_upholstered_spruce_chair": {
    "criteria": {
      "has_spruce_planks": "2024-07-06 03:15:31 +0000"
    },
    "done": true
  },
  "minecraft:story/iron_tools": {
    "criteria": {
      "iron_pickaxe": "2024-07-06 03:19:08 +0000"
    },
    "done": true
  },
  "biomesoplenty:recipes/fir_chest_boat": {
    "criteria": {
      "has_boat": "2024-07-06 04:25:14 +0000"
    },
    "done": true
  },
  "minecraft:recipes/redstone/birch_fence_gate": {
    "criteria": {
      "has_planks": "2024-07-06 03:28:37 +0000"
    },
    "done": true
  },
  "player_companions:grant_book_on_first_join": {
    "criteria": {
      "tick": "2024-07-06 03:06:01 +0000"
    },
    "done": true
  },
  "minecraft:recipes/combat/crossbow": {
    "criteria": {
      "has_iron_ingot": "2024-07-06 03:09:34 +0000"
    },
    "done": true
  },
  "minecraft:recipes/combat/iron_chestplate": {
    "criteria": {
      "has_iron_ingot": "2024-07-06 03:09:34 +0000"
    },
    "done": true
  },
  "minecraft:recipes/redstone/spruce_pressure_plate": {
    "criteria": {
      "has_planks": "2024-07-06 03:15:31 +0000"
    },
    "done": true
  },
  "valhelsia_furniture:recipes/valhelsia_furniture/blue_upholstered_birch_chair": {
    "criteria": {
      "has_birch_planks": "2024-07-06 03:28:37 +0000"
    },
    "done": true
  },
  "minecraft:recipes/food/cooked_porkchop_from_smoking": {
    "criteria": {
      "has_porkchop": "2024-07-06 03:31:07 +0000"
    },
    "done": true
  },
  "minecraft:recipes/decorations/oak_sign": {
    "criteria": {
      "has_planks": "2024-07-06 04:00:06 +0000"
    },
    "done": true
  },
  "artifacts:amateur_archaeologist": {
    "criteria": {
      "find_artifact": "2024-07-06 04:26:41 +0000"
    },
    "done": true
  },
  "minecraft:recipes/redstone/oak_trapdoor": {
    "criteria": {
      "has_planks": "2024-07-06 04:00:06 +0000"
    },
    "done": true
  },
  "aether:recipes/building_blocks/ice_from_bucket_freezing": {
    "criteria": {
      "has_water_bucket": "2024-07-06 03:23:56 +0000"
    },
    "done": true
  },
  "valhelsia_furniture:recipes/valhelsia_furniture/acacia_chair": {
    "criteria": {
      "has_acacia_planks": "2024-07-06 03:35:56 +0000"
    },
    "done": true
  },
  "valhelsia_furniture:recipes/valhelsia_furniture/black_oak_chair": {
    "criteria": {
      "has_oak_planks": "2024-07-06 04:00:06 +0000"
    },
    "done": true
  },
  "minecraft:recipes/building_blocks/red_concrete_powder": {
    "criteria": {
      "has_sand": "2024-07-06 03:57:29 +0000"
    },
    "done": true
  },
  "securitycraft:recipes/securitycraft/portable_tune_player": {
    "criteria": {
      "has_redstone": "2024-07-06 04:26:38 +0000"
    },
    "done": true
  },
  "minecraft:recipes/misc/iron_nugget_from_blasting": {
    "criteria": {
      "has_iron_chestplate": "2024-07-06 03:19:04 +0000"
    },
    "done": true
  },
  "securitycraft:recipes/securitycraft/reinforced_diorite": {
    "criteria": {
      "has_cobblestone": "2024-07-06 03:21:02 +0000"
    },
    "done": true
  },
  "securitycraft:recipes/securitycraft/trophy_system": {
    "criteria": {
      "has_iron": "2024-07-06 03:09:34 +0000"
    },
    "done": true
  },
  "aether:recipes/decorations/skyroot_barrel": {
    "criteria": {
      "has_slabs": "2024-07-06 03:15:15 +0000"
    },
    "done": true
  },
  "minecraft:adventure/kill_a_mob": {
    "criteria": {
      "minecraft:zombie": "2024-07-06 03:14:57 +0000"
    },
    "done": true
  },
  "valhelsia_furniture:recipes/valhelsia_furniture/blue_upholstered_oak_stool": {
    "criteria": {
      "has_oak_slab": "2024-07-06 03:15:15 +0000"
    },
    "done": true
  },
  "securitycraft:recipes/securitycraft/camera_monitor": {
    "criteria": {
      "has_iron": "2024-07-06 03:09:34 +0000"
    },
    "done": true
  },
  "minecraft:recipes/building_blocks/blue_terracotta": {
    "criteria": {
      "has_terracotta": "2024-07-06 03:24:25 +0000"
    },
    "done": true
  },
  "minecraft:recipes/tools/golden_pickaxe": {
    "criteria": {
      "has_gold_ingot": "2024-07-06 03:31:23 +0000"
    },
    "done": true
  },
  "securitycraft:recipes/securitycraft/limited_use_keycard": {
    "criteria": {
      "has_iron": "2024-07-06 03:09:34 +0000"
    },
    "done": true
  },
  "valhelsia_structures:recipes/valhelsia_structures_main/orange_metal_framed_glass": {
    "criteria": {
      "has_ingots/iron": "2024-07-06 03:09:34 +0000"
    },
    "done": true
  },
  "minecraft:recipes/redstone/sticky_piston": {
    "criteria": {
      "has_slime_ball": "2024-07-06 03:31:34 +0000"
    },
    "done": true
  },
  "minecraft:recipes/building_blocks/stone": {
    "criteria": {
      "has_cobblestone": "2024-07-06 03:21:03 +0000"
    },
    "done": true
  },
  "smallships:recipes/transportation/oak_drakkar": {
    "criteria": {
      "in_water": "2024-07-06 03:24:39 +0000"
    },
    "done": true
  },
  "biomesoplenty:recipes/transportation/hellbark_boat": {
    "criteria": {
      "in_water": "2024-07-06 03:24:39 +0000"
    },
    "done": true
  },
  "valhelsia_furniture:recipes/valhelsia_furniture/lime_spruce_table": {
    "criteria": {
      "has_lime_carpet": "2024-07-06 03:26:37 +0000"
    },
    "done": true
  },
  "minecraft:recipes/building_blocks/light_blue_terracotta": {
    "criteria": {
      "has_terracotta": "2024-07-06 03:24:25 +0000"
    },
    "done": true
  },
  "valhelsia_furniture:recipes/valhelsia_furniture/yellow_birch_chair": {
    "criteria": {
      "has_birch_planks": "2024-07-06 03:28:37 +0000"
    },
    "done": true
  },
  "valhelsia_furniture:recipes/valhelsia_furniture/lime_upholstered_birch_chair": {
    "criteria": {
      "has_birch_planks": "2024-07-06 03:28:37 +0000"
    },
    "done": true
  },
  "minecraft:adventure/adventuring_time": {
    "criteria": {
      "minecraft:eroded_badlands": "2024-07-06 03:17:29 +0000",
      "minecraft:wooded_badlands": "2024-07-06 03:31:09 +0000",
      "minecraft:badlands": "2024-07-06 03:06:02 +0000",
      "minecraft:beach": "2024-07-06 04:27:48 +0000",
      "minecraft:river": "2024-07-06 03:57:10 +0000",
      "minecraft:lukewarm_ocean": "2024-07-06 04:27:56 +0000",
      "minecraft:jungle": "2024-07-06 04:24:52 +0000"
    },
    "done": false
  },
  "valhelsia_furniture:recipes/valhelsia_furniture/green_upholstered_acacia_chair": {
    "criteria": {
      "has_acacia_planks": "2024-07-06 03:35:56 +0000"
    },
    "done": true
  },
  "aether:recipes/combat/stone_sword_repairing": {
    "criteria": {
      "has_stone_sword": "2024-07-06 03:32:38 +0000"
    },
    "done": true
  },
  "smallships:recipes/transportation/dark_oak_drakkar": {
    "criteria": {
      "in_water": "2024-07-06 03:24:39 +0000"
    },
    "done": true
  },
  "minecraft:recipes/building_blocks/cut_red_sandstone": {
    "criteria": {
      "has_red_sandstone": "2024-07-06 03:20:49 +0000"
    },
    "done": true
  },
  "securitycraft:recipes/securitycraft/whitelist_module": {
    "criteria": {
      "has_iron": "2024-07-06 03:09:34 +0000"
    },
    "done": true
  },
  "minecraft:recipes/combat/stone_sword": {
    "criteria": {
      "has_cobblestone": "2024-07-06 03:21:03 +0000"
    },
    "done": true
  },
  "aether:recipes/tools/iron_axe_repairing": {
    "criteria": {
      "has_iron_axe": "2024-07-06 04:02:53 +0000"
    },
    "done": true
  },
  "biomesoplenty:recipes/magic_chest_boat": {
    "criteria": {
      "has_boat": "2024-07-06 04:25:14 +0000"
    },
    "done": true
  },
  "minecraft:recipes/decorations/barrel": {
    "criteria": {
      "has_wood_slab": "2024-07-06 03:15:15 +0000"
    },
    "done": true
  },
  "minecraft:recipes/decorations/cobblestone_wall": {
    "criteria": {
      "has_cobblestone": "2024-07-06 03:21:03 +0000"
    },
    "done": true
  },
  "valhelsia_furniture:recipes/valhelsia_furniture/purple_upholstered_oak_stool": {
    "criteria": {
      "has_oak_slab": "2024-07-06 03:15:15 +0000"
    },
    "done": true
  },
  "valhelsia_furniture:recipes/valhelsia_furniture/gray_spruce_chair": {
    "criteria": {
      "has_spruce_planks": "2024-07-06 03:15:31 +0000"
    },
    "done": true
  },
  "valhelsia_furniture:recipes/valhelsia_furniture/green_spruce_chair": {
    "criteria": {
      "has_spruce_planks": "2024-07-06 03:15:31 +0000"
    },
    "done": true
  },
  "minecraft:recipes/tools/stone_pickaxe": {
    "criteria": {
      "has_cobblestone": "2024-07-06 03:21:03 +0000"
    },
    "done": true
  },
  "minecraft:recipes/decorations/smithing_table": {
    "criteria": {
      "has_iron_ingot": "2024-07-06 03:09:34 +0000"
    },
    "done": true
  },
  "valhelsia_furniture:recipes/valhelsia_furniture/spruce_desk": {
    "criteria": {
      "has_spruce_planks": "2024-07-06 03:15:31 +0000"
    },
    "done": true
  },
  "smallships:recipes/misc/sail": {
    "criteria": {
      "in_water": "2024-07-06 03:24:39 +0000"
    },
    "done": true
  },
  "valhelsia_furniture:recipes/valhelsia_furniture/white_oak_chair": {
    "criteria": {
      "has_oak_planks": "2024-07-06 04:00:06 +0000"
    },
    "done": true
  },
  "minecraft:recipes/decorations/cobblestone_wall_from_cobblestone_stonecutting": {
    "criteria": {
      "has_cobblestone": "2024-07-06 03:21:03 +0000"
    },
    "done": true
  },
  "minecraft:recipes/building_blocks/cut_sandstone_slab": {
    "criteria": {
      "has_cut_sandstone": "2024-07-06 03:30:24 +0000"
    },
    "done": true
  },
  "valhelsia_furniture:recipes/valhelsia_furniture/light_gray_upholstered_birch_chair": {
    "criteria": {
      "has_birch_planks": "2024-07-06 03:28:37 +0000"
    },
    "done": true
  },
  "biomesoplenty:recipes/willow_chest_boat": {
    "criteria": {
      "has_boat": "2024-07-06 04:25:14 +0000"
    },
    "done": true
  },
  "aether:recipes/combat/skyroot_iron_vanilla_shield": {
    "criteria": {
      "has_iron_ingot": "2024-07-06 03:09:34 +0000"
    },
    "done": true
  },
  "smallships:recipes/transportation/oak_galley": {
    "criteria": {
      "in_water": "2024-07-06 03:24:39 +0000"
    },
    "done": true
  },
  "valhelsia_furniture:recipes/valhelsia_furniture/pink_upholstered_oak_chair": {
    "criteria": {
      "has_oak_planks": "2024-07-06 04:00:06 +0000"
    },
    "done": true
  },
  "valhelsia_furniture:recipes/valhelsia_furniture/red_upholstered_oak_chair": {
    "criteria": {
      "has_oak_planks": "2024-07-06 04:00:06 +0000"
    },
    "done": true
  },
  "minecraft:recipes/decorations/acacia_sign": {
    "criteria": {
      "has_planks": "2024-07-06 03:35:56 +0000"
    },
    "done": true
  },
  "dungeons_arise:wda_root": {
    "criteria": {
      "WDA": "2024-07-06 03:06:01 +0000"
    },
    "done": true
  },
  "smallships:recipes/transportation/mangrove_brigg": {
    "criteria": {
      "in_water": "2024-07-06 03:24:39 +0000"
    },
    "done": true
  },
  "valhelsia_furniture:recipes/valhelsia_furniture/pink_acacia_chair": {
    "criteria": {
      "has_acacia_planks": "2024-07-06 03:35:56 +0000"
    },
    "done": true
  },
  "minecraft:recipes/decorations/lantern": {
    "criteria": {
      "has_iron_ingot": "2024-07-06 03:09:34 +0000"
    },
    "done": true
  },
  "valhelsia_furniture:recipes/valhelsia_furniture/oak_table": {
    "criteria": {
      "has_oak_planks": "2024-07-06 04:00:06 +0000"
    },
    "done": true
  },
  "biomesoplenty:recipes/transportation/jacaranda_boat": {
    "criteria": {
      "in_water": "2024-07-06 03:24:39 +0000"
    },
    "done": true
  },
  "securitycraft:recipes/securitycraft/reinforced_packed_mud": {
    "criteria": {
      "has_wheat": "2024-07-06 03:31:32 +0000"
    },
    "done": true
  },
  "valhelsia_furniture:recipes/valhelsia_furniture/spruce_table": {
    "criteria": {
      "has_spruce_planks": "2024-07-06 03:15:31 +0000"
    },
    "done": true
  },
  "valhelsia_furniture:recipes/valhelsia_furniture/black_upholstered_birch_chair": {
    "criteria": {
      "has_birch_planks": "2024-07-06 03:28:37 +0000"
    },
    "done": true
  },
  "minecraft:recipes/decorations/red_sandstone_wall_from_red_sandstone_stonecutting": {
    "criteria": {
      "has_red_sandstone": "2024-07-06 03:20:49 +0000"
    },
    "done": true
  },
  "valhelsia_furniture:recipes/valhelsia_furniture/green_upholstered_birch_chair": {
    "criteria": {
      "has_birch_planks": "2024-07-06 03:28:37 +0000"
    },
    "done": true
  },
  "valhelsia_furniture:recipes/valhelsia_furniture/green_upholstered_oak_stool": {
    "criteria": {
      "has_oak_slab": "2024-07-06 03:15:15 +0000"
    },
    "done": true
  },
  "valhelsia_furniture:recipes/valhelsia_furniture/cyan_mangrove_table": {
    "criteria": {
      "has_cyan_carpet": "2024-07-06 04:14:20 +0000"
    },
    "done": true
  },
  "minecraft:recipes/building_blocks/acacia_stairs": {
    "criteria": {
      "has_planks": "2024-07-06 03:35:56 +0000"
    },
    "done": true
  },
  "minecraft:recipes/building_blocks/white_terracotta": {
    "criteria": {
      "has_terracotta": "2024-07-06 03:24:25 +0000"
    },
    "done": true
  },
  "securitycraft:recipes/securitycraft/alarm": {
    "criteria": {
      "has_redstone": "2024-07-06 04:26:38 +0000"
    },
    "done": true
  },
  "minecraft:recipes/tools/stone_axe": {
    "criteria": {
      "has_cobblestone": "2024-07-06 03:21:03 +0000"
    },
    "done": true
  },
  "securitycraft:recipes/securitycraft/disguise_module": {
    "criteria": {
      "has_iron": "2024-07-06 03:09:34 +0000"
    },
    "done": true
  },
  "valhelsia_furniture:recipes/valhelsia_furniture/yellow_oak_chair": {
    "criteria": {
      "has_oak_planks": "2024-07-06 04:00:06 +0000"
    },
    "done": true
  },
  "valhelsia_furniture:recipes/valhelsia_furniture/yellow_spruce_chair": {
    "criteria": {
      "has_spruce_planks": "2024-07-06 03:15:31 +0000"
    },
    "done": true
  },
  "valhelsia_structures:recipes/valhelsia_structures_main/glazed_jar": {
    "criteria": {
      "has_terracotta": "2024-07-06 03:24:25 +0000"
    },
    "done": true
  },
  "minecraft:recipes/building_blocks/yellow_terracotta": {
    "criteria": {
      "has_terracotta": "2024-07-06 03:24:25 +0000"
    },
    "done": true
  },
  "valhelsia_furniture:recipes/valhelsia_furniture/oak_stool": {
    "criteria": {
      "has_oak_slab": "2024-07-06 03:15:15 +0000"
    },
    "done": true
  },
  "minecraft:recipes/building_blocks/purple_terracotta": {
    "criteria": {
      "has_terracotta": "2024-07-06 03:24:25 +0000"
    },
    "done": true
  },
  "minecraft:recipes/building_blocks/cobblestone_stairs_from_cobblestone_stonecutting": {
    "criteria": {
      "has_cobblestone": "2024-07-06 03:21:03 +0000"
    },
    "done": true
  },
  "valhelsia_furniture:recipes/valhelsia_furniture/magenta_birch_chair": {
    "criteria": {
      "has_birch_planks": "2024-07-06 03:28:37 +0000"
    },
    "done": true
  },
  "minecraft:recipes/building_blocks/magenta_concrete_powder": {
    "criteria": {
      "has_sand": "2024-07-06 03:57:29 +0000"
    },
    "done": true
  },
  "player_companions:crafting/root": {
    "criteria": {
      "crafting_table": "2024-07-06 03:15:57 +0000"
    },
    "done": true
  },
  "smallships:recipes/transportation/jungle_drakkar": {
    "criteria": {
      "in_water": "2024-07-06 03:24:39 +0000"
    },
    "done": true
  },
  "securitycraft:recipes/securitycraft/panic_button": {
    "criteria": {
      "has_redstone": "2024-07-06 04:26:38 +0000"
    },
    "done": true
  },
  "minecraft:recipes/misc/writable_book": {
    "criteria": {
      "has_book": "2024-07-06 03:58:16 +0000"
    },
    "done": true
  },
  "biomesoplenty:recipes/transportation/willow_boat": {
    "criteria": {
      "in_water": "2024-07-06 03:24:39 +0000"
    },
    "done": true
  },
  "valhelsia_structures:recipes/valhelsia_structures_main/cyan_metal_framed_glass": {
    "criteria": {
      "has_ingots/iron": "2024-07-06 03:09:34 +0000"
    },
    "done": true
  },
  "valhelsia_furniture:recipes/valhelsia_furniture/green_upholstered_spruce_chair": {
    "criteria": {
      "has_spruce_planks": "2024-07-06 03:15:31 +0000"
    },
    "done": true
  },
  "minecraft:recipes/redstone/birch_pressure_plate": {
    "criteria": {
      "has_planks": "2024-07-06 03:28:37 +0000"
    },
    "done": true
  },
  "minecraft:recipes/decorations/campfire": {
    "criteria": {
      "has_stick": "2024-07-06 03:14:31 +0000"
    },
    "done": true
  },
  "minecraft:recipes/decorations/candle": {
    "criteria": {
      "has_string": "2024-07-06 03:31:49 +0000"
    },
    "done": true
  },
  "minecraft:recipes/tools/golden_hoe": {
    "criteria": {
      "has_gold_ingot": "2024-07-06 03:31:23 +0000"
    },
    "done": true
  },
  "minecraft:recipes/building_blocks/cut_red_sandstone_from_red_sandstone_stonecutting": {
    "criteria": {
      "has_red_sandstone": "2024-07-06 03:20:49 +0000"
    },
    "done": true
  },
  "minecraft:recipes/food/bread": {
    "criteria": {
      "has_wheat": "2024-07-06 03:31:32 +0000"
    },
    "done": true
  },
  "biomesoplenty:recipes/transportation/mahogany_boat": {
    "criteria": {
      "in_water": "2024-07-06 03:24:39 +0000"
    },
    "done": true
  },
  "valhelsia_furniture:recipes/valhelsia_furniture/light_gray_upholstered_oak_chair": {
    "criteria": {
      "has_oak_planks": "2024-07-06 04:00:06 +0000"
    },
    "done": true
  },
  "valhelsia_furniture:recipes/valhelsia_furniture/orange_upholstered_oak_stool": {
    "criteria": {
      "has_oak_slab": "2024-07-06 03:15:15 +0000"
    },
    "done": true
  },
  "minecraft:recipes/misc/iron_nugget": {
    "criteria": {
      "has_iron_ingot": "2024-07-06 03:09:34 +0000"
    },
    "done": true
  },
  "valhelsia_furniture:recipes/valhelsia_furniture/purple_birch_chair": {
    "criteria": {
      "has_birch_planks": "2024-07-06 03:28:37 +0000"
    },
    "done": true
  },
  "minecraft:recipes/building_blocks/brown_concrete_powder": {
    "criteria": {
      "has_sand": "2024-07-06 03:57:29 +0000"
    },
    "done": true
  },
  "valhelsia_furniture:recipes/valhelsia_furniture/white_upholstered_birch_chair": {
    "criteria": {
      "has_birch_planks": "2024-07-06 03:28:37 +0000"
    },
    "done": true
  },
  "securitycraft:recipes/securitycraft/track_mine": {
    "criteria": {
      "has_iron": "2024-07-06 03:09:34 +0000"
    },
    "done": true
  },
  "dungeons_arise:find_bandit_village": {
    "criteria": {
      "location0": "2024-07-06 03:08:32 +0000"
    },
    "done": true
  },
  "valhelsia_furniture:recipes/valhelsia_furniture/white_upholstered_acacia_chair": {
    "criteria": {
      "has_acacia_planks": "2024-07-06 03:35:56 +0000"
    },
    "done": true
  },
  "valhelsia_furniture:recipes/valhelsia_furniture/cyan_spruce_table": {
    "criteria": {
      "has_cyan_carpet": "2024-07-06 04:14:20 +0000"
    },
    "done": true
  },
  "biomesoplenty:recipes/transportation/dead_boat": {
    "criteria": {
      "in_water": "2024-07-06 03:24:39 +0000"
    },
    "done": true
  },
  "eeeabsmobs:eeeabsmobs/root": {
    "criteria": {
      "requirement": "2024-07-06 03:06:01 +0000"
    },
    "done": true
  },
  "valhelsia_furniture:recipes/valhelsia_furniture/brown_spruce_chair": {
    "criteria": {
      "has_spruce_planks": "2024-07-06 03:15:31 +0000"
    },
    "done": true
  },
  "valhelsia_furniture:recipes/valhelsia_furniture/magenta_upholstered_birch_chair": {
    "criteria": {
      "has_birch_planks": "2024-07-06 03:28:37 +0000"
    },
    "done": true
  },
  "valhelsia_structures:recipes/valhelsia_structures_main/bone_pile": {
    "criteria": {
      "has_bone": "2024-07-06 03:21:25 +0000"
    },
    "done": true
  },
  "biomesoplenty:recipes/palm_chest_boat": {
    "criteria": {
      "has_boat": "2024-07-06 04:25:14 +0000"
    },
    "done": true
  },
  "minecraft:recipes/transportation/spruce_boat": {
    "criteria": {
      "in_water": "2024-07-06 03:24:39 +0000"
    },
    "done": true
  },
  "valhelsia_furniture:recipes/valhelsia_furniture/green_upholstered_oak_chair": {
    "criteria": {
      "has_oak_planks": "2024-07-06 04:00:06 +0000"
    },
    "done": true
  },
  "securitycraft:recipes/securitycraft/blacklist_module": {
    "criteria": {
      "has_iron": "2024-07-06 03:09:34 +0000"
    },
    "done": true
  },
  "valhelsia_furniture:recipes/valhelsia_furniture/cyan_spruce_chair": {
    "criteria": {
      "has_spruce_planks": "2024-07-06 03:15:31 +0000"
    },
    "done": true
  },
  "valhelsia_furniture:recipes/valhelsia_furniture/pink_upholstered_birch_chair": {
    "criteria": {
      "has_birch_planks": "2024-07-06 03:28:37 +0000"
    },
    "done": true
  },
  "securitycraft:recipes/securitycraft/speed_module": {
    "criteria": {
      "has_iron": "2024-07-06 03:09:34 +0000"
    },
    "done": true
  },
  "minecraft:recipes/tools/flint_and_steel": {
    "criteria": {
      "has_obsidian": "2024-07-06 03:41:21 +0000"
    },
    "done": true
  },
  "valhelsia_furniture:recipes/valhelsia_furniture/cyan_crimson_table": {
    "criteria": {
      "has_cyan_carpet": "2024-07-06 04:14:20 +0000"
    },
    "done": true
  },
  "valhelsia_furniture:recipes/valhelsia_furniture/cyan_birch_table": {
    "criteria": {
      "has_cyan_carpet": "2024-07-06 04:14:20 +0000"
    },
    "done": true
  },
  "securitycraft:recipes/securitycraft/harming_module": {
    "criteria": {
      "has_iron": "2024-07-06 03:09:34 +0000"
    },
    "done": true
  },
  "valhelsia_structures:recipes/valhelsia_structures_main/brown_metal_framed_glass": {
    "criteria": {
      "has_ingots/iron": "2024-07-06 03:09:34 +0000"
    },
    "done": true
  },
  "aether:recipes/transportation/skyroot_boat": {
    "criteria": {
      "in_water": "2024-07-06 03:24:39 +0000"
    },
    "done": true
  },
  "minecraft:recipes/misc/gold_nugget": {
    "criteria": {
      "has_gold_ingot": "2024-07-06 03:31:23 +0000"
    },
    "done": true
  },
  "securitycraft:recipes/securitycraft/keypad_frame": {
    "criteria": {
      "has_redstone": "2024-07-06 04:26:38 +0000"
    },
    "done": true
  },
  "minecraft:husbandry/balanced_diet": {
    "criteria": {
      "cooked_porkchop": "2024-07-06 03:36:12 +0000",
      "cooked_beef": "2024-07-06 04:11:03 +0000",
      "bread": "2024-07-06 03:48:16 +0000",
      "golden_apple": "2024-07-06 03:29:44 +0000",
      "rotten_flesh": "2024-07-06 03:15:43 +0000"
    },
    "done": false
  },
  "minecraft:recipes/building_blocks/gray_terracotta": {
    "criteria": {
      "has_terracotta": "2024-07-06 03:24:25 +0000"
    },
    "done": true
  },
  "valhelsia_furniture:recipes/valhelsia_furniture/blue_acacia_chair": {
    "criteria": {
      "has_acacia_planks": "2024-07-06 03:35:56 +0000"
    },
    "done": true
  },
  "minecraft:recipes/tools/wooden_hoe": {
    "criteria": {
      "has_stick": "2024-07-06 03:14:31 +0000"
    },
    "done": true
  },
  "valhelsia_furniture:recipes/valhelsia_furniture/light_blue_acacia_chair": {
    "criteria": {
      "has_acacia_planks": "2024-07-06 03:35:56 +0000"
    },
    "done": true
  },
  "smallships:recipes/transportation/jungle_galley": {
    "criteria": {
      "in_water": "2024-07-06 03:24:39 +0000"
    },
    "done": true
  },
  "minecraft:recipes/misc/bucket": {
    "criteria": {
      "has_iron_ingot": "2024-07-06 03:09:34 +0000"
    },
    "done": true
  },
  "smallships:recipes/transportation/acacia_brigg": {
    "criteria": {
      "in_water": "2024-07-06 03:24:39 +0000"
    },
    "done": true
  },
  "minecraft:recipes/building_blocks/cobblestone_stairs": {
    "criteria": {
      "has_cobblestone": "2024-07-06 03:21:03 +0000"
    },
    "done": true
  },
  "biomesoplenty:recipes/transportation/magic_boat": {
    "criteria": {
      "in_water": "2024-07-06 03:24:39 +0000"
    },
    "done": true
  },
  "minecraft:recipes/building_blocks/birch_slab": {
    "criteria": {
      "has_planks": "2024-07-06 03:28:37 +0000"
    },
    "done": true
  },
  "securitycraft:recipes/securitycraft/reinforced_bookshelf": {
    "criteria": {
      "has_book": "2024-07-06 03:58:16 +0000"
    },
    "done": true
  },
  "valhelsia_furniture:recipes/valhelsia_furniture/lime_jungle_table": {
    "criteria": {
      "has_lime_carpet": "2024-07-06 03:26:37 +0000"
    },
    "done": true
  },
  "valhelsia_furniture:recipes/valhelsia_furniture/light_blue_upholstered_birch_chair": {
    "criteria": {
      "has_birch_planks": "2024-07-06 03:28:37 +0000"
    },
    "done": true
  },
  "minecraft:recipes/redstone/note_block": {
    "criteria": {
      "has_redstone": "2024-07-06 04:26:38 +0000"
    },
    "done": true
  },
  "smallships:recipes/transportation/dark_oak_galley": {
    "criteria": {
      "in_water": "2024-07-06 03:24:39 +0000"
    },
    "done": true
  },
  "securitycraft:recipes/securitycraft/redstone_module": {
    "criteria": {
      "has_iron": "2024-07-06 03:09:34 +0000"
    },
    "done": true
  },
  "valhelsia_furniture:recipes/valhelsia_furniture/lime_upholstered_spruce_chair": {
    "criteria": {
      "has_spruce_planks": "2024-07-06 03:15:31 +0000"
    },
    "done": true
  },
  "valhelsia_furniture:recipes/valhelsia_furniture/black_upholstered_acacia_chair": {
    "criteria": {
      "has_acacia_planks": "2024-07-06 03:35:56 +0000"
    },
    "done": true
  },
  "minecraft:recipes/building_blocks/light_blue_concrete_powder": {
    "criteria": {
      "has_sand": "2024-07-06 03:57:29 +0000"
    },
    "done": true
  },
  "valhelsia_furniture:recipes/valhelsia_furniture/light_blue_birch_chair": {
    "criteria": {
      "has_birch_planks": "2024-07-06 03:28:37 +0000"
    },
    "done": true
  },
  "minecraft:recipes/decorations/mossy_cobblestone_wall": {
    "criteria": {
      "has_mossy_cobblestone": "2024-07-06 03:21:02 +0000"
    },
    "done": true
  },
  "minecraft:recipes/building_blocks/orange_terracotta": {
    "criteria": {
      "has_terracotta": "2024-07-06 03:24:25 +0000"
    },
    "done": true
  },
  "valhelsia_furniture:recipes/valhelsia_furniture/red_spruce_chair": {
    "criteria": {
      "has_spruce_planks": "2024-07-06 03:15:31 +0000"
    },
    "done": true
  },
  "valhelsia_furniture:recipes/valhelsia_furniture/cyan_birch_chair": {
    "criteria": {
      "has_birch_planks": "2024-07-06 03:28:37 +0000"
    },
    "done": true
  },
  "minecraft:recipes/building_blocks/hay_block": {
    "criteria": {
      "has_wheat": "2024-07-06 03:31:32 +0000"
    },
    "done": true
  },
  "minecraft:recipes/building_blocks/glass": {
    "criteria": {
      "has_sand": "2024-07-06 03:08:38 +0000"
    },
    "done": true
  },
  "minecraft:recipes/combat/iron_helmet": {
    "criteria": {
      "has_iron_ingot": "2024-07-06 03:09:34 +0000"
    },
    "done": true
  },
  "minecraft:recipes/tools/golden_shovel": {
    "criteria": {
      "has_gold_ingot": "2024-07-06 03:31:23 +0000"
    },
    "done": true
  },
  "biomesoplenty:recipes/umbran_chest_boat": {
    "criteria": {
      "has_boat": "2024-07-06 04:25:14 +0000"
    },
    "done": true
  },
  "minecraft:recipes/decorations/mossy_cobblestone_wall_from_mossy_cobblestone_stonecutting": {
    "criteria": {
      "has_mossy_cobblestone": "2024-07-06 03:21:02 +0000"
    },
    "done": true
  },
  "minecraft:recipes/combat/bow": {
    "criteria": {
      "has_string": "2024-07-06 03:31:49 +0000"
    },
    "done": true
  },
  "valhelsia_furniture:recipes/valhelsia_furniture/yellow_upholstered_acacia_chair": {
    "criteria": {
      "has_acacia_planks": "2024-07-06 03:35:56 +0000"
    },
    "done": true
  },
  "valhelsia_furniture:recipes/valhelsia_furniture/orange_oak_chair": {
    "criteria": {
      "has_oak_planks": "2024-07-06 04:00:06 +0000"
    },
    "done": true
  },
  "minecraft:recipes/redstone/oak_fence_gate": {
    "criteria": {
      "has_planks": "2024-07-06 04:00:06 +0000"
    },
    "done": true
  },
  "minecraft:recipes/building_blocks/acacia_slab": {
    "criteria": {
      "has_planks": "2024-07-06 03:35:56 +0000"
    },
    "done": true
  },
  "aether:recipes/misc/aether_iron_nugget_from_blasting": {
    "criteria": {
      "has_iron_gloves": "2024-07-06 03:41:19 +0000"
    },
    "done": true
  },
  "valhelsia_furniture:recipes/valhelsia_furniture/purple_spruce_chair": {
    "criteria": {
      "has_spruce_planks": "2024-07-06 03:15:31 +0000"
    },
    "done": true
  },
  "minecraft:recipes/building_blocks/cut_sandstone_slab_from_cut_sandstone_stonecutting": {
    "criteria": {
      "has_cut_sandstone": "2024-07-06 03:30:24 +0000"
    },
    "done": true
  },
  "minecraft:recipes/building_blocks/purple_concrete_powder": {
    "criteria": {
      "has_sand": "2024-07-06 03:57:29 +0000"
    },
    "done": true
  },
  "valhelsia_furniture:recipes/valhelsia_furniture/red_oak_chair": {
    "criteria": {
      "has_oak_planks": "2024-07-06 04:00:06 +0000"
    },
    "done": true
  },
  "valhelsia_furniture:recipes/valhelsia_furniture/lime_dark_oak_table": {
    "criteria": {
      "has_lime_carpet": "2024-07-06 03:26:37 +0000"
    },
    "done": true
  },
  "minecraft:recipes/transportation/oak_chest_boat": {
    "criteria": {
      "has_boat": "2024-07-06 04:25:14 +0000"
    },
    "done": true
  },
  "minecraft:story/mine_stone": {
    "criteria": {
      "get_stone": "2024-07-06 03:21:03 +0000"
    },
    "done": true
  },
  "valhelsia_furniture:recipes/valhelsia_furniture/pink_upholstered_spruce_chair": {
    "criteria": {
      "has_spruce_planks": "2024-07-06 03:15:31 +0000"
    },
    "done": true
  },
  "minecraft:recipes/redstone/target": {
    "criteria": {
      "has_redstone": "2024-07-06 04:26:38 +0000"
    },
    "done": true
  },
  "minecraft:recipes/transportation/minecart": {
    "criteria": {
      "has_iron_ingot": "2024-07-06 03:09:34 +0000"
    },
    "done": true
  },
  "minecraft:recipes/decorations/furnace": {
    "criteria": {
      "has_cobblestone": "2024-07-06 03:21:03 +0000"
    },
    "done": true
  },
  "smallships:recipes/transportation/birch_brigg": {
    "criteria": {
      "in_water": "2024-07-06 03:24:39 +0000"
    },
    "done": true
  },
  "valhelsia_furniture:recipes/valhelsia_furniture/light_blue_upholstered_spruce_chair": {
    "criteria": {
      "has_spruce_planks": "2024-07-06 03:15:31 +0000"
    },
    "done": true
  },
  "minecraft:recipes/misc/charcoal": {
    "criteria": {
      "has_log": "2024-07-06 03:25:29 +0000"
    },
    "done": true
  },
  "valhelsia_furniture:recipes/valhelsia_furniture/magenta_oak_chair": {
    "criteria": {
      "has_oak_planks": "2024-07-06 04:00:06 +0000"
    },
    "done": true
  },
  "minecraft:recipes/tools/iron_hoe": {
    "criteria": {
      "has_iron_ingot": "2024-07-06 03:09:34 +0000"
    },
    "done": true
  },
  "minecraft:recipes/tools/wooden_pickaxe": {
    "criteria": {
      "has_stick": "2024-07-06 03:14:31 +0000"
    },
    "done": true
  },
  "minecraft:husbandry/root": {
    "criteria": {
      "consumed_item": "2024-07-06 03:15:43 +0000"
    },
    "done": true
  },
  "minecraft:recipes/redstone/redstone_torch": {
    "criteria": {
      "has_redstone": "2024-07-06 04:26:38 +0000"
    },
    "done": true
  },
  "minecraft:recipes/building_blocks/stone_brick_slab": {
    "criteria": {
      "has_stone_bricks": "2024-07-06 04:26:20 +0000"
    },
    "done": true
  },
  "minecraft:recipes/transportation/birch_boat": {
    "criteria": {
      "in_water": "2024-07-06 03:24:39 +0000"
    },
    "done": true
  },
  "minecraft:recipes/food/golden_apple": {
    "criteria": {
      "has_gold_ingot": "2024-07-06 03:31:23 +0000"
    },
    "done": true
  },
  "valhelsia_furniture:recipes/valhelsia_furniture/brown_upholstered_oak_stool": {
    "criteria": {
      "has_oak_slab": "2024-07-06 03:15:15 +0000"
    },
    "done": true
  },
  "valhelsia_furniture:recipes/valhelsia_furniture/red_upholstered_oak_stool": {
    "criteria": {
      "has_oak_slab": "2024-07-06 03:15:15 +0000"
    },
    "done": true
  },
  "securitycraft:recipes/securitycraft/sonic_security_system": {
    "criteria": {
      "has_stick": "2024-07-06 03:14:31 +0000"
    },
    "done": true
  },
  "minecraft:recipes/decorations/enchanting_table": {
    "criteria": {
      "has_obsidian": "2024-07-06 03:41:21 +0000"
    },
    "done": true
  },
  "minecraft:recipes/building_blocks/green_concrete_powder": {
    "criteria": {
      "has_sand": "2024-07-06 03:57:29 +0000"
    },
    "done": true
  },
  "valhelsia_furniture:recipes/valhelsia_furniture/brown_upholstered_spruce_chair": {
    "criteria": {
      "has_spruce_planks": "2024-07-06 03:15:31 +0000"
    },
    "done": true
  },
  "minecraft:recipes/tools/iron_shovel": {
    "criteria": {
      "has_iron_ingot": "2024-07-06 03:09:34 +0000"
    },
    "done": true
  },
  "minecraft:recipes/redstone/acacia_door": {
    "criteria": {
      "has_planks": "2024-07-06 03:35:56 +0000"
    },
    "done": true
  },
  "valhelsia_furniture:recipes/valhelsia_furniture/brown_upholstered_acacia_chair": {
    "criteria": {
      "has_acacia_planks": "2024-07-06 03:35:56 +0000"
    },
    "done": true
  },
  "valhelsia_furniture:recipes/valhelsia_furniture/green_acacia_chair": {
    "criteria": {
      "has_acacia_planks": "2024-07-06 03:35:56 +0000"
    },
    "done": true
  },
  "aether:recipes/transportation/skyroot_chest_boat": {
    "criteria": {
      "has_boat": "2024-07-06 04:25:14 +0000"
    },
    "done": true
  },
  "valhelsia_structures:recipes/valhelsia_structures_main/green_metal_framed_glass": {
    "criteria": {
      "has_ingots/iron": "2024-07-06 03:09:34 +0000"
    },
    "done": true
  },
  "minecraft:recipes/tools/stone_hoe": {
    "criteria": {
      "has_cobblestone": "2024-07-06 03:21:03 +0000"
    },
    "done": true
  },
  "minecraft:recipes/tools/clock": {
    "criteria": {
      "has_redstone": "2024-07-06 04:26:38 +0000"
    },
    "done": true
  },
  "minecraft:recipes/decorations/spruce_fence": {
    "criteria": {
      "has_planks": "2024-07-06 03:15:31 +0000"
    },
    "done": true
  },
  "valhelsia_furniture:recipes/valhelsia_furniture/cyan_upholstered_oak_chair": {
    "criteria": {
      "has_oak_planks": "2024-07-06 04:00:06 +0000"
    },
    "done": true
  },
  "valhelsia_furniture:recipes/valhelsia_furniture/lime_crimson_table": {
    "criteria": {
      "has_lime_carpet": "2024-07-06 03:26:37 +0000"
    },
    "done": true
  },
  "aether:recipes/combat/shield_repairing": {
    "criteria": {
      "has_shield": "2024-07-06 04:00:36 +0000"
    },
    "done": true
  },
  "valhelsia_furniture:recipes/valhelsia_furniture/white_birch_chair": {
    "criteria": {
      "has_birch_planks": "2024-07-06 03:28:37 +0000"
    },
    "done": true
  },
  "valhelsia_furniture:recipes/valhelsia_furniture/yellow_upholstered_birch_chair": {
    "criteria": {
      "has_birch_planks": "2024-07-06 03:28:37 +0000"
    },
    "done": true
  },
  "smallships:recipes/transportation/acacia_drakkar": {
    "criteria": {
      "in_water": "2024-07-06 03:24:39 +0000"
    },
    "done": true
  },
  "valhelsia_furniture:recipes/valhelsia_furniture/cyan_upholstered_birch_chair": {
    "criteria": {
      "has_birch_planks": "2024-07-06 03:28:37 +0000"
    },
    "done": true
  },
  "valhelsia_furniture:recipes/valhelsia_furniture/black_acacia_chair": {
    "criteria": {
      "has_acacia_planks": "2024-07-06 03:35:56 +0000"
    },
    "done": true
  },
  "valhelsia_furniture:recipes/valhelsia_furniture/brown_oak_chair": {
    "criteria": {
      "has_oak_planks": "2024-07-06 04:00:06 +0000"
    },
    "done": true
  },
  "minecraft:recipes/building_blocks/spruce_stairs": {
    "criteria": {
      "has_planks": "2024-07-06 03:15:31 +0000"
    },
    "done": true
  },
  "minecraft:recipes/building_blocks/red_sandstone_slab": {
    "criteria": {
      "has_red_sandstone": "2024-07-06 03:20:49 +0000"
    },
    "done": true
  },
  "smallships:recipes/transportation/jungle_brigg": {
    "criteria": {
      "in_water": "2024-07-06 03:24:39 +0000"
    },
    "done": true
  },
  "minecraft:recipes/redstone/birch_door": {
    "criteria": {
      "has_planks": "2024-07-06 03:28:37 +0000"
    },
    "done": true
  },
  "sophisticatedbackpacks:recipes/sophisticatedbackpacks/iron_backpack_from_copper": {
    "criteria": {
      "has_copper_backpack": "2024-07-06 03:31:44 +0000"
    },
    "done": true
  },
  "minecraft:recipes/transportation/birch_chest_boat": {
    "criteria": {
      "has_boat": "2024-07-06 04:25:14 +0000"
    },
    "done": true
  },
  "valhelsia_furniture:recipes/valhelsia_furniture/yellow_upholstered_oak_stool": {
    "criteria": {
      "has_oak_slab": "2024-07-06 03:15:15 +0000"
    },
    "done": true
  },
  "player_companions:recipes/tame_apple_from_apple": {
    "criteria": {
      "has_apple": "2024-07-06 03:41:22 +0000"
    },
    "done": true
  },
  "valhelsia_structures:recipes/valhelsia_structures_main/lime_metal_framed_glass": {
    "criteria": {
      "has_ingots/iron": "2024-07-06 03:09:34 +0000"
    },
    "done": true
  },
  "minecraft:recipes/misc/gold_ingot_from_nuggets": {
    "criteria": {
      "has_gold_nugget": "2024-07-06 03:56:43 +0000"
    },
    "done": true
  },
  "minecraft:recipes/building_blocks/red_sandstone_stairs_from_red_sandstone_stonecutting": {
    "criteria": {
      "has_red_sandstone": "2024-07-06 03:20:49 +0000"
    },
    "done": true
  },
  "minecraft:recipes/transportation/oak_boat": {
    "criteria": {
      "in_water": "2024-07-06 03:24:39 +0000"
    },
    "done": true
  },
  "valhelsia_furniture:recipes/valhelsia_furniture/red_acacia_chair": {
    "criteria": {
      "has_acacia_planks": "2024-07-06 03:35:56 +0000"
    },
    "done": true
  },
  "valhelsia_furniture:recipes/valhelsia_furniture/birch_desk": {
    "criteria": {
      "has_birch_planks": "2024-07-06 03:28:37 +0000"
    },
    "done": true
  },
  "minecraft:recipes/decorations/birch_fence": {
    "criteria": {
      "has_planks": "2024-07-06 03:28:37 +0000"
    },
    "done": true
  },
  "minecraft:recipes/building_blocks/cyan_concrete_powder": {
    "criteria": {
      "has_sand": "2024-07-06 03:57:29 +0000"
    },
    "done": true
  },
  "minecraft:recipes/building_blocks/stone_brick_stairs": {
    "criteria": {
      "has_stone_bricks": "2024-07-06 04:26:20 +0000"
    },
    "done": true
  },
  "minecraft:recipes/combat/golden_boots": {
    "criteria": {
      "has_gold_ingot": "2024-07-06 03:31:23 +0000"
    },
    "done": true
  },
  "securitycraft:recipes/securitycraft/claymore": {
    "criteria": {
      "has_redstone": "2024-07-06 04:26:38 +0000"
    },
    "done": true
  },
  "valhelsia_furniture:recipes/valhelsia_furniture/light_gray_upholstered_oak_stool": {
    "criteria": {
      "has_oak_slab": "2024-07-06 03:15:15 +0000"
    },
    "done": true
  },
  "valhelsia_furniture:recipes/valhelsia_furniture/orange_upholstered_oak_chair": {
    "criteria": {
      "has_oak_planks": "2024-07-06 04:00:06 +0000"
    },
    "done": true
  },
  "valhelsia_furniture:recipes/valhelsia_furniture/light_blue_upholstered_oak_chair": {
    "criteria": {
      "has_oak_planks": "2024-07-06 04:00:06 +0000"
    },
    "done": true
  },
  "minecraft:recipes/tools/wooden_axe": {
    "criteria": {
      "has_stick": "2024-07-06 03:14:31 +0000"
    },
    "done": true
  },
  "valhelsia_furniture:recipes/valhelsia_furniture/white_upholstered_oak_chair": {
    "criteria": {
      "has_oak_planks": "2024-07-06 04:00:06 +0000"
    },
    "done": true
  },
  "valhelsia_furniture:recipes/valhelsia_furniture/light_blue_spruce_chair": {
    "criteria": {
      "has_spruce_planks": "2024-07-06 03:15:31 +0000"
    },
    "done": true
  },
  "minecraft:recipes/decorations/spruce_sign": {
    "criteria": {
      "has_planks": "2024-07-06 03:15:31 +0000"
    },
    "done": true
  },
  "securitycraft:recipes/securitycraft/keycard_lv2": {
    "criteria": {
      "has_iron": "2024-07-06 03:09:34 +0000"
    },
    "done": true
  },
  "securitycraft:recipes/securitycraft/keycard_lv1": {
    "criteria": {
      "has_iron": "2024-07-06 03:09:34 +0000"
    },
    "done": true
  },
  "valhelsia_furniture:recipes/valhelsia_furniture/blue_spruce_chair": {
    "criteria": {
      "has_spruce_planks": "2024-07-06 03:15:31 +0000"
    },
    "done": true
  },
  "valhelsia_furniture:recipes/valhelsia_furniture/acacia_desk_drawer": {
    "criteria": {
      "has_acacia_planks": "2024-07-06 03:35:56 +0000"
    },
    "done": true
  },
  "minecraft:recipes/decorations/loom": {
    "criteria": {
      "has_string": "2024-07-06 03:31:49 +0000"
    },
    "done": true
  },
  "valhelsia_furniture:recipes/valhelsia_furniture/orange_acacia_chair": {
    "criteria": {
      "has_acacia_planks": "2024-07-06 03:35:56 +0000"
    },
    "done": true
  },
  "securitycraft:recipes/securitycraft/bouncing_betty": {
    "criteria": {
      "has_iron": "2024-07-06 03:09:34 +0000"
    },
    "done": true
  },
  "biomesoplenty:recipes/transportation/palm_boat": {
    "criteria": {
      "in_water": "2024-07-06 03:24:39 +0000"
    },
    "done": true
  },
  "valhelsia_furniture:recipes/valhelsia_furniture/purple_upholstered_birch_chair": {
    "criteria": {
      "has_birch_planks": "2024-07-06 03:28:37 +0000"
    },
    "done": true
  },
  "aether:recipes/combat/golden_pendant": {
    "criteria": {
      "has_gold_ingot": "2024-07-06 03:31:23 +0000"
    },
    "done": true
  },
  "valhelsia_furniture:recipes/valhelsia_furniture/oak_chair": {
    "criteria": {
      "has_oak_planks": "2024-07-06 04:00:06 +0000"
    },
    "done": true
  },
  "biomesoplenty:recipes/transportation/redwood_boat": {
    "criteria": {
      "in_water": "2024-07-06 03:24:39 +0000"
    },
    "done": true
  },
  "player_companions:recipes/tame_wheat_seed_from_wheat_seed": {
    "criteria": {
      "has_wheat": "2024-07-06 03:31:32 +0000"
    },
    "done": true
  },
  "smallships:recipes/transportation/spruce_drakkar": {
    "criteria": {
      "in_water": "2024-07-06 03:24:39 +0000"
    },
    "done": true
  },
  "minecraft:recipes/building_blocks/red_terracotta": {
    "criteria": {
      "has_terracotta": "2024-07-06 03:24:25 +0000"
    },
    "done": true
  },
  "valhelsia_furniture:recipes/valhelsia_furniture/black_birch_chair": {
    "criteria": {
      "has_birch_planks": "2024-07-06 03:28:37 +0000"
    },
    "done": true
  },
  "minecraft:recipes/decorations/red_sandstone_wall": {
    "criteria": {
      "has_red_sandstone": "2024-07-06 03:20:49 +0000"
    },
    "done": true
  },
  "valhelsia_furniture:recipes/valhelsia_furniture/brown_acacia_chair": {
    "criteria": {
      "has_acacia_planks": "2024-07-06 03:35:56 +0000"
    },
    "done": true
  },
  "valhelsia_furniture:recipes/valhelsia_furniture/cyan_acacia_chair": {
    "criteria": {
      "has_acacia_planks": "2024-07-06 03:35:56 +0000"
    },
    "done": true
  },
  "valhelsia_structures:recipes/valhelsia_structures_main/blue_metal_framed_glass": {
    "criteria": {
      "has_ingots/iron": "2024-07-06 03:09:34 +0000"
    },
    "done": true
  },
  "securitycraft:recipes/securitycraft/keycard_lv4": {
    "criteria": {
      "has_iron": "2024-07-06 03:09:34 +0000"
    },
    "done": true
  },
  "securitycraft:recipes/securitycraft/sc_manual": {
    "criteria": {
      "has_wood": "2024-07-06 03:25:29 +0000"
    },
    "done": true
  },
  "securitycraft:recipes/securitycraft/keycard_lv3": {
    "criteria": {
      "has_iron": "2024-07-06 03:09:34 +0000"
    },
    "done": true
  },
  "minecraft:recipes/building_blocks/mossy_cobblestone_from_moss_block": {
    "criteria": {
      "has_moss_block": "2024-07-06 03:21:01 +0000"
    },
    "done": true
  },
  "securitycraft:recipes/securitycraft/keycard_lv5": {
    "criteria": {
      "has_iron": "2024-07-06 03:09:34 +0000"
    },
    "done": true
  },
  "valhelsia_furniture:recipes/valhelsia_furniture/gray_upholstered_birch_chair": {
    "criteria": {
      "has_birch_planks": "2024-07-06 03:28:37 +0000"
    },
    "done": true
  },
  "minecraft:recipes/redstone/acacia_fence_gate": {
    "criteria": {
      "has_planks": "2024-07-06 03:35:56 +0000"
    },
    "done": true
  },
  "valhelsia_furniture:recipes/valhelsia_furniture/magenta_spruce_chair": {
    "criteria": {
      "has_spruce_planks": "2024-07-06 03:15:31 +0000"
    },
    "done": true
  },
  "aether:recipes/building_blocks/blue_ice_freezing": {
    "criteria": {
      "has_water_bucket": "2024-07-06 03:23:56 +0000"
    },
    "done": true
  },
  "minecraft:recipes/redstone/light_weighted_pressure_plate": {
    "criteria": {
      "has_gold_ingot": "2024-07-06 03:31:23 +0000"
    },
    "done": true
  },
  "minecraft:recipes/tools/stone_shovel": {
    "criteria": {
      "has_cobblestone": "2024-07-06 03:21:03 +0000"
    },
    "done": true
  },
  "valhelsia_furniture:recipes/valhelsia_furniture/red_upholstered_spruce_chair": {
    "criteria": {
      "has_spruce_planks": "2024-07-06 03:15:31 +0000"
    },
    "done": true
  },
  "smallships:recipes/transportation/mangrove_cog": {
    "criteria": {
      "in_water": "2024-07-06 03:24:39 +0000"
    },
    "done": true
  },
  "minecraft:recipes/building_blocks/blue_concrete_powder": {
    "criteria": {
      "has_sand": "2024-07-06 03:57:29 +0000"
    },
    "done": true
  },
  "minecraft:recipes/building_blocks/mossy_cobblestone_slab": {
    "criteria": {
      "has_mossy_cobblestone": "2024-07-06 03:21:02 +0000"
    },
    "done": true
  },
  "biomesoplenty:recipes/dead_chest_boat": {
    "criteria": {
      "has_boat": "2024-07-06 04:25:14 +0000"
    },
    "done": true
  },
  "minecraft:recipes/building_blocks/spruce_slab": {
    "criteria": {
      "has_planks": "2024-07-06 03:15:31 +0000"
    },
    "done": true
  },
  "cataclysm:root": {
    "criteria": {
      "custom_test_name": "2024-07-06 03:06:01 +0000"
    },
    "done": true
  },
  "minecraft:recipes/building_blocks/green_terracotta": {
    "criteria": {
      "has_terracotta": "2024-07-06 03:24:25 +0000"
    },
    "done": true
  },
  "securitycraft:recipes/securitycraft/universal_block_reinforcer_lvl2": {
    "criteria": {
      "has_redstone": "2024-07-06 04:26:38 +0000"
    },
    "done": true
  },
  "securitycraft:recipes/securitycraft/reinforced_andesite": {
    "criteria": {
      "has_cobblestone": "2024-07-06 03:21:02 +0000"
    },
    "done": true
  },
  "securitycraft:recipes/securitycraft/universal_block_reinforcer_lvl1": {
    "criteria": {
      "has_redstone": "2024-07-06 04:26:38 +0000"
    },
    "done": true
  },
  "securitycraft:recipes/securitycraft/universal_block_reinforcer_lvl3": {
    "criteria": {
      "has_redstone": "2024-07-06 04:26:38 +0000"
    },
    "done": true
  },
  "valhelsia_furniture:recipes/valhelsia_furniture/blue_upholstered_spruce_chair": {
    "criteria": {
      "has_spruce_planks": "2024-07-06 03:15:31 +0000"
    },
    "done": true
  },
  "valhelsia_furniture:recipes/valhelsia_furniture/purple_acacia_chair": {
    "criteria": {
      "has_acacia_planks": "2024-07-06 03:35:56 +0000"
    },
    "done": true
  },
  "player_companions:recipes/tame_bone_from_bone": {
    "criteria": {
      "has_bone": "2024-07-06 03:21:25 +0000"
    },
    "done": true
  },
  "valhelsia_furniture:recipes/valhelsia_furniture/light_gray_oak_chair": {
    "criteria": {
      "has_oak_planks": "2024-07-06 04:00:06 +0000"
    },
    "done": true
  },
  "valhelsia_furniture:recipes/valhelsia_furniture/hay_acacia_chair": {
    "criteria": {
      "has_acacia_planks": "2024-07-06 03:35:56 +0000"
    },
    "done": true
  },
  "valhelsia_furniture:recipes/valhelsia_furniture/gray_upholstered_spruce_chair": {
    "criteria": {
      "has_spruce_planks": "2024-07-06 03:15:31 +0000"
    },
    "done": true
  },
  "minecraft:recipes/building_blocks/brown_terracotta": {
    "criteria": {
      "has_terracotta": "2024-07-06 03:24:25 +0000"
    },
    "done": true
  },
  "valhelsia_structures:recipes/valhelsia_structures_main/oak_post": {
    "criteria": {
      "has_item": "2024-07-06 03:59:59 +0000"
    },
    "done": true
  },
  "minecraft:recipes/combat/golden_helmet": {
    "criteria": {
      "has_gold_ingot": "2024-07-06 03:31:23 +0000"
    },
    "done": true
  },
  "valhelsia_structures:recipes/valhelsia_structures_main/purple_metal_framed_glass": {
    "criteria": {
      "has_ingots/iron": "2024-07-06 03:09:34 +0000"
    },
    "done": true
  },
  "securitycraft:recipes/securitycraft/reinforced_mossy_stone_bricks_from_vanilla_moss": {
    "criteria": {
      "has_moss": "2024-07-06 03:21:01 +0000"
    },
    "done": true
  },
  "minecraft:recipes/tools/lead": {
    "criteria": {
      "has_slime_ball": "2024-07-06 03:31:34 +0000"
    },
    "done": true
  },
  "minecraft:recipes/redstone/acacia_trapdoor": {
    "criteria": {
      "has_planks": "2024-07-06 03:35:56 +0000"
    },
    "done": true
  },
  "minecraft:recipes/redstone/oak_pressure_plate": {
    "criteria": {
      "has_planks": "2024-07-06 04:00:06 +0000"
    },
    "done": true
  },
  "valhelsia_furniture:recipes/valhelsia_furniture/birch_desk_drawer": {
    "criteria": {
      "has_birch_planks": "2024-07-06 03:28:37 +0000"
    },
    "done": true
  },
  "aether:recipes/combat/golden_gloves": {
    "criteria": {
      "has_gold": "2024-07-06 03:31:23 +0000"
    },
    "done": true
  },
  "biomesoplenty:biomesoplenty/root": {
    "criteria": {
      "volcanic_plains": "2024-07-06 03:45:54 +0000"
    },
    "done": true
  },
  "valhelsia_furniture:recipes/valhelsia_furniture/black_spruce_chair": {
    "criteria": {
      "has_spruce_planks": "2024-07-06 03:15:31 +0000"
    },
    "done": true
  },
  "minecraft:recipes/building_blocks/mossy_stone_bricks_from_moss_block": {
    "criteria": {
      "has_moss_block": "2024-07-06 03:21:01 +0000"
    },
    "done": true
  },
  "valhelsia_furniture:recipes/valhelsia_furniture/pink_upholstered_oak_stool": {
    "criteria": {
      "has_oak_slab": "2024-07-06 03:15:15 +0000"
    },
    "done": true
  },
  "minecraft:recipes/building_blocks/smooth_red_sandstone": {
    "criteria": {
      "has_red_sandstone": "2024-07-06 03:20:49 +0000"
    },
    "done": true
  },
  "minecraft:recipes/building_blocks/black_terracotta": {
    "criteria": {
      "has_terracotta": "2024-07-06 03:24:25 +0000"
    },
    "done": true
  },
  "valhelsia_furniture:recipes/valhelsia_furniture/acacia_table": {
    "criteria": {
      "has_acacia_planks": "2024-07-06 03:35:56 +0000"
    },
    "done": true
  },
  "valhelsia_structures:recipes/valhelsia_structures_main/white_metal_framed_glass": {
    "criteria": {
      "has_ingots/iron": "2024-07-06 03:09:34 +0000"
    },
    "done": true
  },
  "minecraft:recipes/building_blocks/oak_wood": {
    "criteria": {
      "has_log": "2024-07-06 03:59:59 +0000"
    },
    "done": true
  },
  "valhelsia_furniture:recipes/valhelsia_furniture/lime_oak_table": {
    "criteria": {
      "has_lime_carpet": "2024-07-06 03:26:37 +0000"
    },
    "done": true
  },
  "minecraft:story/root": {
    "criteria": {
      "crafting_table": "2024-07-06 03:15:57 +0000"
    },
    "done": true
  },
  "aether:recipes/combat/iron_boots_repairing": {
    "criteria": {
      "has_iron_boots": "2024-07-06 03:40:48 +0000"
    },
    "done": true
  },
  "valhelsia_furniture:recipes/valhelsia_furniture/yellow_acacia_chair": {
    "criteria": {
      "has_acacia_planks": "2024-07-06 03:35:56 +0000"
    },
    "done": true
  },
  "minecraft:recipes/redstone/dropper": {
    "criteria": {
      "has_redstone": "2024-07-06 04:26:38 +0000"
    },
    "done": true
  },
  "aether:recipes/tools/iron_pickaxe_repairing": {
    "criteria": {
      "has_iron_pickaxe": "2024-07-06 03:19:08 +0000"
    },
    "done": true
  },
  "valhelsia_furniture:recipes/valhelsia_furniture/cyan_oak_chair": {
    "criteria": {
      "has_oak_planks": "2024-07-06 04:00:06 +0000"
    },
    "done": true
  },
  "minecraft:recipes/transportation/spruce_chest_boat": {
    "criteria": {
      "has_boat": "2024-07-06 04:25:14 +0000"
    },
    "done": true
  },
  "smallships:recipes/transportation/jungle_cog": {
    "criteria": {
      "in_water": "2024-07-06 03:24:39 +0000"
    },
    "done": true
  },
  "minecraft:story/form_obsidian": {
    "criteria": {
      "obsidian": "2024-07-06 03:41:21 +0000"
    },
    "done": true
  },
  "valhelsia_furniture:recipes/valhelsia_furniture/pink_oak_chair": {
    "criteria": {
      "has_oak_planks": "2024-07-06 04:00:06 +0000"
    },
    "done": true
  },
  "minecraft:recipes/building_blocks/acacia_planks": {
    "criteria": {
      "has_log": "2024-07-06 03:25:29 +0000"
    },
    "done": true
  },
  "minecraft:recipes/tools/compass": {
    "criteria": {
      "has_redstone": "2024-07-06 04:26:38 +0000"
    },
    "done": true
  },
  "valhelsia_furniture:recipes/valhelsia_furniture/gray_birch_chair": {
    "criteria": {
      "has_birch_planks": "2024-07-06 03:28:37 +0000"
    },
    "done": true
  },
  "minecraft:recipes/redstone/oak_button": {
    "criteria": {
      "has_planks": "2024-07-06 04:00:06 +0000"
    },
    "done": true
  },
  "aether:recipes/combat/iron_chestplate_repairing": {
    "criteria": {
      "has_iron_chestplate": "2024-07-06 03:19:04 +0000"
    },
    "done": true
  },
  "valhelsia_furniture:recipes/valhelsia_furniture/purple_upholstered_oak_chair": {
    "criteria": {
      "has_oak_planks": "2024-07-06 04:00:06 +0000"
    },
    "done": true
  },
  "minecraft:recipes/redstone/iron_door": {
    "criteria": {
      "has_iron_ingot": "2024-07-06 03:09:34 +0000"
    },
    "done": true
  },
  "valhelsia_furniture:recipes/valhelsia_furniture/cyan_upholstered_oak_stool": {
    "criteria": {
      "has_oak_slab": "2024-07-06 03:15:15 +0000"
    },
    "done": true
  },
  "valhelsia_furniture:recipes/valhelsia_furniture/brown_birch_chair": {
    "criteria": {
      "has_birch_planks": "2024-07-06 03:28:37 +0000"
    },
    "done": true
  },
  "valhelsia_furniture:recipes/valhelsia_furniture/light_gray_acacia_chair": {
    "criteria": {
      "has_acacia_planks": "2024-07-06 03:35:56 +0000"
    },
    "done": true
  },
  "minecraft:recipes/decorations/composter": {
    "criteria": {
      "has_wood_slab": "2024-07-06 03:15:15 +0000"
    },
    "done": true
  },
  "valhelsia_furniture:recipes/valhelsia_furniture/magenta_upholstered_acacia_chair": {
    "criteria": {
      "has_acacia_planks": "2024-07-06 03:35:56 +0000"
    },
    "done": true
  },
  "valhelsia_furniture:recipes/valhelsia_furniture/gray_acacia_chair": {
    "criteria": {
      "has_acacia_planks": "2024-07-06 03:35:56 +0000"
    },
    "done": true
  },
  "minecraft:recipes/misc/iron_ingot_from_nuggets": {
    "criteria": {
      "has_iron_nugget": "2024-07-06 03:13:37 +0000"
    },
    "done": true
  },
  "minecraft:recipes/redstone/oak_door": {
    "criteria": {
      "has_planks": "2024-07-06 04:00:06 +0000"
    },
    "done": true
  },
  "aether:recipes/decorations/skyroot_chest": {
    "criteria": {
      "has_lots_of_items": "2024-07-06 03:21:02 +0000"
    },
    "done": true
  },
  "securitycraft:recipes/securitycraft/motion_activated_light": {
    "criteria": {
      "has_stick": "2024-07-06 03:14:31 +0000"
    },
    "done": true
  },
  "smallships:recipes/transportation/mangrove_galley": {
    "criteria": {
      "in_water": "2024-07-06 03:24:39 +0000"
    },
    "done": true
  },
  "minecraft:recipes/transportation/jungle_boat": {
    "criteria": {
      "in_water": "2024-07-06 03:24:39 +0000"
    },
    "done": true
  },
  "valhelsia_furniture:recipes/valhelsia_furniture/light_blue_upholstered_acacia_chair": {
    "criteria": {
      "has_acacia_planks": "2024-07-06 03:35:56 +0000"
    },
    "done": true
  },
  "biomesoplenty:recipes/hellbark_chest_boat": {
    "criteria": {
      "has_boat": "2024-07-06 04:25:14 +0000"
    },
    "done": true
  },
  "securitycraft:recipes/securitycraft/mine": {
    "criteria": {
      "has_iron": "2024-07-06 03:09:34 +0000"
    },
    "done": true
  },
  "minecraft:recipes/building_blocks/birch_stairs": {
    "criteria": {
      "has_planks": "2024-07-06 03:28:37 +0000"
    },
    "done": true
  },
  "minecraft:recipes/redstone/heavy_weighted_pressure_plate": {
    "criteria": {
      "has_iron_ingot": "2024-07-06 03:09:34 +0000"
    },
    "done": true
  },
  "minecraft:recipes/transportation/dark_oak_boat": {
    "criteria": {
      "in_water": "2024-07-06 03:24:39 +0000"
    },
    "done": true
  },
  "player_companions:crafting/craft_lead": {
    "criteria": {
      "crafting_table": "2024-07-06 03:15:57 +0000"
    },
    "done": true
  },
  "aether:recipes/misc/aether_iron_nugget_from_smelting": {
    "criteria": {
      "has_iron_gloves": "2024-07-06 03:41:19 +0000"
    },
    "done": true
  },
  "valhelsia_furniture:recipes/valhelsia_furniture/lime_upholstered_acacia_chair": {
    "criteria": {
      "has_acacia_planks": "2024-07-06 03:35:56 +0000"
    },
    "done": true
  },
  "valhelsia_furniture:recipes/valhelsia_furniture/cyan_dark_oak_table": {
    "criteria": {
      "has_cyan_carpet": "2024-07-06 04:14:20 +0000"
    },
    "done": true
  },
  "aether:recipes/misc/book_of_lore": {
    "criteria": {
      "has_book": "2024-07-06 03:58:16 +0000"
    },
    "done": true
  },
  "valhelsia_furniture:recipes/valhelsia_furniture/light_blue_oak_chair": {
    "criteria": {
      "has_oak_planks": "2024-07-06 04:00:06 +0000"
    },
    "done": true
  },
  "aether:recipes/combat/iron_leggings_repairing": {
    "criteria": {
      "has_iron_leggings": "2024-07-06 03:19:14 +0000"
    },
    "done": true
  },
  "smallships:recipes/transportation/spruce_galley": {
    "criteria": {
      "in_water": "2024-07-06 03:24:39 +0000"
    },
    "done": true
  },
  "valhelsia_furniture:recipes/valhelsia_furniture/light_gray_birch_chair": {
    "criteria": {
      "has_birch_planks": "2024-07-06 03:28:37 +0000"
    },
    "done": true
  },
  "minecraft:recipes/redstone/birch_trapdoor": {
    "criteria": {
      "has_planks": "2024-07-06 03:28:37 +0000"
    },
    "done": true
  },
  "securitycraft:recipes/securitycraft/briefcase": {
    "criteria": {
      "has_iron": "2024-07-06 03:09:34 +0000"
    },
    "done": true
  },
  "minecraft:recipes/combat/golden_leggings": {
    "criteria": {
      "has_gold_ingot": "2024-07-06 03:31:23 +0000"
    },
    "done": true
  },
  "minecraft:recipes/redstone/piston": {
    "criteria": {
      "has_redstone": "2024-07-06 04:26:38 +0000"
    },
    "done": true
  },
  "valhelsia_furniture:recipes/valhelsia_furniture/lime_warped_table": {
    "criteria": {
      "has_lime_carpet": "2024-07-06 03:26:37 +0000"
    },
    "done": true
  },
  "valhelsia_furniture:recipes/valhelsia_furniture/green_oak_chair": {
    "criteria": {
      "has_oak_planks": "2024-07-06 04:00:06 +0000"
    },
    "done": true
  },
  "minecraft:recipes/redstone/spruce_trapdoor": {
    "criteria": {
      "has_planks": "2024-07-06 03:15:31 +0000"
    },
    "done": true
  },
  "minecraft:recipes/building_blocks/chiseled_red_sandstone": {
    "criteria": {
      "has_red_sandstone": "2024-07-06 03:20:49 +0000"
    },
    "done": true
  },
  "minecraft:recipes/building_blocks/red_sandstone_slab_from_red_sandstone_stonecutting": {
    "criteria": {
      "has_red_sandstone": "2024-07-06 03:20:49 +0000"
    },
    "done": true
  },
  "smallships:recipes/transportation/dark_oak_brigg": {
    "criteria": {
      "in_water": "2024-07-06 03:24:39 +0000"
    },
    "done": true
  },
  "valhelsia_furniture:recipes/valhelsia_furniture/lime_acacia_table": {
    "criteria": {
      "has_lime_carpet": "2024-07-06 03:26:37 +0000"
    },
    "done": true
  },
  "securitycraft:recipes/securitycraft/reinforced_fence_gate": {
    "criteria": {
      "has_iron": "2024-07-06 03:09:34 +0000"
    },
    "done": true
  },
  "smallships:recipes/transportation/dark_oak_cog": {
    "criteria": {
      "in_water": "2024-07-06 03:24:39 +0000"
    },
    "done": true
  },
  "minecraft:recipes/decorations/soul_campfire": {
    "criteria": {
      "has_stick": "2024-07-06 03:14:31 +0000"
    },
    "done": true
  },
  "aether:recipes/combat/iron_gloves_repairing": {
    "criteria": {
      "has_iron_gloves": "2024-07-06 03:41:19 +0000"
    },
    "done": true
  },
  "minecraft:story/smelt_iron": {
    "criteria": {
      "iron": "2024-07-06 03:09:34 +0000"
    },
    "done": true
  },
  "valhelsia_furniture:recipes/valhelsia_furniture/light_gray_upholstered_acacia_chair": {
    "criteria": {
      "has_acacia_planks": "2024-07-06 03:35:56 +0000"
    },
    "done": true
  },
  "minecraft:recipes/building_blocks/mossy_cobblestone_stairs": {
    "criteria": {
      "has_mossy_cobblestone": "2024-07-06 03:21:02 +0000"
    },
    "done": true
  },
  "valhelsia_furniture:recipes/valhelsia_furniture/hay_birch_chair": {
    "criteria": {
      "has_birch_planks": "2024-07-06 03:28:37 +0000"
    },
    "done": true
  },
  "valhelsia_furniture:recipes/valhelsia_furniture/cyan_upholstered_spruce_chair": {
    "criteria": {
      "has_spruce_planks": "2024-07-06 03:15:31 +0000"
    },
    "done": true
  },
  "valhelsia_furniture:recipes/valhelsia_furniture/spruce_chair": {
    "criteria": {
      "has_spruce_planks": "2024-07-06 03:15:31 +0000"
    },
    "done": true
  },
  "DataVersion": 3120
}