{
  "securitycraft:recipes/securitycraft/universal_block_remover": {
    "criteria": {
      "has_iron": "2024-07-06 03:14:31 +0000"
    },
    "done": true
  },
  "minecraft:recipes/tools/fishing_rod": {
    "criteria": {
      "has_string": "2024-07-06 03:14:32 +0000"
    },
    "done": true
  },
  "minecraft:recipes/building_blocks/yellow_terracotta": {
    "criteria": {
      "has_terracotta": "2024-07-06 03:18:36 +0000"
    },
    "done": true
  },
  "valhelsia_furniture:recipes/valhelsia_furniture/yellow_upholstered_crimson_chair": {
    "criteria": {
      "has_yellow_wool": "2024-07-06 03:20:17 +0000"
    },
    "done": true
  },
  "valhelsia_furniture:recipes/valhelsia_furniture/red_upholstered_warped_chair": {
    "criteria": {
      "has_red_wool": "2024-07-06 03:24:54 +0000"
    },
    "done": true
  },
  "valhelsia_furniture:recipes/valhelsia_furniture/red_upholstered_acacia_chair": {
    "criteria": {
      "has_red_wool": "2024-07-06 03:24:54 +0000"
    },
    "done": true
  },
  "minecraft:recipes/building_blocks/purple_terracotta": {
    "criteria": {
      "has_terracotta": "2024-07-06 03:18:36 +0000"
    },
    "done": true
  },
  "minecraft:recipes/decorations/green_bed": {
    "criteria": {
      "has_green_wool": "2024-07-06 03:21:50 +0000"
    },
    "done": true
  },
  "minecraft:recipes/combat/iron_sword": {
    "criteria": {
      "has_iron_ingot": "2024-07-06 03:14:31 +0000"
    },
    "done": true
  },
  "valhelsia_furniture:recipes/valhelsia_furniture/yellow_upholstered_dark_oak_chair": {
    "criteria": {
      "has_yellow_wool": "2024-07-06 03:20:17 +0000"
    },
    "done": true
  },
  "valhelsia_furniture:recipes/valhelsia_furniture/yellow_crimson_chair": {
    "criteria": {
      "has_yellow_wool": "2024-07-06 03:20:17 +0000"
    },
    "done": true
  },
  "valhelsia_furniture:recipes/valhelsia_furniture/red_upholstered_dark_oak_chair": {
    "criteria": {
      "has_red_wool": "2024-07-06 03:24:54 +0000"
    },
    "done": true
  },
  "aether:recipes/combat/iron_ring": {
    "criteria": {
      "has_iron_ingot": "2024-07-06 03:14:31 +0000"
    },
    "done": true
  },
  "securitycraft:recipes/securitycraft/sentry": {
    "criteria": {
      "has_iron": "2024-07-06 03:14:31 +0000"
    },
    "done": true
  },
  "valhelsia_furniture:recipes/valhelsia_furniture/red_upholstered_crimson_chair": {
    "criteria": {
      "has_red_wool": "2024-07-06 03:24:54 +0000"
    },
    "done": true
  },
  "minecraft:recipes/tools/iron_pickaxe": {
    "criteria": {
      "has_iron_ingot": "2024-07-06 03:14:31 +0000"
    },
    "done": true
  },
  "valhelsia_structures:recipes/valhelsia_structures_main/cyan_metal_framed_glass": {
    "criteria": {
      "has_ingots/iron": "2024-07-06 03:14:31 +0000"
    },
    "done": true
  },
  "valhelsia_furniture:recipes/valhelsia_furniture/green_upholstered_spruce_chair": {
    "criteria": {
      "has_green_wool": "2024-07-06 03:21:50 +0000"
    },
    "done": true
  },
  "valhelsia_furniture:recipes/valhelsia_furniture/red_upholstered_birch_chair": {
    "criteria": {
      "has_red_wool": "2024-07-06 03:24:54 +0000"
    },
    "done": true
  },
  "valhelsia_structures:recipes/valhelsia_structures_main/orange_glazed_jar": {
    "criteria": {
      "has_orange_terracotta": "2024-07-06 03:18:36 +0000"
    },
    "done": true
  },
  "minecraft:recipes/decorations/candle": {
    "criteria": {
      "has_string": "2024-07-06 03:14:32 +0000"
    },
    "done": true
  },
  "minecraft:recipes/decorations/campfire": {
    "criteria": {
      "has_stick": "2024-07-06 03:11:53 +0000"
    },
    "done": true
  },
  "minecraft:recipes/tools/golden_hoe": {
    "criteria": {
      "has_gold_ingot": "2024-07-06 03:14:30 +0000"
    },
    "done": true
  },
  "minecraft:recipes/decorations/ladder": {
    "criteria": {
      "has_stick": "2024-07-06 03:11:53 +0000"
    },
    "done": true
  },
  "minecraft:recipes/misc/iron_nugget": {
    "criteria": {
      "has_iron_ingot": "2024-07-06 03:14:31 +0000"
    },
    "done": true
  },
  "valhelsia_furniture:recipes/valhelsia_furniture/red_upholstered_spruce_stool": {
    "criteria": {
      "has_red_wool": "2024-07-06 03:24:54 +0000"
    },
    "done": true
  },
  "minecraft:recipes/decorations/chest": {
    "criteria": {
      "has_lots_of_items": "2024-07-06 03:19:46 +0000"
    },
    "done": true
  },
  "minecraft:recipes/combat/golden_sword": {
    "criteria": {
      "has_gold_ingot": "2024-07-06 03:14:30 +0000"
    },
    "done": true
  },
  "valhelsia_furniture:recipes/valhelsia_furniture/red_upholstered_mangrove_chair": {
    "criteria": {
      "has_red_wool": "2024-07-06 03:24:54 +0000"
    },
    "done": true
  },
  "minecraft:recipes/tools/wooden_shovel": {
    "criteria": {
      "has_stick": "2024-07-06 03:11:53 +0000"
    },
    "done": true
  },
  "valhelsia_furniture:recipes/valhelsia_furniture/yellow_upholstered_mangrove_chair": {
    "criteria": {
      "has_yellow_wool": "2024-07-06 03:20:17 +0000"
    },
    "done": true
  },
  "securitycraft:recipes/securitycraft/track_mine": {
    "criteria": {
      "has_iron": "2024-07-06 03:14:31 +0000"
    },
    "done": true
  },
  "minecraft:recipes/tools/shears": {
    "criteria": {
      "has_iron_ingot": "2024-07-06 03:14:31 +0000"
    },
    "done": true
  },
  "valhelsia_furniture:recipes/valhelsia_furniture/yellow_upholstered_spruce_chair": {
    "criteria": {
      "has_yellow_wool": "2024-07-06 03:20:17 +0000"
    },
    "done": true
  },
  "eeeabsmobs:eeeabsmobs/root": {
    "criteria": {
      "requirement": "2024-07-06 03:09:48 +0000"
    },
    "done": true
  },
  "valhelsia_structures:recipes/valhelsia_structures_main/bone_pile": {
    "criteria": {
      "has_bone": "2024-07-06 03:18:36 +0000"
    },
    "done": true
  },
  "valhelsia_furniture:recipes/valhelsia_furniture/green_curtain": {
    "criteria": {
      "has_item": "2024-07-06 03:21:50 +0000"
    },
    "done": true
  },
  "valhelsia_furniture:recipes/valhelsia_furniture/green_upholstered_oak_chair": {
    "criteria": {
      "has_green_wool": "2024-07-06 03:21:50 +0000"
    },
    "done": true
  },
  "securitycraft:recipes/securitycraft/blacklist_module": {
    "criteria": {
      "has_iron": "2024-07-06 03:14:31 +0000"
    },
    "done": true
  },
  "securitycraft:recipes/securitycraft/speed_module": {
    "criteria": {
      "has_iron": "2024-07-06 03:14:31 +0000"
    },
    "done": true
  },
  "valhelsia_structures:recipes/valhelsia_structures_main/light_blue_metal_framed_glass": {
    "criteria": {
      "has_ingots/iron": "2024-07-06 03:14:31 +0000"
    },
    "done": true
  },
  "minecraft:recipes/misc/firework_rocket_simple": {
    "criteria": {
      "has_gunpowder": "2024-07-06 03:17:20 +0000"
    },
    "done": true
  },
  "valhelsia_structures:recipes/valhelsia_structures_main/bone_pile_block_from_bone": {
    "criteria": {
      "has_bone": "2024-07-06 03:18:36 +0000"
    },
    "done": true
  },
  "minecraft:recipes/building_blocks/lime_terracotta": {
    "criteria": {
      "has_terracotta": "2024-07-06 03:18:36 +0000"
    },
    "done": true
  },
  "valhelsia_furniture:recipes/valhelsia_furniture/green_upholstered_birch_stool": {
    "criteria": {
      "has_green_wool": "2024-07-06 03:21:50 +0000"
    },
    "done": true
  },
  "securitycraft:recipes/securitycraft/electrified_iron_fence": {
    "criteria": {
      "has_iron": "2024-07-06 03:14:31 +0000"
    },
    "done": true
  },
  "securitycraft:recipes/securitycraft/harming_module": {
    "criteria": {
      "has_iron": "2024-07-06 03:14:31 +0000"
    },
    "done": true
  },
  "valhelsia_furniture:recipes/valhelsia_furniture/yellow_upholstered_oak_chair": {
    "criteria": {
      "has_yellow_wool": "2024-07-06 03:20:17 +0000"
    },
    "done": true
  },
  "valhelsia_structures:recipes/valhelsia_structures_main/brown_metal_framed_glass": {
    "criteria": {
      "has_ingots/iron": "2024-07-06 03:14:31 +0000"
    },
    "done": true
  },
  "minecraft:recipes/misc/gold_nugget": {
    "criteria": {
      "has_gold_ingot": "2024-07-06 03:14:30 +0000"
    },
    "done": true
  },
  "minecraft:recipes/combat/iron_leggings": {
    "criteria": {
      "has_iron_ingot": "2024-07-06 03:14:31 +0000"
    },
    "done": true
  },
  "minecraft:recipes/building_blocks/gray_terracotta": {
    "criteria": {
      "has_terracotta": "2024-07-06 03:18:36 +0000"
    },
    "done": true
  },
  "minecraft:recipes/building_blocks/light_gray_terracotta": {
    "criteria": {
      "has_terracotta": "2024-07-06 03:18:36 +0000"
    },
    "done": true
  },
  "valhelsia_structures:recipes/valhelsia_structures_main/light_gray_metal_framed_glass": {
    "criteria": {
      "has_ingots/iron": "2024-07-06 03:14:31 +0000"
    },
    "done": true
  },
  "minecraft:recipes/brewing/golden_carrot": {
    "criteria": {
      "has_gold_nugget": "2024-07-06 03:19:46 +0000"
    },
    "done": true
  },
  "minecraft:recipes/tools/wooden_hoe": {
    "criteria": {
      "has_stick": "2024-07-06 03:11:53 +0000"
    },
    "done": true
  },
  "minecraft:recipes/combat/shield": {
    "criteria": {
      "has_iron_ingot": "2024-07-06 03:14:31 +0000"
    },
    "done": true
  },
  "aether:recipes/combat/iron_pendant": {
    "criteria": {
      "has_iron_ingot": "2024-07-06 03:14:31 +0000"
    },
    "done": true
  },
  "minecraft:recipes/misc/bucket": {
    "criteria": {
      "has_iron_ingot": "2024-07-06 03:14:31 +0000"
    },
    "done": true
  },
  "valhelsia_furniture:recipes/valhelsia_furniture/yellow_curtain": {
    "criteria": {
      "has_item": "2024-07-06 03:20:17 +0000"
    },
    "done": true
  },
  "minecraft:recipes/redstone/hopper": {
    "criteria": {
      "has_iron_ingot": "2024-07-06 03:14:31 +0000"
    },
    "done": true
  },
  "minecraft:recipes/building_blocks/pink_terracotta": {
    "criteria": {
      "has_terracotta": "2024-07-06 03:18:36 +0000"
    },
    "done": true
  },
  "iter_rpg:iter_root": {
    "criteria": {
      "iter_root": "2024-07-06 03:09:48 +0000"
    },
    "done": true
  },
  "securitycraft:recipes/securitycraft/redstone_module": {
    "criteria": {
      "has_iron": "2024-07-06 03:14:31 +0000"
    },
    "done": true
  },
  "valhelsia_furniture:recipes/valhelsia_furniture/red_curtain": {
    "criteria": {
      "has_item": "2024-07-06 03:24:54 +0000"
    },
    "done": true
  },
  "minecraft:recipes/building_blocks/magenta_terracotta": {
    "criteria": {
      "has_terracotta": "2024-07-06 03:18:36 +0000"
    },
    "done": true
  },
  "minecraft:recipes/building_blocks/orange_terracotta": {
    "criteria": {
      "has_terracotta": "2024-07-06 03:18:36 +0000"
    },
    "done": true
  },
  "valhelsia_furniture:recipes/valhelsia_furniture/red_spruce_chair": {
    "criteria": {
      "has_red_wool": "2024-07-06 03:24:54 +0000"
    },
    "done": true
  },
  "valhelsia_furniture:recipes/valhelsia_furniture/green_upholstered_crimson_chair": {
    "criteria": {
      "has_green_wool": "2024-07-06 03:21:50 +0000"
    },
    "done": true
  },
  "valhelsia_furniture:recipes/valhelsia_furniture/green_upholstered_mangrove_stool": {
    "criteria": {
      "has_green_wool": "2024-07-06 03:21:50 +0000"
    },
    "done": true
  },
  "valhelsia_furniture:recipes/valhelsia_furniture/red_jungle_chair": {
    "criteria": {
      "has_red_wool": "2024-07-06 03:24:54 +0000"
    },
    "done": true
  },
  "minecraft:recipes/combat/iron_helmet": {
    "criteria": {
      "has_iron_ingot": "2024-07-06 03:14:31 +0000"
    },
    "done": true
  },
  "minecraft:recipes/tools/golden_shovel": {
    "criteria": {
      "has_gold_ingot": "2024-07-06 03:14:30 +0000"
    },
    "done": true
  },
  "securitycraft:recipes/securitycraft/security_camera": {
    "criteria": {
      "has_iron": "2024-07-06 03:14:31 +0000"
    },
    "done": true
  },
  "minecraft:recipes/combat/bow": {
    "criteria": {
      "has_string": "2024-07-06 03:14:32 +0000"
    },
    "done": true
  },
  "valhelsia_furniture:recipes/valhelsia_furniture/yellow_upholstered_acacia_chair": {
    "criteria": {
      "has_yellow_wool": "2024-07-06 03:20:17 +0000"
    },
    "done": true
  },
  "minecraft:recipes/redstone/tnt": {
    "criteria": {
      "has_gunpowder": "2024-07-06 03:17:20 +0000"
    },
    "done": true
  },
  "aether:recipes/decorations/skyroot_bed": {
    "criteria": {
      "has_wool": "2024-07-06 03:20:17 +0000"
    },
    "done": true
  },
  "securitycraft:recipes/securitycraft/door_indestructible_iron_item": {
    "criteria": {
      "has_iron": "2024-07-06 03:14:31 +0000"
    },
    "done": true
  },
  "valhelsia_furniture:recipes/valhelsia_furniture/yellow_upholstered_warped_chair": {
    "criteria": {
      "has_yellow_wool": "2024-07-06 03:20:17 +0000"
    },
    "done": true
  },
  "valhelsia_structures:recipes/valhelsia_structures_main/yellow_metal_framed_glass": {
    "criteria": {
      "has_ingots/iron": "2024-07-06 03:14:31 +0000"
    },
    "done": true
  },
  "minecraft:recipes/decorations/iron_bars": {
    "criteria": {
      "has_iron_ingot": "2024-07-06 03:14:31 +0000"
    },
    "done": true
  },
  "valhelsia_furniture:recipes/valhelsia_furniture/green_upholstered_dark_oak_chair": {
    "criteria": {
      "has_green_wool": "2024-07-06 03:21:50 +0000"
    },
    "done": true
  },
  "valhelsia_furniture:recipes/valhelsia_furniture/red_oak_chair": {
    "criteria": {
      "has_red_wool": "2024-07-06 03:24:54 +0000"
    },
    "done": true
  },
  "minecraft:recipes/building_blocks/gold_block": {
    "criteria": {
      "has_gold_ingot": "2024-07-06 03:14:30 +0000"
    },
    "done": true
  },
  "valhelsia_furniture:recipes/valhelsia_furniture/green_warped_chair": {
    "criteria": {
      "has_green_wool": "2024-07-06 03:21:50 +0000"
    },
    "done": true
  },
  "minecraft:story/obtain_armor": {
    "criteria": {
      "iron_leggings": "2024-07-06 03:14:32 +0000"
    },
    "done": true
  },
  "valhelsia_furniture:recipes/valhelsia_furniture/yellow_dark_oak_chair": {
    "criteria": {
      "has_yellow_wool": "2024-07-06 03:20:17 +0000"
    },
    "done": true
  },
  "minecraft:recipes/transportation/minecart": {
    "criteria": {
      "has_iron_ingot": "2024-07-06 03:14:31 +0000"
    },
    "done": true
  },
  "minecraft:recipes/decorations/orange_glazed_terracotta": {
    "criteria": {
      "has_orange_terracotta": "2024-07-06 03:18:36 +0000"
    },
    "done": true
  },
  "valhelsia_furniture:recipes/valhelsia_furniture/green_upholstered_jungle_chair": {
    "criteria": {
      "has_green_wool": "2024-07-06 03:21:50 +0000"
    },
    "done": true
  },
  "valhelsia_structures:recipes/valhelsia_structures_main/yellow_sleeping_bag": {
    "criteria": {
      "has_yellow_wool": "2024-07-06 03:20:17 +0000"
    },
    "done": true
  },
  "valhelsia_furniture:recipes/valhelsia_furniture/red_upholstered_jungle_stool": {
    "criteria": {
      "has_red_wool": "2024-07-06 03:24:54 +0000"
    },
    "done": true
  },
  "minecraft:recipes/tools/iron_hoe": {
    "criteria": {
      "has_iron_ingot": "2024-07-06 03:14:31 +0000"
    },
    "done": true
  },
  "minecraft:recipes/tools/wooden_pickaxe": {
    "criteria": {
      "has_stick": "2024-07-06 03:11:53 +0000"
    },
    "done": true
  },
  "valhelsia_furniture:recipes/valhelsia_furniture/green_upholstered_mangrove_chair": {
    "criteria": {
      "has_green_wool": "2024-07-06 03:21:50 +0000"
    },
    "done": true
  },
  "valhelsia_furniture:recipes/valhelsia_furniture/yellow_mangrove_chair": {
    "criteria": {
      "has_yellow_wool": "2024-07-06 03:20:17 +0000"
    },
    "done": true
  },
  "minecraft:recipes/food/golden_apple": {
    "criteria": {
      "has_gold_ingot": "2024-07-06 03:14:30 +0000"
    },
    "done": true
  },
  "valhelsia_furniture:recipes/valhelsia_furniture/red_upholstered_oak_stool": {
    "criteria": {
      "has_red_wool": "2024-07-06 03:24:54 +0000"
    },
    "done": true
  },
  "securitycraft:recipes/securitycraft/sonic_security_system": {
    "criteria": {
      "has_stick": "2024-07-06 03:11:53 +0000"
    },
    "done": true
  },
  "minecraft:recipes/decorations/red_carpet": {
    "criteria": {
      "has_red_wool": "2024-07-06 03:24:54 +0000"
    },
    "done": true
  },
  "minecraft:recipes/tools/iron_shovel": {
    "criteria": {
      "has_iron_ingot": "2024-07-06 03:14:31 +0000"
    },
    "done": true
  },
  "minecraft:recipes/redstone/iron_trapdoor": {
    "criteria": {
      "has_iron_ingot": "2024-07-06 03:14:31 +0000"
    },
    "done": true
  },
  "aether:recipes/combat/golden_ring": {
    "criteria": {
      "has_gold_ingot": "2024-07-06 03:14:30 +0000"
    },
    "done": true
  },
  "valhelsia_structures:recipes/valhelsia_structures_main/metal_framed_glass": {
    "criteria": {
      "has_ingots/iron": "2024-07-06 03:14:31 +0000"
    },
    "done": true
  },
  "valhelsia_furniture:recipes/valhelsia_furniture/green_acacia_chair": {
    "criteria": {
      "has_green_wool": "2024-07-06 03:21:50 +0000"
    },
    "done": true
  },
  "minecraft:adventure/root": {
    "criteria": {
      "killed_something": "2024-07-06 03:10:53 +0000"
    },
    "done": true
  },
  "valhelsia_structures:recipes/valhelsia_structures_main/red_metal_framed_glass": {
    "criteria": {
      "has_ingots/iron": "2024-07-06 03:14:31 +0000"
    },
    "done": true
  },
  "aether:recipes/combat/iron_gloves": {
    "criteria": {
      "has_iron": "2024-07-06 03:14:31 +0000"
    },
    "done": true
  },
  "dungeons_arise:find_bandit_towers": {
    "criteria": {
      "location0": "2024-07-06 03:13:48 +0000"
    },
    "done": true
  },
  "securitycraft:recipes/securitycraft/storage_module": {
    "criteria": {
      "has_iron": "2024-07-06 03:14:31 +0000"
    },
    "done": true
  },
  "valhelsia_structures:recipes/valhelsia_structures_main/green_metal_framed_glass": {
    "criteria": {
      "has_ingots/iron": "2024-07-06 03:14:31 +0000"
    },
    "done": true
  },
  "minecraft:recipes/building_blocks/white_wool_from_string": {
    "criteria": {
      "has_string": "2024-07-06 03:14:32 +0000"
    },
    "done": true
  },
  "valhelsia_furniture:recipes/valhelsia_furniture/yellow_fabric_desk_lamp": {
    "criteria": {
      "has_yellow_wool": "2024-07-06 03:20:17 +0000"
    },
    "done": true
  },
  "minecraft:adventure/kill_all_mobs": {
    "criteria": {
      "minecraft:creeper": "2024-07-06 03:17:19 +0000"
    },
    "done": false
  },
  "valhelsia_furniture:recipes/valhelsia_furniture/yellow_upholstered_birch_chair": {
    "criteria": {
      "has_yellow_wool": "2024-07-06 03:20:17 +0000"
    },
    "done": true
  },
  "minecraft:recipes/decorations/yellow_banner": {
    "criteria": {
      "has_yellow_wool": "2024-07-06 03:20:17 +0000"
    },
    "done": true
  },
  "valhelsia_structures:recipes/valhelsia_structures_main/magenta_metal_framed_glass": {
    "criteria": {
      "has_ingots/iron": "2024-07-06 03:14:31 +0000"
    },
    "done": true
  },
  "minecraft:recipes/misc/iron_nugget_from_smelting": {
    "criteria": {
      "has_iron_leggings": "2024-07-06 03:14:32 +0000"
    },
    "done": true
  },
  "valhelsia_furniture:recipes/valhelsia_furniture/green_crimson_chair": {
    "criteria": {
      "has_green_wool": "2024-07-06 03:21:50 +0000"
    },
    "done": true
  },
  "valhelsia_furniture:recipes/valhelsia_furniture/yellow_upholstered_jungle_stool": {
    "criteria": {
      "has_yellow_wool": "2024-07-06 03:20:17 +0000"
    },
    "done": true
  },
  "minecraft:recipes/decorations/green_banner": {
    "criteria": {
      "has_green_wool": "2024-07-06 03:21:50 +0000"
    },
    "done": true
  },
  "valhelsia_structures:recipes/valhelsia_structures_main/black_metal_framed_glass": {
    "criteria": {
      "has_ingots/iron": "2024-07-06 03:14:31 +0000"
    },
    "done": true
  },
  "valhelsia_furniture:recipes/valhelsia_furniture/yellow_upholstered_oak_stool": {
    "criteria": {
      "has_yellow_wool": "2024-07-06 03:20:17 +0000"
    },
    "done": true
  },
  "valhelsia_structures:recipes/valhelsia_structures_main/lime_metal_framed_glass": {
    "criteria": {
      "has_ingots/iron": "2024-07-06 03:14:31 +0000"
    },
    "done": true
  },
  "valhelsia_structures:recipes/valhelsia_structures_main/gray_metal_framed_glass": {
    "criteria": {
      "has_ingots/iron": "2024-07-06 03:14:31 +0000"
    },
    "done": true
  },
  "minecraft:recipes/misc/gold_ingot_from_nuggets": {
    "criteria": {
      "has_gold_nugget": "2024-07-06 03:19:46 +0000"
    },
    "done": true
  },
  "minecraft:recipes/decorations/chain": {
    "criteria": {
      "has_iron_ingot": "2024-07-06 03:14:31 +0000"
    },
    "done": true
  },
  "valhelsia_furniture:recipes/valhelsia_furniture/yellow_upholstered_spruce_stool": {
    "criteria": {
      "has_yellow_wool": "2024-07-06 03:20:17 +0000"
    },
    "done": true
  },
  "minecraft:recipes/building_blocks/cyan_terracotta": {
    "criteria": {
      "has_terracotta": "2024-07-06 03:18:36 +0000"
    },
    "done": true
  },
  "minecraft:recipes/decorations/yellow_bed": {
    "criteria": {
      "has_yellow_wool": "2024-07-06 03:20:17 +0000"
    },
    "done": true
  },
  "valhelsia_furniture:recipes/valhelsia_furniture/red_warped_chair": {
    "criteria": {
      "has_red_wool": "2024-07-06 03:24:54 +0000"
    },
    "done": true
  },
  "valhelsia_structures:recipes/valhelsia_structures_main/pink_metal_framed_glass": {
    "criteria": {
      "has_ingots/iron": "2024-07-06 03:14:31 +0000"
    },
    "done": true
  },
  "valhelsia_furniture:recipes/valhelsia_furniture/red_acacia_chair": {
    "criteria": {
      "has_red_wool": "2024-07-06 03:24:54 +0000"
    },
    "done": true
  },
  "valhelsia_furniture:recipes/valhelsia_furniture/green_fabric_desk_lamp": {
    "criteria": {
      "has_green_wool": "2024-07-06 03:21:50 +0000"
    },
    "done": true
  },
  "minecraft:recipes/combat/golden_boots": {
    "criteria": {
      "has_gold_ingot": "2024-07-06 03:14:30 +0000"
    },
    "done": true
  },
  "aether:recipes/redstone/skyroot_tripwire_hook": {
    "criteria": {
      "has_string": "2024-07-06 03:14:32 +0000"
    },
    "done": true
  },
  "valhelsia_furniture:recipes/valhelsia_furniture/yellow_upholstered_mangrove_stool": {
    "criteria": {
      "has_yellow_wool": "2024-07-06 03:20:17 +0000"
    },
    "done": true
  },
  "minecraft:recipes/tools/wooden_axe": {
    "criteria": {
      "has_stick": "2024-07-06 03:11:53 +0000"
    },
    "done": true
  },
  "securitycraft:recipes/securitycraft/keycard_lv2": {
    "criteria": {
      "has_iron": "2024-07-06 03:14:31 +0000"
    },
    "done": true
  },
  "securitycraft:recipes/securitycraft/keycard_lv1": {
    "criteria": {
      "has_iron": "2024-07-06 03:14:31 +0000"
    },
    "done": true
  },
  "minecraft:recipes/combat/golden_chestplate": {
    "criteria": {
      "has_gold_ingot": "2024-07-06 03:14:30 +0000"
    },
    "done": true
  },
  "minecraft:recipes/decorations/loom": {
    "criteria": {
      "has_string": "2024-07-06 03:14:32 +0000"
    },
    "done": true
  },
  "securitycraft:recipes/securitycraft/bouncing_betty": {
    "criteria": {
      "has_iron": "2024-07-06 03:14:31 +0000"
    },
    "done": true
  },
  "valhelsia_furniture:recipes/valhelsia_furniture/red_upholstered_mangrove_stool": {
    "criteria": {
      "has_red_wool": "2024-07-06 03:24:54 +0000"
    },
    "done": true
  },
  "minecraft:recipes/redstone/slime_block": {
    "criteria": {
      "has_slime_ball": "2024-07-06 03:19:15 +0000"
    },
    "done": true
  },
  "aether:recipes/decorations/skyroot_loom": {
    "criteria": {
      "has_string": "2024-07-06 03:14:32 +0000"
    },
    "done": true
  },
  "aether:recipes/combat/yellow_cape": {
    "criteria": {
      "has_yellow_wool": "2024-07-06 03:20:17 +0000"
    },
    "done": true
  },
  "aether:recipes/combat/golden_pendant": {
    "criteria": {
      "has_gold_ingot": "2024-07-06 03:14:30 +0000"
    },
    "done": true
  },
  "valhelsia_furniture:recipes/valhelsia_furniture/yellow_upholstered_crimson_stool": {
    "criteria": {
      "has_yellow_wool": "2024-07-06 03:20:17 +0000"
    },
    "done": true
  },
  "valhelsia_structures:recipes/valhelsia_structures_main/red_sleeping_bag": {
    "criteria": {
      "has_red_wool": "2024-07-06 03:24:54 +0000"
    },
    "done": true
  },
  "minecraft:recipes/building_blocks/iron_block": {
    "criteria": {
      "has_iron_ingot": "2024-07-06 03:14:31 +0000"
    },
    "done": true
  },
  "valhelsia_furniture:recipes/valhelsia_furniture/red_upholstered_acacia_stool": {
    "criteria": {
      "has_red_wool": "2024-07-06 03:24:54 +0000"
    },
    "done": true
  },
  "minecraft:recipes/decorations/painting": {
    "criteria": {
      "has_wool": "2024-07-06 03:20:17 +0000"
    },
    "done": true
  },
  "minecraft:recipes/building_blocks/red_terracotta": {
    "criteria": {
      "has_terracotta": "2024-07-06 03:18:36 +0000"
    },
    "done": true
  },
  "valhelsia_structures:recipes/valhelsia_structures_main/blue_metal_framed_glass": {
    "criteria": {
      "has_ingots/iron": "2024-07-06 03:14:31 +0000"
    },
    "done": true
  },
  "securitycraft:recipes/securitycraft/keycard_lv4": {
    "criteria": {
      "has_iron": "2024-07-06 03:14:31 +0000"
    },
    "done": true
  },
  "valhelsia_furniture:recipes/valhelsia_furniture/green_jungle_chair": {
    "criteria": {
      "has_green_wool": "2024-07-06 03:21:50 +0000"
    },
    "done": true
  },
  "securitycraft:recipes/securitycraft/keycard_lv3": {
    "criteria": {
      "has_iron": "2024-07-06 03:14:31 +0000"
    },
    "done": true
  },
  "securitycraft:recipes/securitycraft/keycard_lv5": {
    "criteria": {
      "has_iron": "2024-07-06 03:14:31 +0000"
    },
    "done": true
  },
  "valhelsia_furniture:recipes/valhelsia_furniture/red_upholstered_dark_oak_stool": {
    "criteria": {
      "has_red_wool": "2024-07-06 03:24:54 +0000"
    },
    "done": true
  },
  "valhelsia_furniture:recipes/valhelsia_furniture/green_birch_chair": {
    "criteria": {
      "has_green_wool": "2024-07-06 03:21:50 +0000"
    },
    "done": true
  },
  "minecraft:recipes/redstone/light_weighted_pressure_plate": {
    "criteria": {
      "has_gold_ingot": "2024-07-06 03:14:30 +0000"
    },
    "done": true
  },
  "aether:recipes/decorations/skyroot_smithing_table": {
    "criteria": {
      "has_iron_ingot": "2024-07-06 03:14:31 +0000"
    },
    "done": true
  },
  "valhelsia_furniture:recipes/valhelsia_furniture/red_birch_chair": {
    "criteria": {
      "has_red_wool": "2024-07-06 03:24:54 +0000"
    },
    "done": true
  },
  "valhelsia_structures:recipes/valhelsia_structures_main/green_sleeping_bag": {
    "criteria": {
      "has_green_wool": "2024-07-06 03:21:50 +0000"
    },
    "done": true
  },
  "valhelsia_furniture:recipes/valhelsia_furniture/red_upholstered_jungle_chair": {
    "criteria": {
      "has_red_wool": "2024-07-06 03:24:54 +0000"
    },
    "done": true
  },
  "minecraft:recipes/combat/wooden_sword": {
    "criteria": {
      "has_stick": "2024-07-06 03:11:53 +0000"
    },
    "done": true
  },
  "valhelsia_furniture:recipes/valhelsia_furniture/red_upholstered_spruce_chair": {
    "criteria": {
      "has_red_wool": "2024-07-06 03:24:54 +0000"
    },
    "done": true
  },
  "cataclysm:root": {
    "criteria": {
      "custom_test_name": "2024-07-06 03:09:48 +0000"
    },
    "done": true
  },
  "minecraft:recipes/building_blocks/green_terracotta": {
    "criteria": {
      "has_terracotta": "2024-07-06 03:18:36 +0000"
    },
    "done": true
  },
  "securitycraft:recipes/securitycraft/smart_module": {
    "criteria": {
      "has_iron": "2024-07-06 03:14:31 +0000"
    },
    "done": true
  },
  "valhelsia_structures:recipes/valhelsia_structures_main/big_glazed_jar": {
    "criteria": {
      "has_terracotta": "2024-07-06 03:18:36 +0000"
    },
    "done": true
  },
  "valhelsia_furniture:recipes/valhelsia_furniture/red_upholstered_birch_stool": {
    "criteria": {
      "has_red_wool": "2024-07-06 03:24:54 +0000"
    },
    "done": true
  },
  "minecraft:recipes/tools/golden_axe": {
    "criteria": {
      "has_gold_ingot": "2024-07-06 03:14:30 +0000"
    },
    "done": true
  },
  "valhelsia_furniture:recipes/valhelsia_furniture/yellow_upholstered_dark_oak_stool": {
    "criteria": {
      "has_yellow_wool": "2024-07-06 03:20:17 +0000"
    },
    "done": true
  },
  "player_companions:recipes/tame_bone_from_bone": {
    "criteria": {
      "has_bone": "2024-07-06 03:18:36 +0000"
    },
    "done": true
  },
  "securitycraft:recipes/securitycraft/block_change_detector": {
    "criteria": {
      "has_iron": "2024-07-06 03:14:31 +0000"
    },
    "done": true
  },
  "minecraft:recipes/tools/iron_axe": {
    "criteria": {
      "has_iron_ingot": "2024-07-06 03:14:31 +0000"
    },
    "done": true
  },
  "minecraft:recipes/building_blocks/brown_terracotta": {
    "criteria": {
      "has_terracotta": "2024-07-06 03:18:36 +0000"
    },
    "done": true
  },
  "valhelsia_furniture:recipes/valhelsia_furniture/green_dark_oak_chair": {
    "criteria": {
      "has_green_wool": "2024-07-06 03:21:50 +0000"
    },
    "done": true
  },
  "valhelsia_furniture:recipes/valhelsia_furniture/yellow_upholstered_birch_stool": {
    "criteria": {
      "has_yellow_wool": "2024-07-06 03:20:17 +0000"
    },
    "done": true
  },
  "minecraft:recipes/combat/golden_helmet": {
    "criteria": {
      "has_gold_ingot": "2024-07-06 03:14:30 +0000"
    },
    "done": true
  },
  "valhelsia_structures:recipes/valhelsia_structures_main/purple_metal_framed_glass": {
    "criteria": {
      "has_ingots/iron": "2024-07-06 03:14:31 +0000"
    },
    "done": true
  },
  "minecraft:recipes/tools/lead": {
    "criteria": {
      "has_slime_ball": "2024-07-06 03:19:15 +0000"
    },
    "done": true
  },
  "minecraft:recipes/decorations/red_banner": {
    "criteria": {
      "has_red_wool": "2024-07-06 03:24:54 +0000"
    },
    "done": true
  },
  "minecraft:recipes/redstone/tripwire_hook": {
    "criteria": {
      "has_string": "2024-07-06 03:14:32 +0000"
    },
    "done": true
  },
  "aether:recipes/combat/red_cape": {
    "criteria": {
      "has_red_wool": "2024-07-06 03:24:54 +0000"
    },
    "done": true
  },
  "minecraft:recipes/combat/iron_boots": {
    "criteria": {
      "has_iron_ingot": "2024-07-06 03:14:31 +0000"
    },
    "done": true
  },
  "minecraft:recipes/misc/bone_meal": {
    "criteria": {
      "has_bone": "2024-07-06 03:18:36 +0000"
    },
    "done": true
  },
  "aether:recipes/combat/golden_gloves": {
    "criteria": {
      "has_gold": "2024-07-06 03:14:30 +0000"
    },
    "done": true
  },
  "valhelsia_furniture:recipes/valhelsia_furniture/green_upholstered_dark_oak_stool": {
    "criteria": {
      "has_green_wool": "2024-07-06 03:21:50 +0000"
    },
    "done": true
  },
  "valhelsia_furniture:recipes/valhelsia_furniture/green_mangrove_chair": {
    "criteria": {
      "has_green_wool": "2024-07-06 03:21:50 +0000"
    },
    "done": true
  },
  "valhelsia_furniture:recipes/valhelsia_furniture/yellow_upholstered_warped_stool": {
    "criteria": {
      "has_yellow_wool": "2024-07-06 03:20:17 +0000"
    },
    "done": true
  },
  "minecraft:recipes/building_blocks/black_terracotta": {
    "criteria": {
      "has_terracotta": "2024-07-06 03:18:36 +0000"
    },
    "done": true
  },
  "valhelsia_furniture:recipes/valhelsia_furniture/yellow_upholstered_acacia_stool": {
    "criteria": {
      "has_yellow_wool": "2024-07-06 03:20:17 +0000"
    },
    "done": true
  },
  "valhelsia_furniture:recipes/valhelsia_furniture/red_fabric_desk_lamp": {
    "criteria": {
      "has_red_wool": "2024-07-06 03:24:54 +0000"
    },
    "done": true
  },
  "valhelsia_structures:recipes/valhelsia_structures_main/white_metal_framed_glass": {
    "criteria": {
      "has_ingots/iron": "2024-07-06 03:14:31 +0000"
    },
    "done": true
  },
  "valhelsia_furniture:recipes/valhelsia_furniture/yellow_acacia_chair": {
    "criteria": {
      "has_yellow_wool": "2024-07-06 03:20:17 +0000"
    },
    "done": true
  },
  "minecraft:recipes/combat/crossbow": {
    "criteria": {
      "has_stick": "2024-07-06 03:11:53 +0000"
    },
    "done": true
  },
  "minecraft:recipes/combat/iron_chestplate": {
    "criteria": {
      "has_iron_ingot": "2024-07-06 03:14:31 +0000"
    },
    "done": true
  },
  "player_companions:grant_book_on_first_join": {
    "criteria": {
      "tick": "2024-07-06 03:09:48 +0000"
    },
    "done": true
  },
  "valhelsia_furniture:recipes/valhelsia_furniture/red_upholstered_crimson_stool": {
    "criteria": {
      "has_red_wool": "2024-07-06 03:24:54 +0000"
    },
    "done": true
  },
  "valhelsia_furniture:recipes/valhelsia_furniture/yellow_warped_chair": {
    "criteria": {
      "has_yellow_wool": "2024-07-06 03:20:17 +0000"
    },
    "done": true
  },
  "minecraft:recipes/misc/iron_nugget_from_blasting": {
    "criteria": {
      "has_iron_leggings": "2024-07-06 03:14:32 +0000"
    },
    "done": true
  },
  "securitycraft:recipes/securitycraft/trophy_system": {
    "criteria": {
      "has_iron": "2024-07-06 03:14:31 +0000"
    },
    "done": true
  },
  "minecraft:adventure/kill_a_mob": {
    "criteria": {
      "minecraft:creeper": "2024-07-06 03:17:19 +0000"
    },
    "done": true
  },
  "minecraft:recipes/building_blocks/blue_terracotta": {
    "criteria": {
      "has_terracotta": "2024-07-06 03:18:36 +0000"
    },
    "done": true
  },
  "securitycraft:recipes/securitycraft/camera_monitor": {
    "criteria": {
      "has_iron": "2024-07-06 03:14:31 +0000"
    },
    "done": true
  },
  "minecraft:recipes/tools/golden_pickaxe": {
    "criteria": {
      "has_gold_ingot": "2024-07-06 03:14:30 +0000"
    },
    "done": true
  },
  "valhelsia_furniture:recipes/valhelsia_furniture/green_upholstered_acacia_stool": {
    "criteria": {
      "has_green_wool": "2024-07-06 03:21:50 +0000"
    },
    "done": true
  },
  "rottencreatures:recipes/rottencreatures.rottencreatures/tnt_barrel": {
    "criteria": {
      "has_gunpowder": "2024-07-06 03:17:20 +0000"
    },
    "done": true
  },
  "securitycraft:recipes/securitycraft/limited_use_keycard": {
    "criteria": {
      "has_iron": "2024-07-06 03:14:31 +0000"
    },
    "done": true
  },
  "valhelsia_structures:recipes/valhelsia_structures_main/orange_metal_framed_glass": {
    "criteria": {
      "has_ingots/iron": "2024-07-06 03:14:31 +0000"
    },
    "done": true
  },
  "minecraft:recipes/redstone/sticky_piston": {
    "criteria": {
      "has_slime_ball": "2024-07-06 03:19:15 +0000"
    },
    "done": true
  },
  "minecraft:recipes/decorations/green_carpet": {
    "criteria": {
      "has_green_wool": "2024-07-06 03:21:50 +0000"
    },
    "done": true
  },
  "minecraft:recipes/building_blocks/light_blue_terracotta": {
    "criteria": {
      "has_terracotta": "2024-07-06 03:18:36 +0000"
    },
    "done": true
  },
  "valhelsia_furniture:recipes/valhelsia_furniture/yellow_birch_chair": {
    "criteria": {
      "has_yellow_wool": "2024-07-06 03:20:17 +0000"
    },
    "done": true
  },
  "valhelsia_furniture:recipes/valhelsia_furniture/green_upholstered_warped_stool": {
    "criteria": {
      "has_green_wool": "2024-07-06 03:21:50 +0000"
    },
    "done": true
  },
  "valhelsia_furniture:recipes/valhelsia_furniture/green_upholstered_acacia_chair": {
    "criteria": {
      "has_green_wool": "2024-07-06 03:21:50 +0000"
    },
    "done": true
  },
  "minecraft:adventure/adventuring_time": {
    "criteria": {
      "minecraft:eroded_badlands": "2024-07-06 03:17:46 +0000",
      "minecraft:badlands": "2024-07-06 03:09:49 +0000"
    },
    "done": false
  },
  "minecraft:recipes/redstone/iron_door": {
    "criteria": {
      "has_iron_ingot": "2024-07-06 03:14:31 +0000"
    },
    "done": true
  },
  "securitycraft:recipes/securitycraft/whitelist_module": {
    "criteria": {
      "has_iron": "2024-07-06 03:14:31 +0000"
    },
    "done": true
  },
  "valhelsia_furniture:recipes/valhelsia_furniture/green_upholstered_warped_chair": {
    "criteria": {
      "has_green_wool": "2024-07-06 03:21:50 +0000"
    },
    "done": true
  },
  "minecraft:recipes/decorations/red_bed": {
    "criteria": {
      "has_red_wool": "2024-07-06 03:24:54 +0000"
    },
    "done": true
  },
  "valhelsia_furniture:recipes/valhelsia_furniture/green_spruce_chair": {
    "criteria": {
      "has_green_wool": "2024-07-06 03:21:50 +0000"
    },
    "done": true
  },
  "minecraft:recipes/decorations/smithing_table": {
    "criteria": {
      "has_iron_ingot": "2024-07-06 03:14:31 +0000"
    },
    "done": true
  },
  "aether:recipes/decorations/skyroot_chest": {
    "criteria": {
      "has_lots_of_items": "2024-07-06 03:19:46 +0000"
    },
    "done": true
  },
  "securitycraft:recipes/securitycraft/motion_activated_light": {
    "criteria": {
      "has_stick": "2024-07-06 03:11:53 +0000"
    },
    "done": true
  },
  "securitycraft:recipes/securitycraft/mine": {
    "criteria": {
      "has_iron": "2024-07-06 03:14:31 +0000"
    },
    "done": true
  },
  "valhelsia_furniture:recipes/valhelsia_furniture/red_crimson_chair": {
    "criteria": {
      "has_red_wool": "2024-07-06 03:24:54 +0000"
    },
    "done": true
  },
  "valhelsia_furniture:recipes/valhelsia_furniture/green_upholstered_jungle_stool": {
    "criteria": {
      "has_green_wool": "2024-07-06 03:21:50 +0000"
    },
    "done": true
  },
  "aether:recipes/combat/skyroot_iron_vanilla_shield": {
    "criteria": {
      "has_iron_ingot": "2024-07-06 03:14:31 +0000"
    },
    "done": true
  },
  "minecraft:recipes/redstone/heavy_weighted_pressure_plate": {
    "criteria": {
      "has_iron_ingot": "2024-07-06 03:14:31 +0000"
    },
    "done": true
  },
  "valhelsia_furniture:recipes/valhelsia_furniture/red_upholstered_oak_chair": {
    "criteria": {
      "has_red_wool": "2024-07-06 03:24:54 +0000"
    },
    "done": true
  },
  "valhelsia_furniture:recipes/valhelsia_furniture/yellow_upholstered_jungle_chair": {
    "criteria": {
      "has_yellow_wool": "2024-07-06 03:20:17 +0000"
    },
    "done": true
  },
  "valhelsia_furniture:recipes/valhelsia_furniture/green_upholstered_spruce_stool": {
    "criteria": {
      "has_green_wool": "2024-07-06 03:21:50 +0000"
    },
    "done": true
  },
  "minecraft:recipes/decorations/yellow_carpet": {
    "criteria": {
      "has_yellow_wool": "2024-07-06 03:20:17 +0000"
    },
    "done": true
  },
  "dungeons_arise:wda_root": {
    "criteria": {
      "WDA": "2024-07-06 03:09:48 +0000"
    },
    "done": true
  },
  "aether:recipes/combat/iron_leggings_repairing": {
    "criteria": {
      "has_iron_leggings": "2024-07-06 03:14:32 +0000"
    },
    "done": true
  },
  "valhelsia_structures:recipes/valhelsia_structures_main/big_orange_glazed_jar": {
    "criteria": {
      "has_orange_terracotta": "2024-07-06 03:18:36 +0000"
    },
    "done": true
  },
  "valhelsia_furniture:recipes/valhelsia_furniture/green_upholstered_crimson_stool": {
    "criteria": {
      "has_green_wool": "2024-07-06 03:21:50 +0000"
    },
    "done": true
  },
  "securitycraft:recipes/securitycraft/briefcase": {
    "criteria": {
      "has_iron": "2024-07-06 03:14:31 +0000"
    },
    "done": true
  },
  "minecraft:recipes/combat/golden_leggings": {
    "criteria": {
      "has_gold_ingot": "2024-07-06 03:14:30 +0000"
    },
    "done": true
  },
  "minecraft:recipes/decorations/lantern": {
    "criteria": {
      "has_iron_ingot": "2024-07-06 03:14:31 +0000"
    },
    "done": true
  },
  "valhelsia_furniture:recipes/valhelsia_furniture/green_oak_chair": {
    "criteria": {
      "has_green_wool": "2024-07-06 03:21:50 +0000"
    },
    "done": true
  },
  "valhelsia_furniture:recipes/valhelsia_furniture/red_mangrove_chair": {
    "criteria": {
      "has_red_wool": "2024-07-06 03:24:54 +0000"
    },
    "done": true
  },
  "valhelsia_furniture:recipes/valhelsia_furniture/red_upholstered_warped_stool": {
    "criteria": {
      "has_red_wool": "2024-07-06 03:24:54 +0000"
    },
    "done": true
  },
  "valhelsia_furniture:recipes/valhelsia_furniture/green_upholstered_birch_chair": {
    "criteria": {
      "has_green_wool": "2024-07-06 03:21:50 +0000"
    },
    "done": true
  },
  "securitycraft:recipes/securitycraft/reinforced_fence_gate": {
    "criteria": {
      "has_iron": "2024-07-06 03:14:31 +0000"
    },
    "done": true
  },
  "valhelsia_furniture:recipes/valhelsia_furniture/green_upholstered_oak_stool": {
    "criteria": {
      "has_green_wool": "2024-07-06 03:21:50 +0000"
    },
    "done": true
  },
  "minecraft:recipes/building_blocks/white_terracotta": {
    "criteria": {
      "has_terracotta": "2024-07-06 03:18:36 +0000"
    },
    "done": true
  },
  "minecraft:recipes/decorations/soul_campfire": {
    "criteria": {
      "has_stick": "2024-07-06 03:11:53 +0000"
    },
    "done": true
  },
  "minecraft:story/smelt_iron": {
    "criteria": {
      "iron": "2024-07-06 03:14:31 +0000"
    },
    "done": true
  },
  "valhelsia_furniture:recipes/valhelsia_furniture/yellow_jungle_chair": {
    "criteria": {
      "has_yellow_wool": "2024-07-06 03:20:17 +0000"
    },
    "done": true
  },
  "securitycraft:recipes/securitycraft/disguise_module": {
    "criteria": {
      "has_iron": "2024-07-06 03:14:31 +0000"
    },
    "done": true
  },
  "valhelsia_furniture:recipes/valhelsia_furniture/yellow_oak_chair": {
    "criteria": {
      "has_yellow_wool": "2024-07-06 03:20:17 +0000"
    },
    "done": true
  },
  "valhelsia_furniture:recipes/valhelsia_furniture/yellow_spruce_chair": {
    "criteria": {
      "has_yellow_wool": "2024-07-06 03:20:17 +0000"
    },
    "done": true
  },
  "valhelsia_structures:recipes/valhelsia_structures_main/glazed_jar": {
    "criteria": {
      "has_terracotta": "2024-07-06 03:18:36 +0000"
    },
    "done": true
  },
  "valhelsia_furniture:recipes/valhelsia_furniture/red_dark_oak_chair": {
    "criteria": {
      "has_red_wool": "2024-07-06 03:24:54 +0000"
    },
    "done": true
  },
  "DataVersion": 3120
}