{
  "securitycraft:recipes/securitycraft/universal_block_remover": {
    "criteria": {
      "has_iron": "2024-07-06 05:00:45 +0000"
    },
    "done": true
  },
  "smallships:recipes/transportation/birch_drakkar": {
    "criteria": {
      "in_water": "2024-07-06 04:54:38 +0000"
    },
    "done": true
  },
  "minecraft:recipes/building_blocks/magenta_concrete_powder": {
    "criteria": {
      "has_sand": "2024-07-06 04:56:38 +0000"
    },
    "done": true
  },
  "player_companions:crafting/root": {
    "criteria": {
      "crafting_table": "2024-07-06 04:59:27 +0000"
    },
    "done": true
  },
  "minecraft:recipes/combat/iron_sword": {
    "criteria": {
      "has_iron_ingot": "2024-07-06 05:00:45 +0000"
    },
    "done": true
  },
  "smallships:recipes/transportation/jungle_drakkar": {
    "criteria": {
      "in_water": "2024-07-06 04:54:38 +0000"
    },
    "done": true
  },
  "aether:recipes/combat/iron_ring": {
    "criteria": {
      "has_iron_ingot": "2024-07-06 05:00:45 +0000"
    },
    "done": true
  },
  "minecraft:recipes/misc/wheat": {
    "criteria": {
      "has_hay_block": "2024-07-06 04:58:23 +0000"
    },
    "done": true
  },
  "biomesoplenty:recipes/transportation/willow_boat": {
    "criteria": {
      "in_water": "2024-07-06 04:54:38 +0000"
    },
    "done": true
  },
  "securitycraft:recipes/securitycraft/sentry": {
    "criteria": {
      "has_iron": "2024-07-06 05:00:45 +0000"
    },
    "done": true
  },
  "minecraft:recipes/building_blocks/lime_concrete_powder": {
    "criteria": {
      "has_sand": "2024-07-06 04:56:38 +0000"
    },
    "done": true
  },
  "valhelsia_furniture:recipes/valhelsia_furniture/lime_upholstered_oak_chair": {
    "criteria": {
      "has_oak_planks": "2024-07-06 04:59:25 +0000"
    },
    "done": true
  },
  "minecraft:recipes/tools/iron_pickaxe": {
    "criteria": {
      "has_iron_ingot": "2024-07-06 05:00:45 +0000"
    },
    "done": true
  },
  "valhelsia_structures:recipes/valhelsia_structures_main/cyan_metal_framed_glass": {
    "criteria": {
      "has_ingots/iron": "2024-07-06 05:00:45 +0000"
    },
    "done": true
  },
  "minecraft:recipes/building_blocks/yellow_concrete_powder": {
    "criteria": {
      "has_sand": "2024-07-06 04:56:38 +0000"
    },
    "done": true
  },
  "valhelsia_furniture:recipes/valhelsia_furniture/hay_jungle_chair": {
    "criteria": {
      "has_hay_block": "2024-07-06 04:58:23 +0000"
    },
    "done": true
  },
  "minecraft:recipes/decorations/crafting_table": {
    "criteria": {
      "has_planks": "2024-07-06 04:59:25 +0000"
    },
    "done": true
  },
  "minecraft:recipes/decorations/campfire": {
    "criteria": {
      "has_stick": "2024-07-06 04:54:00 +0000"
    },
    "done": true
  },
  "smallships:recipes/transportation/birch_cog": {
    "criteria": {
      "in_water": "2024-07-06 04:54:38 +0000"
    },
    "done": true
  },
  "minecraft:recipes/food/bread": {
    "criteria": {
      "has_wheat": "2024-07-06 04:59:44 +0000"
    },
    "done": true
  },
  "valhelsia_furniture:recipes/valhelsia_furniture/light_gray_upholstered_oak_chair": {
    "criteria": {
      "has_oak_planks": "2024-07-06 04:59:25 +0000"
    },
    "done": true
  },
  "biomesoplenty:recipes/transportation/mahogany_boat": {
    "criteria": {
      "in_water": "2024-07-06 04:54:38 +0000"
    },
    "done": true
  },
  "minecraft:recipes/decorations/ladder": {
    "criteria": {
      "has_stick": "2024-07-06 04:54:00 +0000"
    },
    "done": true
  },
  "minecraft:recipes/misc/iron_nugget": {
    "criteria": {
      "has_iron_ingot": "2024-07-06 05:00:45 +0000"
    },
    "done": true
  },
  "minecraft:recipes/decorations/chest": {
    "criteria": {
      "has_lots_of_items": "2024-07-06 05:01:30 +0000"
    },
    "done": true
  },
  "minecraft:recipes/building_blocks/brown_concrete_powder": {
    "criteria": {
      "has_sand": "2024-07-06 04:56:38 +0000"
    },
    "done": true
  },
  "minecraft:recipes/transportation/mangrove_boat": {
    "criteria": {
      "in_water": "2024-07-06 04:54:38 +0000"
    },
    "done": true
  },
  "minecraft:recipes/tools/wooden_shovel": {
    "criteria": {
      "has_stick": "2024-07-06 04:54:00 +0000"
    },
    "done": true
  },
  "securitycraft:recipes/securitycraft/track_mine": {
    "criteria": {
      "has_iron": "2024-07-06 05:00:45 +0000"
    },
    "done": true
  },
  "minecraft:recipes/tools/shears": {
    "criteria": {
      "has_iron_ingot": "2024-07-06 05:00:45 +0000"
    },
    "done": true
  },
  "biomesoplenty:recipes/transportation/dead_boat": {
    "criteria": {
      "in_water": "2024-07-06 04:54:38 +0000"
    },
    "done": true
  },
  "minecraft:recipes/misc/stick": {
    "criteria": {
      "has_planks": "2024-07-06 04:59:25 +0000"
    },
    "done": true
  },
  "smallships:recipes/transportation/acacia_galley": {
    "criteria": {
      "in_water": "2024-07-06 04:54:38 +0000"
    },
    "done": true
  },
  "eeeabsmobs:eeeabsmobs/root": {
    "criteria": {
      "requirement": "2024-07-06 04:53:25 +0000"
    },
    "done": true
  },
  "valhelsia_structures:recipes/valhelsia_structures_main/bone_pile": {
    "criteria": {
      "has_bone": "2024-07-06 05:05:50 +0000"
    },
    "done": true
  },
  "minecraft:recipes/transportation/spruce_boat": {
    "criteria": {
      "in_water": "2024-07-06 04:54:38 +0000"
    },
    "done": true
  },
  "valhelsia_furniture:recipes/valhelsia_furniture/green_upholstered_oak_chair": {
    "criteria": {
      "has_oak_planks": "2024-07-06 04:59:25 +0000"
    },
    "done": true
  },
  "securitycraft:recipes/securitycraft/blacklist_module": {
    "criteria": {
      "has_iron": "2024-07-06 05:00:45 +0000"
    },
    "done": true
  },
  "securitycraft:recipes/securitycraft/speed_module": {
    "criteria": {
      "has_iron": "2024-07-06 05:00:45 +0000"
    },
    "done": true
  },
  "valhelsia_structures:recipes/valhelsia_structures_main/light_blue_metal_framed_glass": {
    "criteria": {
      "has_ingots/iron": "2024-07-06 05:00:45 +0000"
    },
    "done": true
  },
  "valhelsia_structures:recipes/valhelsia_structures_main/bone_pile_block_from_bone": {
    "criteria": {
      "has_bone": "2024-07-06 05:05:50 +0000"
    },
    "done": true
  },
  "valhelsia_furniture:recipes/valhelsia_furniture/gray_upholstered_oak_chair": {
    "criteria": {
      "has_oak_planks": "2024-07-06 04:59:25 +0000"
    },
    "done": true
  },
  "securitycraft:recipes/securitycraft/electrified_iron_fence": {
    "criteria": {
      "has_iron": "2024-07-06 05:00:45 +0000"
    },
    "done": true
  },
  "valhelsia_furniture:recipes/valhelsia_furniture/oak_desk_drawer": {
    "criteria": {
      "has_oak_planks": "2024-07-06 04:59:25 +0000"
    },
    "done": true
  },
  "securitycraft:recipes/securitycraft/harming_module": {
    "criteria": {
      "has_iron": "2024-07-06 05:00:45 +0000"
    },
    "done": true
  },
  "aether:recipes/transportation/skyroot_boat": {
    "criteria": {
      "in_water": "2024-07-06 04:54:38 +0000"
    },
    "done": true
  },
  "valhelsia_furniture:recipes/valhelsia_furniture/yellow_upholstered_oak_chair": {
    "criteria": {
      "has_oak_planks": "2024-07-06 04:59:25 +0000"
    },
    "done": true
  },
  "valhelsia_structures:recipes/valhelsia_structures_main/brown_metal_framed_glass": {
    "criteria": {
      "has_ingots/iron": "2024-07-06 05:00:45 +0000"
    },
    "done": true
  },
  "minecraft:recipes/misc/sugar_from_sugar_cane": {
    "criteria": {
      "has_sugar_cane": "2024-07-06 04:57:33 +0000"
    },
    "done": true
  },
  "minecraft:recipes/combat/iron_leggings": {
    "criteria": {
      "has_iron_ingot": "2024-07-06 05:00:45 +0000"
    },
    "done": true
  },
  "minecraft:husbandry/balanced_diet": {
    "criteria": {
      "bread": "2024-07-06 04:59:53 +0000"
    },
    "done": false
  },
  "valhelsia_structures:recipes/valhelsia_structures_main/light_gray_metal_framed_glass": {
    "criteria": {
      "has_ingots/iron": "2024-07-06 05:00:45 +0000"
    },
    "done": true
  },
  "minecraft:recipes/tools/wooden_hoe": {
    "criteria": {
      "has_stick": "2024-07-06 04:54:00 +0000"
    },
    "done": true
  },
  "minecraft:recipes/combat/shield": {
    "criteria": {
      "has_iron_ingot": "2024-07-06 05:00:45 +0000"
    },
    "done": true
  },
  "aether:recipes/combat/iron_pendant": {
    "criteria": {
      "has_iron_ingot": "2024-07-06 05:00:45 +0000"
    },
    "done": true
  },
  "smallships:recipes/transportation/jungle_galley": {
    "criteria": {
      "in_water": "2024-07-06 04:54:38 +0000"
    },
    "done": true
  },
  "minecraft:recipes/misc/bucket": {
    "criteria": {
      "has_iron_ingot": "2024-07-06 05:00:45 +0000"
    },
    "done": true
  },
  "smallships:recipes/transportation/acacia_brigg": {
    "criteria": {
      "in_water": "2024-07-06 04:54:38 +0000"
    },
    "done": true
  },
  "minecraft:recipes/redstone/hopper": {
    "criteria": {
      "has_iron_ingot": "2024-07-06 05:00:45 +0000"
    },
    "done": true
  },
  "biomesoplenty:recipes/transportation/magic_boat": {
    "criteria": {
      "in_water": "2024-07-06 04:54:38 +0000"
    },
    "done": true
  },
  "iter_rpg:iter_root": {
    "criteria": {
      "iter_root": "2024-07-06 04:53:25 +0000"
    },
    "done": true
  },
  "smallships:recipes/transportation/dark_oak_galley": {
    "criteria": {
      "in_water": "2024-07-06 04:54:38 +0000"
    },
    "done": true
  },
  "securitycraft:recipes/securitycraft/redstone_module": {
    "criteria": {
      "has_iron": "2024-07-06 05:00:45 +0000"
    },
    "done": true
  },
  "minecraft:recipes/building_blocks/light_gray_concrete_powder": {
    "criteria": {
      "has_sand": "2024-07-06 04:56:39 +0000"
    },
    "done": true
  },
  "minecraft:recipes/building_blocks/light_blue_concrete_powder": {
    "criteria": {
      "has_sand": "2024-07-06 04:56:38 +0000"
    },
    "done": true
  },
  "biomesoplenty:recipes/transportation/cherry_boat": {
    "criteria": {
      "in_water": "2024-07-06 04:54:38 +0000"
    },
    "done": true
  },
  "biomesoplenty:recipes/transportation/fir_boat": {
    "criteria": {
      "in_water": "2024-07-06 04:54:38 +0000"
    },
    "done": true
  },
  "minecraft:recipes/building_blocks/hay_block": {
    "criteria": {
      "has_wheat": "2024-07-06 04:59:44 +0000"
    },
    "done": true
  },
  "minecraft:recipes/building_blocks/glass": {
    "criteria": {
      "has_sand": "2024-07-06 04:56:38 +0000"
    },
    "done": true
  },
  "minecraft:recipes/combat/iron_helmet": {
    "criteria": {
      "has_iron_ingot": "2024-07-06 05:00:45 +0000"
    },
    "done": true
  },
  "minecraft:recipes/building_blocks/pink_concrete_powder": {
    "criteria": {
      "has_sand": "2024-07-06 04:56:38 +0000"
    },
    "done": true
  },
  "securitycraft:recipes/securitycraft/security_camera": {
    "criteria": {
      "has_iron": "2024-07-06 05:00:45 +0000"
    },
    "done": true
  },
  "valhelsia_furniture:recipes/valhelsia_furniture/orange_oak_chair": {
    "criteria": {
      "has_oak_planks": "2024-07-06 04:59:25 +0000"
    },
    "done": true
  },
  "minecraft:recipes/food/cooked_chicken_from_smoking": {
    "criteria": {
      "has_chicken": "2024-07-06 05:02:04 +0000"
    },
    "done": true
  },
  "minecraft:recipes/redstone/oak_fence_gate": {
    "criteria": {
      "has_planks": "2024-07-06 04:59:25 +0000"
    },
    "done": true
  },
  "securitycraft:recipes/securitycraft/door_indestructible_iron_item": {
    "criteria": {
      "has_iron": "2024-07-06 05:00:45 +0000"
    },
    "done": true
  },
  "minecraft:recipes/building_blocks/purple_concrete_powder": {
    "criteria": {
      "has_sand": "2024-07-06 04:56:39 +0000"
    },
    "done": true
  },
  "valhelsia_structures:recipes/valhelsia_structures_main/yellow_metal_framed_glass": {
    "criteria": {
      "has_ingots/iron": "2024-07-06 05:00:45 +0000"
    },
    "done": true
  },
  "minecraft:recipes/decorations/iron_bars": {
    "criteria": {
      "has_iron_ingot": "2024-07-06 05:00:45 +0000"
    },
    "done": true
  },
  "valhelsia_furniture:recipes/valhelsia_furniture/red_oak_chair": {
    "criteria": {
      "has_oak_planks": "2024-07-06 04:59:25 +0000"
    },
    "done": true
  },
  "smallships:recipes/transportation/oak_brigg": {
    "criteria": {
      "in_water": "2024-07-06 04:54:38 +0000"
    },
    "done": true
  },
  "smallships:recipes/transportation/birch_galley": {
    "criteria": {
      "in_water": "2024-07-06 04:54:38 +0000"
    },
    "done": true
  },
  "valhelsia_furniture:recipes/valhelsia_furniture/hay_dark_oak_chair": {
    "criteria": {
      "has_hay_block": "2024-07-06 04:58:23 +0000"
    },
    "done": true
  },
  "biomesoplenty:biomesoplenty/all_biomes": {
    "criteria": {
      "dryland": "2024-07-06 04:58:15 +0000"
    },
    "done": false
  },
  "minecraft:recipes/redstone/target": {
    "criteria": {
      "has_hay_block": "2024-07-06 04:58:23 +0000"
    },
    "done": true
  },
  "minecraft:recipes/transportation/minecart": {
    "criteria": {
      "has_iron_ingot": "2024-07-06 05:00:45 +0000"
    },
    "done": true
  },
  "valhelsia_furniture:recipes/valhelsia_furniture/brown_upholstered_oak_chair": {
    "criteria": {
      "has_oak_planks": "2024-07-06 04:59:25 +0000"
    },
    "done": true
  },
  "smallships:recipes/transportation/birch_brigg": {
    "criteria": {
      "in_water": "2024-07-06 04:54:38 +0000"
    },
    "done": true
  },
  "valhelsia_furniture:recipes/valhelsia_furniture/magenta_oak_chair": {
    "criteria": {
      "has_oak_planks": "2024-07-06 04:59:25 +0000"
    },
    "done": true
  },
  "minecraft:recipes/misc/charcoal": {
    "criteria": {
      "has_log": "2024-07-06 04:59:22 +0000"
    },
    "done": true
  },
  "minecraft:recipes/building_blocks/sandstone": {
    "criteria": {
      "has_sand": "2024-07-06 04:56:39 +0000"
    },
    "done": true
  },
  "minecraft:recipes/tools/iron_hoe": {
    "criteria": {
      "has_iron_ingot": "2024-07-06 05:00:45 +0000"
    },
    "done": true
  },
  "minecraft:recipes/tools/wooden_pickaxe": {
    "criteria": {
      "has_stick": "2024-07-06 04:54:00 +0000"
    },
    "done": true
  },
  "minecraft:husbandry/root": {
    "criteria": {
      "consumed_item": "2024-07-06 04:59:53 +0000"
    },
    "done": true
  },
  "minecraft:recipes/transportation/birch_boat": {
    "criteria": {
      "in_water": "2024-07-06 04:54:38 +0000"
    },
    "done": true
  },
  "valhelsia_furniture:recipes/valhelsia_furniture/blue_oak_chair": {
    "criteria": {
      "has_oak_planks": "2024-07-06 04:59:25 +0000"
    },
    "done": true
  },
  "minecraft:recipes/building_blocks/oak_stairs": {
    "criteria": {
      "has_planks": "2024-07-06 04:59:25 +0000"
    },
    "done": true
  },
  "securitycraft:recipes/securitycraft/sonic_security_system": {
    "criteria": {
      "has_stick": "2024-07-06 04:54:00 +0000"
    },
    "done": true
  },
  "minecraft:recipes/building_blocks/green_concrete_powder": {
    "criteria": {
      "has_sand": "2024-07-06 04:56:39 +0000"
    },
    "done": true
  },
  "valhelsia_furniture:recipes/valhelsia_furniture/hay_mangrove_chair": {
    "criteria": {
      "has_hay_block": "2024-07-06 04:58:23 +0000"
    },
    "done": true
  },
  "minecraft:recipes/tools/iron_shovel": {
    "criteria": {
      "has_iron_ingot": "2024-07-06 05:00:45 +0000"
    },
    "done": true
  },
  "minecraft:recipes/transportation/acacia_boat": {
    "criteria": {
      "in_water": "2024-07-06 04:54:38 +0000"
    },
    "done": true
  },
  "minecraft:recipes/redstone/iron_trapdoor": {
    "criteria": {
      "has_iron_ingot": "2024-07-06 05:00:45 +0000"
    },
    "done": true
  },
  "valhelsia_structures:recipes/valhelsia_structures_main/metal_framed_glass": {
    "criteria": {
      "has_ingots/iron": "2024-07-06 05:00:45 +0000"
    },
    "done": true
  },
  "minecraft:adventure/root": {
    "criteria": {
      "killed_something": "2024-07-06 05:02:04 +0000"
    },
    "done": true
  },
  "valhelsia_furniture:recipes/valhelsia_furniture/blue_upholstered_oak_chair": {
    "criteria": {
      "has_oak_planks": "2024-07-06 04:59:25 +0000"
    },
    "done": true
  },
  "valhelsia_structures:recipes/valhelsia_structures_main/red_metal_framed_glass": {
    "criteria": {
      "has_ingots/iron": "2024-07-06 05:00:45 +0000"
    },
    "done": true
  },
  "aether:recipes/combat/iron_gloves": {
    "criteria": {
      "has_iron": "2024-07-06 05:00:45 +0000"
    },
    "done": true
  },
  "dungeons_arise:find_bandit_towers": {
    "criteria": {
      "location0": "2024-07-06 04:54:16 +0000"
    },
    "done": true
  },
  "securitycraft:recipes/securitycraft/storage_module": {
    "criteria": {
      "has_iron": "2024-07-06 05:00:45 +0000"
    },
    "done": true
  },
  "valhelsia_structures:recipes/valhelsia_structures_main/green_metal_framed_glass": {
    "criteria": {
      "has_ingots/iron": "2024-07-06 05:00:45 +0000"
    },
    "done": true
  },
  "valhelsia_furniture:recipes/valhelsia_furniture/magenta_upholstered_oak_chair": {
    "criteria": {
      "has_oak_planks": "2024-07-06 04:59:25 +0000"
    },
    "done": true
  },
  "minecraft:recipes/building_blocks/white_concrete_powder": {
    "criteria": {
      "has_sand": "2024-07-06 04:56:38 +0000"
    },
    "done": true
  },
  "valhelsia_furniture:recipes/valhelsia_furniture/cyan_upholstered_oak_chair": {
    "criteria": {
      "has_oak_planks": "2024-07-06 04:59:25 +0000"
    },
    "done": true
  },
  "aether:recipes/combat/leather_gloves_repairing": {
    "criteria": {
      "has_leather_gloves": "2024-07-06 05:01:30 +0000"
    },
    "done": true
  },
  "smallships:recipes/transportation/acacia_drakkar": {
    "criteria": {
      "in_water": "2024-07-06 04:54:38 +0000"
    },
    "done": true
  },
  "valhelsia_furniture:recipes/valhelsia_furniture/brown_oak_chair": {
    "criteria": {
      "has_oak_planks": "2024-07-06 04:59:25 +0000"
    },
    "done": true
  },
  "smallships:recipes/transportation/spruce_brigg": {
    "criteria": {
      "in_water": "2024-07-06 04:54:38 +0000"
    },
    "done": true
  },
  "minecraft:recipes/food/cooked_chicken_from_campfire_cooking": {
    "criteria": {
      "has_chicken": "2024-07-06 05:02:04 +0000"
    },
    "done": true
  },
  "valhelsia_structures:recipes/valhelsia_structures_main/magenta_metal_framed_glass": {
    "criteria": {
      "has_ingots/iron": "2024-07-06 05:00:45 +0000"
    },
    "done": true
  },
  "minecraft:recipes/misc/iron_nugget_from_smelting": {
    "criteria": {
      "has_iron_pickaxe": "2024-07-06 05:00:58 +0000"
    },
    "done": true
  },
  "smallships:recipes/transportation/jungle_brigg": {
    "criteria": {
      "in_water": "2024-07-06 04:54:38 +0000"
    },
    "done": true
  },
  "valhelsia_structures:recipes/valhelsia_structures_main/black_metal_framed_glass": {
    "criteria": {
      "has_ingots/iron": "2024-07-06 05:00:45 +0000"
    },
    "done": true
  },
  "valhelsia_furniture:recipes/valhelsia_furniture/hay_spruce_chair": {
    "criteria": {
      "has_hay_block": "2024-07-06 04:58:23 +0000"
    },
    "done": true
  },
  "valhelsia_structures:recipes/valhelsia_structures_main/lime_metal_framed_glass": {
    "criteria": {
      "has_ingots/iron": "2024-07-06 05:00:45 +0000"
    },
    "done": true
  },
  "valhelsia_structures:recipes/valhelsia_structures_main/gray_metal_framed_glass": {
    "criteria": {
      "has_ingots/iron": "2024-07-06 05:00:45 +0000"
    },
    "done": true
  },
  "minecraft:recipes/decorations/chain": {
    "criteria": {
      "has_iron_ingot": "2024-07-06 05:00:45 +0000"
    },
    "done": true
  },
  "minecraft:recipes/decorations/oak_fence": {
    "criteria": {
      "has_planks": "2024-07-06 04:59:25 +0000"
    },
    "done": true
  },
  "valhelsia_structures:recipes/valhelsia_structures_main/pink_metal_framed_glass": {
    "criteria": {
      "has_ingots/iron": "2024-07-06 05:00:45 +0000"
    },
    "done": true
  },
  "minecraft:recipes/transportation/oak_boat": {
    "criteria": {
      "in_water": "2024-07-06 04:54:38 +0000"
    },
    "done": true
  },
  "smallships:recipes/transportation/spruce_cog": {
    "criteria": {
      "in_water": "2024-07-06 04:54:38 +0000"
    },
    "done": true
  },
  "smallships:recipes/transportation/mangrove_drakkar": {
    "criteria": {
      "in_water": "2024-07-06 04:54:38 +0000"
    },
    "done": true
  },
  "valhelsia_furniture:recipes/valhelsia_furniture/purple_oak_chair": {
    "criteria": {
      "has_oak_planks": "2024-07-06 04:59:25 +0000"
    },
    "done": true
  },
  "minecraft:recipes/building_blocks/orange_concrete_powder": {
    "criteria": {
      "has_sand": "2024-07-06 04:56:38 +0000"
    },
    "done": true
  },
  "minecraft:recipes/building_blocks/oak_slab": {
    "criteria": {
      "has_planks": "2024-07-06 04:59:25 +0000"
    },
    "done": true
  },
  "minecraft:recipes/building_blocks/cyan_concrete_powder": {
    "criteria": {
      "has_sand": "2024-07-06 04:56:39 +0000"
    },
    "done": true
  },
  "valhelsia_furniture:recipes/valhelsia_furniture/gray_oak_chair": {
    "criteria": {
      "has_oak_planks": "2024-07-06 04:59:25 +0000"
    },
    "done": true
  },
  "valhelsia_furniture:recipes/valhelsia_furniture/orange_upholstered_oak_chair": {
    "criteria": {
      "has_oak_planks": "2024-07-06 04:59:25 +0000"
    },
    "done": true
  },
  "valhelsia_furniture:recipes/valhelsia_furniture/light_blue_upholstered_oak_chair": {
    "criteria": {
      "has_oak_planks": "2024-07-06 04:59:25 +0000"
    },
    "done": true
  },
  "minecraft:recipes/tools/wooden_axe": {
    "criteria": {
      "has_stick": "2024-07-06 04:54:00 +0000"
    },
    "done": true
  },
  "valhelsia_furniture:recipes/valhelsia_furniture/white_upholstered_oak_chair": {
    "criteria": {
      "has_oak_planks": "2024-07-06 04:59:25 +0000"
    },
    "done": true
  },
  "deeperdarker:recipes/deeperdarker/echo_boat": {
    "criteria": {
      "in_water": "2024-07-06 04:54:38 +0000"
    },
    "done": true
  },
  "valhelsia_furniture:recipes/valhelsia_furniture/black_upholstered_oak_chair": {
    "criteria": {
      "has_oak_planks": "2024-07-06 04:59:25 +0000"
    },
    "done": true
  },
  "securitycraft:recipes/securitycraft/keycard_lv2": {
    "criteria": {
      "has_iron": "2024-07-06 05:00:45 +0000"
    },
    "done": true
  },
  "securitycraft:recipes/securitycraft/keycard_lv1": {
    "criteria": {
      "has_iron": "2024-07-06 05:00:45 +0000"
    },
    "done": true
  },
  "minecraft:recipes/misc/paper": {
    "criteria": {
      "has_reeds": "2024-07-06 04:57:33 +0000"
    },
    "done": true
  },
  "smallships:recipes/transportation/acacia_cog": {
    "criteria": {
      "in_water": "2024-07-06 04:54:38 +0000"
    },
    "done": true
  },
  "biomesoplenty:recipes/transportation/umbran_boat": {
    "criteria": {
      "in_water": "2024-07-06 04:54:38 +0000"
    },
    "done": true
  },
  "aether:recipes/combat/iron_sword_repairing": {
    "criteria": {
      "has_iron_sword": "2024-07-06 05:01:02 +0000"
    },
    "done": true
  },
  "biomesoplenty:recipes/transportation/palm_boat": {
    "criteria": {
      "in_water": "2024-07-06 04:54:38 +0000"
    },
    "done": true
  },
  "securitycraft:recipes/securitycraft/bouncing_betty": {
    "criteria": {
      "has_iron": "2024-07-06 05:00:45 +0000"
    },
    "done": true
  },
  "valhelsia_furniture:recipes/valhelsia_furniture/hay_oak_chair": {
    "criteria": {
      "has_hay_block": "2024-07-06 04:58:23 +0000"
    },
    "done": true
  },
  "valhelsia_furniture:recipes/valhelsia_furniture/oak_chair": {
    "criteria": {
      "has_oak_planks": "2024-07-06 04:59:25 +0000"
    },
    "done": true
  },
  "biomesoplenty:recipes/transportation/redwood_boat": {
    "criteria": {
      "in_water": "2024-07-06 04:54:38 +0000"
    },
    "done": true
  },
  "player_companions:recipes/tame_wheat_seed_from_wheat_seed": {
    "criteria": {
      "has_wheat": "2024-07-06 04:59:44 +0000"
    },
    "done": true
  },
  "smallships:recipes/transportation/spruce_drakkar": {
    "criteria": {
      "in_water": "2024-07-06 04:54:38 +0000"
    },
    "done": true
  },
  "minecraft:recipes/building_blocks/iron_block": {
    "criteria": {
      "has_iron_ingot": "2024-07-06 05:00:45 +0000"
    },
    "done": true
  },
  "smallships:recipes/transportation/oak_cog": {
    "criteria": {
      "in_water": "2024-07-06 04:54:38 +0000"
    },
    "done": true
  },
  "valhelsia_structures:recipes/valhelsia_structures_main/blue_metal_framed_glass": {
    "criteria": {
      "has_ingots/iron": "2024-07-06 05:00:45 +0000"
    },
    "done": true
  },
  "securitycraft:recipes/securitycraft/keycard_lv4": {
    "criteria": {
      "has_iron": "2024-07-06 05:00:45 +0000"
    },
    "done": true
  },
  "securitycraft:recipes/securitycraft/sc_manual": {
    "criteria": {
      "has_wood": "2024-07-06 04:59:22 +0000"
    },
    "done": true
  },
  "securitycraft:recipes/securitycraft/keycard_lv3": {
    "criteria": {
      "has_iron": "2024-07-06 05:00:45 +0000"
    },
    "done": true
  },
  "valhelsia_furniture:recipes/valhelsia_furniture/oak_desk": {
    "criteria": {
      "has_oak_planks": "2024-07-06 04:59:25 +0000"
    },
    "done": true
  },
  "securitycraft:recipes/securitycraft/keycard_lv5": {
    "criteria": {
      "has_iron": "2024-07-06 05:00:45 +0000"
    },
    "done": true
  },
  "aether:recipes/decorations/skyroot_smithing_table": {
    "criteria": {
      "has_iron_ingot": "2024-07-06 05:00:45 +0000"
    },
    "done": true
  },
  "minecraft:recipes/combat/wooden_sword": {
    "criteria": {
      "has_stick": "2024-07-06 04:54:00 +0000"
    },
    "done": true
  },
  "minecraft:recipes/building_blocks/oak_planks": {
    "criteria": {
      "has_logs": "2024-07-06 04:59:22 +0000"
    },
    "done": true
  },
  "valhelsia_furniture:recipes/valhelsia_furniture/lime_oak_chair": {
    "criteria": {
      "has_oak_planks": "2024-07-06 04:59:25 +0000"
    },
    "done": true
  },
  "minecraft:recipes/building_blocks/blue_concrete_powder": {
    "criteria": {
      "has_sand": "2024-07-06 04:56:38 +0000"
    },
    "done": true
  },
  "smallships:recipes/transportation/mangrove_cog": {
    "criteria": {
      "in_water": "2024-07-06 04:54:38 +0000"
    },
    "done": true
  },
  "minecraft:recipes/building_blocks/gray_concrete_powder": {
    "criteria": {
      "has_sand": "2024-07-06 04:56:39 +0000"
    },
    "done": true
  },
  "cataclysm:root": {
    "criteria": {
      "custom_test_name": "2024-07-06 04:53:25 +0000"
    },
    "done": true
  },
  "securitycraft:recipes/securitycraft/smart_module": {
    "criteria": {
      "has_iron": "2024-07-06 05:00:45 +0000"
    },
    "done": true
  },
  "player_companions:recipes/tame_bone_from_bone": {
    "criteria": {
      "has_bone": "2024-07-06 05:05:50 +0000"
    },
    "done": true
  },
  "valhelsia_furniture:recipes/valhelsia_furniture/light_gray_oak_chair": {
    "criteria": {
      "has_oak_planks": "2024-07-06 04:59:25 +0000"
    },
    "done": true
  },
  "securitycraft:recipes/securitycraft/block_change_detector": {
    "criteria": {
      "has_iron": "2024-07-06 05:00:45 +0000"
    },
    "done": true
  },
  "valhelsia_furniture:recipes/valhelsia_furniture/hay_acacia_chair": {
    "criteria": {
      "has_hay_block": "2024-07-06 04:58:23 +0000"
    },
    "done": true
  },
  "minecraft:recipes/tools/iron_axe": {
    "criteria": {
      "has_iron_ingot": "2024-07-06 05:00:45 +0000"
    },
    "done": true
  },
  "valhelsia_structures:recipes/valhelsia_structures_main/oak_post": {
    "criteria": {
      "has_item": "2024-07-06 04:59:22 +0000"
    },
    "done": true
  },
  "valhelsia_structures:recipes/valhelsia_structures_main/purple_metal_framed_glass": {
    "criteria": {
      "has_ingots/iron": "2024-07-06 05:00:45 +0000"
    },
    "done": true
  },
  "minecraft:recipes/redstone/oak_pressure_plate": {
    "criteria": {
      "has_planks": "2024-07-06 04:59:25 +0000"
    },
    "done": true
  },
  "minecraft:recipes/combat/iron_boots": {
    "criteria": {
      "has_iron_ingot": "2024-07-06 05:00:45 +0000"
    },
    "done": true
  },
  "minecraft:recipes/misc/bone_meal": {
    "criteria": {
      "has_bone": "2024-07-06 05:05:50 +0000"
    },
    "done": true
  },
  "biomesoplenty:biomesoplenty/root": {
    "criteria": {
      "dryland": "2024-07-06 04:58:15 +0000"
    },
    "done": true
  },
  "minecraft:recipes/building_blocks/black_concrete_powder": {
    "criteria": {
      "has_sand": "2024-07-06 04:56:39 +0000"
    },
    "done": true
  },
  "minecraft:story/iron_tools": {
    "criteria": {
      "iron_pickaxe": "2024-07-06 05:00:58 +0000"
    },
    "done": true
  },
  "valhelsia_furniture:recipes/valhelsia_furniture/hay_warped_chair": {
    "criteria": {
      "has_hay_block": "2024-07-06 04:58:23 +0000"
    },
    "done": true
  },
  "minecraft:recipes/building_blocks/oak_wood": {
    "criteria": {
      "has_log": "2024-07-06 04:59:22 +0000"
    },
    "done": true
  },
  "valhelsia_structures:recipes/valhelsia_structures_main/white_metal_framed_glass": {
    "criteria": {
      "has_ingots/iron": "2024-07-06 05:00:45 +0000"
    },
    "done": true
  },
  "minecraft:story/root": {
    "criteria": {
      "crafting_table": "2024-07-06 04:59:27 +0000"
    },
    "done": true
  },
  "minecraft:recipes/combat/crossbow": {
    "criteria": {
      "has_stick": "2024-07-06 04:54:00 +0000"
    },
    "done": true
  },
  "minecraft:recipes/combat/iron_chestplate": {
    "criteria": {
      "has_iron_ingot": "2024-07-06 05:00:45 +0000"
    },
    "done": true
  },
  "player_companions:grant_book_on_first_join": {
    "criteria": {
      "tick": "2024-07-06 04:53:25 +0000"
    },
    "done": true
  },
  "aether:recipes/tools/iron_pickaxe_repairing": {
    "criteria": {
      "has_iron_pickaxe": "2024-07-06 05:00:58 +0000"
    },
    "done": true
  },
  "valhelsia_furniture:recipes/valhelsia_furniture/cyan_oak_chair": {
    "criteria": {
      "has_oak_planks": "2024-07-06 04:59:25 +0000"
    },
    "done": true
  },
  "minecraft:recipes/decorations/oak_sign": {
    "criteria": {
      "has_planks": "2024-07-06 04:59:25 +0000"
    },
    "done": true
  },
  "smallships:recipes/transportation/jungle_cog": {
    "criteria": {
      "in_water": "2024-07-06 04:54:38 +0000"
    },
    "done": true
  },
  "minecraft:recipes/redstone/oak_trapdoor": {
    "criteria": {
      "has_planks": "2024-07-06 04:59:25 +0000"
    },
    "done": true
  },
  "valhelsia_furniture:recipes/valhelsia_furniture/pink_oak_chair": {
    "criteria": {
      "has_oak_planks": "2024-07-06 04:59:25 +0000"
    },
    "done": true
  },
  "valhelsia_furniture:recipes/valhelsia_furniture/black_oak_chair": {
    "criteria": {
      "has_oak_planks": "2024-07-06 04:59:25 +0000"
    },
    "done": true
  },
  "minecraft:recipes/building_blocks/red_concrete_powder": {
    "criteria": {
      "has_sand": "2024-07-06 04:56:39 +0000"
    },
    "done": true
  },
  "minecraft:recipes/misc/iron_nugget_from_blasting": {
    "criteria": {
      "has_iron_pickaxe": "2024-07-06 05:00:58 +0000"
    },
    "done": true
  },
  "securitycraft:recipes/securitycraft/trophy_system": {
    "criteria": {
      "has_iron": "2024-07-06 05:00:45 +0000"
    },
    "done": true
  },
  "securitycraft:recipes/securitycraft/camera_monitor": {
    "criteria": {
      "has_iron": "2024-07-06 05:00:45 +0000"
    },
    "done": true
  },
  "minecraft:recipes/redstone/oak_button": {
    "criteria": {
      "has_planks": "2024-07-06 04:59:25 +0000"
    },
    "done": true
  },
  "securitycraft:recipes/securitycraft/limited_use_keycard": {
    "criteria": {
      "has_iron": "2024-07-06 05:00:45 +0000"
    },
    "done": true
  },
  "valhelsia_structures:recipes/valhelsia_structures_main/orange_metal_framed_glass": {
    "criteria": {
      "has_ingots/iron": "2024-07-06 05:00:45 +0000"
    },
    "done": true
  },
  "smallships:recipes/transportation/oak_drakkar": {
    "criteria": {
      "in_water": "2024-07-06 04:54:38 +0000"
    },
    "done": true
  },
  "biomesoplenty:recipes/transportation/hellbark_boat": {
    "criteria": {
      "in_water": "2024-07-06 04:54:38 +0000"
    },
    "done": true
  },
  "valhelsia_furniture:recipes/valhelsia_furniture/purple_upholstered_oak_chair": {
    "criteria": {
      "has_oak_planks": "2024-07-06 04:59:25 +0000"
    },
    "done": true
  },
  "valhelsia_furniture:recipes/valhelsia_furniture/hay_crimson_chair": {
    "criteria": {
      "has_hay_block": "2024-07-06 04:58:23 +0000"
    },
    "done": true
  },
  "minecraft:adventure/adventuring_time": {
    "criteria": {
      "minecraft:wooded_badlands": "2024-07-06 04:55:27 +0000",
      "minecraft:badlands": "2024-07-06 04:53:27 +0000",
      "minecraft:desert": "2024-07-06 04:56:37 +0000"
    },
    "done": false
  },
  "minecraft:recipes/redstone/iron_door": {
    "criteria": {
      "has_iron_ingot": "2024-07-06 05:00:45 +0000"
    },
    "done": true
  },
  "smallships:recipes/transportation/dark_oak_drakkar": {
    "criteria": {
      "in_water": "2024-07-06 04:54:38 +0000"
    },
    "done": true
  },
  "securitycraft:recipes/securitycraft/whitelist_module": {
    "criteria": {
      "has_iron": "2024-07-06 05:00:45 +0000"
    },
    "done": true
  },
  "aether:recipes/tools/iron_axe_repairing": {
    "criteria": {
      "has_iron_axe": "2024-07-06 05:01:00 +0000"
    },
    "done": true
  },
  "minecraft:recipes/decorations/barrel": {
    "criteria": {
      "has_planks": "2024-07-06 04:59:25 +0000"
    },
    "done": true
  },
  "minecraft:recipes/decorations/smithing_table": {
    "criteria": {
      "has_iron_ingot": "2024-07-06 05:00:45 +0000"
    },
    "done": true
  },
  "minecraft:recipes/redstone/oak_door": {
    "criteria": {
      "has_planks": "2024-07-06 04:59:25 +0000"
    },
    "done": true
  },
  "aether:recipes/decorations/skyroot_chest": {
    "criteria": {
      "has_lots_of_items": "2024-07-06 05:01:30 +0000"
    },
    "done": true
  },
  "smallships:recipes/misc/sail": {
    "criteria": {
      "in_water": "2024-07-06 04:54:38 +0000"
    },
    "done": true
  },
  "securitycraft:recipes/securitycraft/motion_activated_light": {
    "criteria": {
      "has_stick": "2024-07-06 04:54:00 +0000"
    },
    "done": true
  },
  "smallships:recipes/transportation/mangrove_galley": {
    "criteria": {
      "in_water": "2024-07-06 04:54:38 +0000"
    },
    "done": true
  },
  "valhelsia_furniture:recipes/valhelsia_furniture/white_oak_chair": {
    "criteria": {
      "has_oak_planks": "2024-07-06 04:59:25 +0000"
    },
    "done": true
  },
  "minecraft:recipes/transportation/jungle_boat": {
    "criteria": {
      "in_water": "2024-07-06 04:54:38 +0000"
    },
    "done": true
  },
  "securitycraft:recipes/securitycraft/mine": {
    "criteria": {
      "has_iron": "2024-07-06 05:00:45 +0000"
    },
    "done": true
  },
  "aether:recipes/combat/skyroot_iron_vanilla_shield": {
    "criteria": {
      "has_iron_ingot": "2024-07-06 05:00:45 +0000"
    },
    "done": true
  },
  "minecraft:recipes/redstone/heavy_weighted_pressure_plate": {
    "criteria": {
      "has_iron_ingot": "2024-07-06 05:00:45 +0000"
    },
    "done": true
  },
  "valhelsia_furniture:recipes/valhelsia_furniture/pink_upholstered_oak_chair": {
    "criteria": {
      "has_oak_planks": "2024-07-06 04:59:25 +0000"
    },
    "done": true
  },
  "smallships:recipes/transportation/oak_galley": {
    "criteria": {
      "in_water": "2024-07-06 04:54:38 +0000"
    },
    "done": true
  },
  "valhelsia_furniture:recipes/valhelsia_furniture/red_upholstered_oak_chair": {
    "criteria": {
      "has_oak_planks": "2024-07-06 04:59:25 +0000"
    },
    "done": true
  },
  "minecraft:recipes/transportation/dark_oak_boat": {
    "criteria": {
      "in_water": "2024-07-06 04:54:38 +0000"
    },
    "done": true
  },
  "aether:recipes/combat/leather_leggings_repairing": {
    "criteria": {
      "has_leather_leggings": "2024-07-06 05:01:30 +0000"
    },
    "done": true
  },
  "player_companions:crafting/craft_lead": {
    "criteria": {
      "crafting_table": "2024-07-06 04:59:27 +0000"
    },
    "done": true
  },
  "valhelsia_furniture:recipes/valhelsia_furniture/light_blue_oak_chair": {
    "criteria": {
      "has_oak_planks": "2024-07-06 04:59:25 +0000"
    },
    "done": true
  },
  "dungeons_arise:wda_root": {
    "criteria": {
      "WDA": "2024-07-06 04:53:25 +0000"
    },
    "done": true
  },
  "smallships:recipes/transportation/mangrove_brigg": {
    "criteria": {
      "in_water": "2024-07-06 04:54:38 +0000"
    },
    "done": true
  },
  "smallships:recipes/transportation/spruce_galley": {
    "criteria": {
      "in_water": "2024-07-06 04:54:38 +0000"
    },
    "done": true
  },
  "securitycraft:recipes/securitycraft/briefcase": {
    "criteria": {
      "has_iron": "2024-07-06 05:00:45 +0000"
    },
    "done": true
  },
  "minecraft:recipes/decorations/lantern": {
    "criteria": {
      "has_iron_ingot": "2024-07-06 05:00:45 +0000"
    },
    "done": true
  },
  "valhelsia_furniture:recipes/valhelsia_furniture/green_oak_chair": {
    "criteria": {
      "has_oak_planks": "2024-07-06 04:59:25 +0000"
    },
    "done": true
  },
  "valhelsia_furniture:recipes/valhelsia_furniture/oak_table": {
    "criteria": {
      "has_oak_planks": "2024-07-06 04:59:25 +0000"
    },
    "done": true
  },
  "biomesoplenty:recipes/transportation/jacaranda_boat": {
    "criteria": {
      "in_water": "2024-07-06 04:54:38 +0000"
    },
    "done": true
  },
  "securitycraft:recipes/securitycraft/reinforced_packed_mud": {
    "criteria": {
      "has_wheat": "2024-07-06 04:59:44 +0000"
    },
    "done": true
  },
  "smallships:recipes/transportation/dark_oak_brigg": {
    "criteria": {
      "in_water": "2024-07-06 04:54:38 +0000"
    },
    "done": true
  },
  "securitycraft:recipes/securitycraft/reinforced_fence_gate": {
    "criteria": {
      "has_iron": "2024-07-06 05:00:45 +0000"
    },
    "done": true
  },
  "smallships:recipes/transportation/dark_oak_cog": {
    "criteria": {
      "in_water": "2024-07-06 04:54:38 +0000"
    },
    "done": true
  },
  "minecraft:recipes/food/cooked_chicken": {
    "criteria": {
      "has_chicken": "2024-07-06 05:02:04 +0000"
    },
    "done": true
  },
  "minecraft:recipes/decorations/soul_campfire": {
    "criteria": {
      "has_stick": "2024-07-06 04:54:00 +0000"
    },
    "done": true
  },
  "minecraft:story/smelt_iron": {
    "criteria": {
      "iron": "2024-07-06 05:00:45 +0000"
    },
    "done": true
  },
  "valhelsia_furniture:recipes/valhelsia_furniture/hay_birch_chair": {
    "criteria": {
      "has_hay_block": "2024-07-06 04:58:23 +0000"
    },
    "done": true
  },
  "securitycraft:recipes/securitycraft/disguise_module": {
    "criteria": {
      "has_iron": "2024-07-06 05:00:45 +0000"
    },
    "done": true
  },
  "valhelsia_furniture:recipes/valhelsia_furniture/yellow_oak_chair": {
    "criteria": {
      "has_oak_planks": "2024-07-06 04:59:25 +0000"
    },
    "done": true
  },
  "DataVersion": 3120
}